"player_id","team","player","position","pos_purity","minutes","passes_p90","passes_completed_p90","long_passes_p90","key_passes_p90","assists_p90","carries_p90","shots_p90","goals_p90","xg_p90","dribbles_p90","dribbles_completed_p90","pressures_p90","ball_recoveries_p90","interceptions_p90","clearances_p90","blocks_p90","duels_p90","tackles_p90","fouls_p90","dispossessed_p90","miscontrols_p90","ball_receipts_p90","pass_completion_pct","dribble_success_pct","avg_pass_length","mean_x","mean_y","sd_x","sd_y","f3_share","d3_share","position_group","purity6"
10030,"Sassuolo","Davide Biondini","Right Center Midfield",0.873,1153.3,39.957,27.782,6.555,0.546,0,31.528,0.546,0,0.046,0.858,0.468,22.554,4.995,0.78,1.951,1.951,3.044,1.327,1.561,0.702,1.249,40.971,0.695,0.545,19.27,64.78,56.15,24.98,20.33,0.272,0.157,"DM_CM",0.957
10031,"Sassuolo","Marcello Gazzola","Right Back",0.753,509.5,39.212,31.264,4.416,0,0.177,20.489,0.353,0,0.041,0.53,0.353,12.364,2.649,0.883,2.826,2.473,1.943,0.707,0.707,0.177,0.353,24.375,0.797,0.667,18.84,57.09,56.03,30.2,27.44,0.22,0.296,"FB",0.997
10032,"Palermo","Achraf Lazaar","Left Back",0.559,2397.8,50.934,34.194,10.134,0.638,0.038,40.612,1.088,0.038,0.022,3.003,1.652,17.153,8.896,1.126,2.44,3.303,3.753,2.402,1.501,1.802,1.576,39.523,0.671,0.55,20.41,60.22,11.77,26.84,10.13,0.255,0.235,"FB",0.989
10036,"Olympique de Marseille","Jacques-Alaixys Romao","Right Defensive Midfield",0.683,968.1,52.341,44.252,7.066,0,0.093,41.742,0.558,0.093,0.03,0.744,0.372,24.079,5.485,1.766,2.696,1.952,5.206,3.998,2.231,0.558,0.93,43.695,0.845,0.5,19.51,55.53,43.65,19.72,18.78,0.099,0.212,"DM_CM",0.985
10037,"Valencia","Danilo Barbosa da Silva","Right Center Midfield",0.359,1409.3,32.059,24.076,5.364,0.447,0,32.25,1.022,0,0.056,2.81,1.66,21.841,4.981,1.341,1.405,2.044,4.343,2.874,1.724,2.044,1.597,33.592,0.751,0.591,19.49,59.42,43.9,22.76,19.3,0.184,0.193,"DM_CM",0.963
10330,"Lille","Gadji Celi Carmen Junior Tallo","Center Forward",0.742,1169.2,24.71,19.398,1.693,0.539,0.231,30.252,2.771,0,0.199,2.694,1.77,15.241,4.696,0.154,0.77,1.232,7.159,0.462,3.002,3.387,4.08,64.891,0.785,0.657,14.45,80.79,40.08,21.91,23.42,0.535,0.053,"FW",0.862
10448,"Bordeaux","Adam Ounas","Right Wing",0.535,1271.8,33.049,23,5.025,1.415,0.071,38.922,3.114,0.354,0.256,4.671,2.618,18.47,6.652,0.778,0.354,2.052,4.317,2.335,1.698,4.246,3.68,47.131,0.696,0.561,18.62,72.22,52.75,23.94,24.22,0.392,0.101,"AM_W",0.991
10476,"Sevilla","Timothée Kolodziejczak","Left Center Back",0.96,2508.8,45.274,37.058,11.229,0.143,0,31.247,0.251,0,0.035,0.287,0.179,7.103,3.516,1.65,3.193,1.004,2.691,1.471,1.148,0.143,0.395,33.65,0.819,0.625,24.1,38.88,23.33,21.38,14.23,0.039,0.569,"CB",0.964
10499,"Norwich City","Ivo Daniel Ferreira Mendonca Pinto","Right Back",0.784,854.4,51.192,37.183,7.584,0.211,0,29.388,0,0,0,2.001,1.159,15.379,5.161,1.791,2.739,1.791,3.581,1.896,1.053,1.264,1.685,32.653,0.726,0.579,19.22,64.48,70.06,30.18,10.71,0.339,0.227,"FB",0.988
10503,"Sunderland","Billy Jones","Right Back",0.658,2125.5,35.865,24.898,5.166,0.423,0,18.801,0.55,0.042,0.077,0.72,0.508,22.103,3.938,0.805,2.498,2.837,4.87,3.43,1.651,0.805,0.677,21.341,0.694,0.706,18.98,56.98,55.97,29.05,23.88,0.234,0.312,"FB",0.962
10522,"Bastia","Mehdi Mostefa Sbaa","Center Defensive Midfield",0.417,1889.6,44.199,34.245,9.526,0.476,0,27.244,0.429,0,0.011,0.476,0.143,20.004,3.858,0.953,2.096,2,3.429,1.81,1.905,0.524,0.476,33.435,0.775,0.3,21.76,50.54,36.81,18.24,18.58,0.056,0.266,"DM_CM",0.995
10530,"Genoa","Jules Olivier Ntcham","Center Attacking Midfield",0.219,1057.1,45.551,36.866,8.259,1.533,0,45.125,1.958,0,0.078,1.873,1.362,22.818,5.96,0.426,0.511,1.022,3.235,1.788,2.554,2.384,1.788,53.043,0.809,0.727,20.59,69.53,36.19,21.81,21.71,0.338,0.097,"AM_W",0.533
10609,"Barcelona","Jérémy Mathieu","Left Center Back",0.779,1312.9,57.035,50.385,8.5,0.137,0.137,43.187,0.48,0,0.036,0.343,0.343,6.17,2.879,1.302,4.25,1.851,2.262,1.165,0.548,0.206,0.48,46.135,0.883,1,20.49,45.93,22.13,23.4,12.6,0.066,0.41,"CB",0.779
10612,"Rayo Vallecano","Yoel Rodríguez Oterino","Goalkeeper",0.999,838.8,37.982,24.356,24.892,0.107,0,19.528,0,0,0,0,0,0.107,6.223,0,0,0.107,0,0,0,0,0,16.201,0.641,0,44.54,10.21,40.67,6.57,8.59,0,0.996,"GK",0.999
10616,"Gazélec Ajaccio","Mohamed Larbi","Center Attacking Midfield",0.646,2260.2,44.717,33.647,7.287,1.672,0.119,37.39,1.672,0.319,0.163,2.31,1.274,24.21,6.53,0.478,0.518,1.394,3.464,1.672,0.916,1.593,2.787,49.814,0.752,0.552,19.08,71.41,35.46,22.89,22.38,0.375,0.095,"AM_W",0.845
106683,"Stade Malherbe Caen","Saïdi Ntibazonkiza","Left Midfield",0.493,545.1,23.278,14.363,3.632,1.651,0,29.221,2.972,0.165,0.226,3.797,1.816,20.637,6.604,0.825,0.33,3.302,4.292,2.641,1.651,2.311,4.788,38.136,0.617,0.478,18.49,71.45,26.14,26.33,23.2,0.402,0.138,"AM_W",1
10727,"Rayo Vallecano","Răzvan Dincă Raț","Left Back",1,767.2,67.104,47.278,16.776,1.525,0,37.071,0.939,0,0.023,0.939,0.587,8.212,3.402,2.464,3.167,1.525,2.933,0.821,1.29,0.352,0.235,46.222,0.705,0.625,22.35,63.22,10.44,26.93,9.94,0.293,0.211,"FB",1
10736,"Napoli","Vlad Iulian Chiricheș","Left Center Back",0.74,716.5,62.928,58.406,9.295,0,0,47.604,0.628,0.126,0.066,0.628,0.377,7.536,5.024,1.256,4.271,1.13,3.768,1.005,1.256,0.628,0.502,50.619,0.928,0.6,19.01,44.77,32.17,18.3,16.78,0.021,0.381,"CB",1
10746,"Nantes","Ermir Lenjani","Left Back",0.627,1501.7,38.655,24.632,10.668,1.438,0.06,25.171,1.259,0.06,0.083,0.959,0.479,9.169,4.315,0.539,1.858,1.678,2.517,1.019,1.378,1.079,0.899,29.606,0.637,0.5,23.2,62.75,14.55,28.82,15.31,0.306,0.238,"FB",0.627
10755,"Las Palmas","Jonathan Viera Ramos","Left Wing",0.3,3206.5,54.9,43.449,6.764,1.824,0.253,53.694,2.47,0.281,0.278,3.817,2.021,18.356,4.687,0.842,0.421,1.375,3.256,1.403,0.898,2.414,2.414,65.706,0.791,0.529,17.09,71.58,27.58,21.88,20.84,0.365,0.088,"AM_W",0.612
10763,"Eibar","Asier Riesgo Unamuno","Goalkeeper",1,3166.8,30.296,14.381,27.909,0.028,0,12.619,0,0,0,0,0,0.085,5.997,0,0.171,0,0,0,0.028,0,0.028,8.583,0.475,0,57.33,10.94,40.91,7.77,8.19,0,0.994,"GK",1
10779,"Manchester United","Cameron Borthwick-Jackson","Left Back",0.906,732.8,59.446,46.427,7.861,0.737,0.123,39.057,0.123,0,0.002,0.86,0.614,13.142,3.685,1.842,1.72,2.211,4.913,1.351,1.105,0.86,0.983,40.654,0.781,0.714,18.26,63.02,10.31,28.14,9.62,0.315,0.222,"FB",1
10783,"Sunderland","Lee Cattermole","Right Center Midfield",0.276,2318.9,37.648,28.294,8.888,0.776,0,25.577,0.388,0,0.026,0.737,0.543,17.077,4.929,1.397,1.475,1.824,3.338,2.212,1.824,0.893,0.582,29.924,0.752,0.737,22.17,57.52,41.23,21.39,18.33,0.156,0.212,"DM_CM",1
10802,"Valencia","André Filipe Tavares Gomes","Left Center Midfield",0.57,2454.5,49.207,39.637,7.517,0.843,0.11,49.5,1.54,0.11,0.088,4.143,2.53,21.12,6.27,0.843,0.55,1.723,4.987,1.54,2.347,3.117,2.347,59.07,0.806,0.611,18.83,65.72,33.79,21.68,21.28,0.251,0.116,"DM_CM",0.765
10805,"AS Monaco","Ricardo Alberto Silveira de Carvalho","Left Center Back",0.803,3009.3,42.438,37.324,9.271,0.09,0,28.292,0.239,0.06,0.019,0.06,0.06,7.118,3.14,1.196,4.187,2.064,2.961,1.406,0.778,0.06,0.12,29.937,0.879,1,22.6,39.95,31.05,18.54,16.83,0.025,0.517,"CB",1
10868,"Málaga","Ricardo Jorge Luz Horta","Left Midfield",0.434,824.2,32.651,25.225,4.04,0.764,0,32.979,1.966,0,0.122,3.167,1.747,18.783,4.15,1.31,0.874,2.184,5.023,1.638,2.184,1.966,1.529,40.623,0.773,0.552,16.95,71.59,31.64,26.59,24.3,0.415,0.142,"AM_W",0.943
10881,"Genoa","Diogo José Rosário Gomes Figueiras","Right Wing Back",0.75,563.7,42.151,31.613,3.992,0.16,0,31.613,0.798,0.16,0.022,1.118,0.639,18.681,4.151,1.756,2.395,2.076,2.555,2.235,2.076,1.118,0.479,34.168,0.75,0.571,17.91,61.68,68.54,29.29,9.42,0.293,0.238,"FB",0.975
10919,"AC Milan","Juraj Kucka","Right Center Midfield",0.503,2166.8,42.575,31.402,5.898,1.163,0.083,39.044,2.118,0.042,0.154,3.24,1.62,24.714,5.898,1.495,1.952,2.492,5.317,3.24,2.824,1.745,2.409,44.029,0.738,0.5,18.48,63.64,50.48,24.47,20.13,0.267,0.171,"DM_CM",0.967
10931,"Liverpool","Joe Allen","Left Center Midfield",0.463,788,47.172,39.634,6.282,1.371,0.114,38.491,1.371,0.228,0.243,1.827,1.028,24.328,6.967,2.17,1.142,1.599,5.825,2.97,1.599,1.713,1.256,46.258,0.84,0.563,18.87,62.21,33.7,23.99,18.71,0.226,0.188,"DM_CM",0.791
10936,"Nantes","Lorik Agim Cana","Left Center Back",0.909,1831.9,37.485,29.526,12.577,0.098,0,23.483,0.442,0,0.02,0.295,0.197,8.696,3.734,0.983,5.895,1.867,3.636,1.326,1.179,0.246,0.246,24.466,0.788,0.667,26.33,39.58,29.78,19.9,14.9,0.039,0.547,"CB",0.997
10955,"Tottenham Hotspur","Harry Kane","Center Forward",1,3486.6,25.942,18.585,3.407,1.007,0.026,26.432,4.078,0.645,0.558,2.478,1.446,12.674,4.466,0.31,0.8,1.6,6.298,0.826,1.136,2.375,2.736,54.388,0.716,0.583,17.14,80.51,36.02,21.38,21.84,0.532,0.034,"FW",1
10956,"Tottenham Hotspur","Eric Dier","Right Defensive Midfield",0.645,3395.3,55.957,46.812,10.974,0.504,0.053,39.867,0.795,0.08,0.055,0.345,0.239,15.957,3.393,1.14,2.545,1.882,4.771,2.147,1.564,0.875,0.345,46.361,0.837,0.692,21.33,55.03,43.85,19.76,19.56,0.096,0.229,"DM_CM",0.965
10958,"Manchester United","Chris Smalling","Right Center Back",0.772,3288.1,41.66,35.036,10.538,0.137,0.027,28.165,0.575,0,0.047,0.219,0.192,11.305,3.613,1.314,6.624,1.588,4.243,1.971,1.286,0.219,0.246,29.342,0.841,0.875,23.81,43.51,45.23,20.58,17.2,0.044,0.451,"CB",1
10960,"Leicester City","Jamie Vardy","Left Center Forward",0.699,3307.1,18.478,11.593,1.714,0.98,0.136,16.519,3.211,0.653,0.607,2.068,1.061,13.417,2.64,0.245,0.245,1.306,6.15,1.143,1.197,1.333,2.232,46.482,0.627,0.513,15.54,83.58,38.39,21.57,21.59,0.604,0.031,"FW",1
10966,"Norwich City","Wes Hoolahan","Center Attacking Midfield",0.632,2042.8,51.988,41.326,6.521,1.674,0.308,49.653,1.146,0.176,0.156,2.511,1.454,20.663,7.093,0.661,0.264,1.806,2.908,1.41,0.969,2.555,1.983,58.421,0.795,0.579,16.74,72.03,38.83,23.71,23.5,0.402,0.109,"AM_W",0.863
10967,"Norwich City","Robert Brady","Left Back",0.544,3115.2,46.456,29.353,12.192,1.473,0.058,32.617,1.56,0.087,0.09,2.282,1.387,15.312,4.969,1.3,2.427,1.907,4.074,2.745,1.473,1.098,1.531,35.477,0.632,0.608,22.42,65.9,18.24,29.72,19.43,0.359,0.224,"FB",0.621
11012,"West Bromwich Albion","Jonathan Grant Evans","Left Center Back",0.448,2712.5,36.531,26.411,10.286,0.166,0.033,22.032,0.299,0.033,0.067,0.73,0.564,11.845,5.309,1.759,5.143,2.289,4.247,2.754,1.095,0.398,0.166,19.908,0.723,0.773,24.55,46.05,23.57,25.54,17.63,0.113,0.46,"CB",0.505
11062,"Southampton","Graziano Pellè","Center Forward",0.731,2293,34.893,22.53,4.239,1.021,0.236,26.455,3.219,0.432,0.303,1.138,0.55,10.166,2.905,0.236,1.099,0.981,5.299,0.432,1.727,2.355,3.336,60.759,0.646,0.483,15.86,80.01,38.28,21.4,19.47,0.507,0.041,"FW",0.945
11094,"Barcelona","Arda Turan","Left Center Midfield",0.589,841.4,66.745,61.289,5.134,0.642,0.321,65.461,0.856,0.214,0.128,3.102,2.353,19.253,7.487,0.535,0.214,2.46,4.492,2.674,2.46,2.674,1.604,66.531,0.918,0.759,15.2,69.75,39.06,24.25,23.94,0.352,0.117,"DM_CM",0.922
11117,"Aston Villa","Scott Sinclair","Left Wing",0.424,1671.4,19.062,15.346,0.915,0.215,0,25.146,0.915,0.108,0.168,3.338,1.777,11.039,3.446,0.377,0.108,1.454,2.531,0.915,0.269,2.585,3.5,37.316,0.805,0.532,13.52,74.06,37.85,25.8,24.74,0.446,0.109,"AM_W",0.754
11124,"Norwich City","Steven Whittaker","Right Back",1,752.3,48.928,35.171,9.331,0.359,0,31.223,0.957,0.12,0.048,1.316,0.718,11.365,3.948,0.12,3.11,3.11,3.469,2.273,1.196,0.718,0.598,34.453,0.719,0.545,20.03,63.11,68.55,28.66,10.58,0.304,0.233,"FB",1
11183,"Inter Milan","Alex Nicolao Telles","Left Back",0.889,1631.1,64.778,49.052,10.539,1.324,0.055,44.528,0.717,0,0.019,2.042,1.214,12.415,5.463,1.931,2.704,2.262,3.807,2.262,1.655,0.607,0.607,45.631,0.757,0.595,19.76,59.96,11.51,27.6,11.56,0.251,0.245,"FB",1
11298,"Rayo Vallecano","José Ignacio Martínez García","Left Back",0.736,1750.9,57.004,41.584,11.154,0.514,0,32.177,0.771,0,0.029,0.874,0.411,16.14,3.598,1.902,2.416,2.673,4.883,2.416,1.748,0.617,0.617,36.033,0.729,0.471,20.97,55.92,24.84,27.13,25.24,0.214,0.294,"FB",0.957
11332,"Lille","Ibrahim Amadou","Center Defensive Midfield",0.792,1751.2,43.788,35.719,8.377,0.257,0,32.841,0.668,0.051,0.055,0.617,0.308,18.451,4.625,1.542,3.443,2.159,5.345,2.929,1.49,0.822,0.565,35.462,0.816,0.5,21.1,50.24,38.65,20.11,19.47,0.07,0.302,"DM_CM",0.909
11339,"Hellas Verona","Paweł Wszołek","Right Midfield",0.564,1919.5,28.835,20.114,3.329,1.36,0.234,28.882,0.563,0,0.06,2.813,1.922,16.832,5.626,0.844,0.75,1.688,3.985,1.36,2.344,2.438,2.485,39.948,0.698,0.683,16.25,73.24,58.52,28.55,21.65,0.444,0.139,"AM_W",0.944
11342,"Hellas Verona","Eros Pisano","Right Back",0.78,3029.8,46.697,31.814,12.654,0.713,0,29.438,0.683,0.149,0.09,0.802,0.475,9.09,4.367,1.129,3.327,2.614,3.178,1.812,1.337,0.921,0.446,32.349,0.681,0.593,23.42,56.18,61.96,29.31,20.87,0.239,0.321,"FB",0.953
11386,"Arsenal","Santiago Cazorla González","Left Defensive Midfield",0.431,1352.4,86.515,75.068,14.042,2.396,0.2,72.539,1.597,0,0.119,2.995,2.329,12.312,7.919,0.732,1.131,1.93,2.263,1.664,1.198,1.398,0.732,76.333,0.868,0.778,19.44,64.4,37.18,23.71,19.63,0.272,0.153,"DM_CM",0.943
11427,"Lazio","Filip Đorđević","Center Forward",0.806,1366.9,22.255,15.671,1.449,0.724,0.132,18.304,1.317,0.198,0.189,0.658,0.263,22.65,3.292,0.329,1.251,1.317,5.267,0.658,1.646,0.922,3.16,52.543,0.704,0.4,13.9,79.45,42.36,23.52,20.23,0.519,0.061,"FW",0.969
11494,"Hellas Verona","Luca Siligardi","Left Midfield",0.448,1467.7,34.277,21.891,6.071,1.656,0,32.438,2.821,0.123,0.144,3.189,1.533,23.301,5.641,0.797,0.491,3.127,4.108,1.962,1.349,2.085,2.207,45.989,0.639,0.481,18.78,74.44,29.31,26.65,24.39,0.471,0.129,"AM_W",0.908
11497,"Inter Milan","Jonathan Ludovic Biabiany","Right Midfield",0.45,924.1,36.229,27.269,4.188,1.558,0.097,36.619,1.948,0.097,0.128,4.48,2.63,18.309,4.48,0.487,0.584,2.24,5.064,2.63,0.877,1.656,2.824,47.332,0.753,0.587,17.43,73.48,61.43,26.73,18.56,0.443,0.115,"AM_W",0.819
11499,"Carpi","Riccardo Gagliolo","Left Center Back",0.713,2764.1,36.891,25.071,9.508,0.326,0,23.541,0.488,0.033,0.031,0.716,0.456,14.88,5.991,2.279,5.372,2.442,4.298,3.158,1.563,0.326,0.358,20.969,0.68,0.636,23.33,43.17,20.63,23.8,14.51,0.072,0.463,"CB",0.713
11502,"Carpi","Antonio Di Gaudio","Left Midfield",0.761,1582.5,22.294,15.242,2.502,0.569,0.171,28.55,2.047,0.171,0.182,3.526,1.877,17.858,4.436,0.455,0.853,1.308,2.73,0.796,0.91,2.161,3.412,44.531,0.684,0.532,15.78,76.08,18.11,25.7,15.51,0.454,0.098,"AM_W",0.915
11508,"Empoli","Łukasz Skorupski","Goalkeeper",1,2920.1,27.308,20.065,14.239,0,0,10.079,0.031,0,0.007,0,0,0.092,4.562,0,0,0.031,0,0,0,0,0,8.445,0.735,0,36.48,8.52,39.92,6.77,7.73,0.001,0.997,"GK",1
11512,"Empoli","Rade Krunić","Center Attacking Midfield",0.846,567.3,26.651,20.306,1.745,0.952,0,29.189,1.11,0.159,0.144,1.904,0.793,26.334,3.807,0.635,0.952,2.221,3.966,2.062,1.428,2.697,2.538,43.784,0.762,0.417,13.49,70.52,43.85,23.42,20.81,0.358,0.108,"AM_W",0.846
11516,"Fiorentina","Manuel Pasqual","Left Back",0.507,1078.5,63.341,49.154,10.098,1.753,0.167,42.227,0.417,0,0.007,0.417,0.167,13.853,4.173,0.835,1.085,1.753,2.42,1.836,1.168,0.918,1.085,49.321,0.776,0.4,19.89,62.5,10.1,28.02,10.08,0.286,0.232,"FB",0.995
11537,"Sporting Gijón","Alberto García Cabrera","Goalkeeper",1,566.4,32.735,16.209,24.79,0,0,13.348,0,0,0,0,0,0,4.926,0,0,0.159,0,0,0,0,0,10.17,0.495,0,53.67,9.86,39.96,7.51,8.09,0,0.994,"GK",1
11539,"Rayo Vallecano","Adrián Embarba Blázquez","Right Wing",0.391,1896.1,36.121,22.783,6.93,1.139,0.19,35.694,1.899,0.095,0.165,3.323,1.424,16.755,5.079,1.282,1.139,1.519,5.743,2.136,1.471,2.943,2.943,45.661,0.631,0.429,18.62,74.22,43.51,27.88,28.04,0.456,0.129,"AM_W",0.879
11540,"Toulouse","Óscar Guido Trejo","Center Attacking Midfield",0.306,2261.1,51.824,36.977,8.199,1.99,0.159,47.605,1.712,0.159,0.126,3.98,2.229,27.066,7.642,0.677,0.279,1.314,5.493,3.025,2.309,4.02,4.299,58.79,0.714,0.56,17.59,69.35,37,23.32,22.87,0.331,0.115,"AM_W",0.799
11542,"Rayo Vallecano","Javier Guerra Rodríguez","Center Forward",0.674,2156.4,27.671,19.908,1.962,1.002,0,24.499,2.963,0.501,0.455,1.962,0.918,15.609,2.588,0.417,0.376,1.461,7.554,0.96,1.962,2.337,2.629,53.506,0.719,0.468,14.18,77.16,38.65,22.9,21.91,0.443,0.046,"FW",0.954
11543,"Rayo Vallecano","José Antonio Dorado Ramírez","Left Center Back",0.846,492.2,49.555,40.229,10.606,0.549,0,31.817,0.183,0,0.008,0.549,0.366,7.314,1.829,1.097,2.377,2.194,3.291,1.646,1.463,0,0.549,36.389,0.812,0.667,22.25,40.24,22.29,18.62,14.85,0.025,0.508,"CB",0.943
11602,"Empoli","Raffaele Maiello","Center Defensive Midfield",0.895,508.9,66.846,54.644,10.08,1.238,0,50.93,0.884,0,0.021,0.707,0.354,22.282,7.427,1.592,1.768,3.183,3.714,2.653,1.415,1.061,0.531,56.943,0.817,0.5,19.13,54.61,38.81,18.96,18.98,0.074,0.248,"DM_CM",0.971
11603,"AS Monaco","Mario Pašalić","Right Center Midfield",0.549,1038.1,38.233,29.997,4.508,0.607,0,30.431,1.734,0.26,0.202,1.3,0.954,26.269,4.248,1.04,0.954,2.167,4.855,1.387,1.561,1.04,1.821,43.435,0.785,0.733,18.05,63.69,42.22,22.57,18.96,0.237,0.141,"DM_CM",0.799
11608,"Frosinone","Danilo Soddimo","Left Midfield",0.614,1880,40.835,26.282,8.186,1.771,0.096,39.542,2.058,0.048,0.068,4.883,2.25,20.202,8.856,1.532,0.67,2.537,4.308,2.394,2.011,2.441,3.255,45.335,0.644,0.461,20.49,68.85,25.8,27.54,22.27,0.381,0.171,"AM_W",0.938
11634,"Real Betis","Cristiano Piccini","Right Back",0.992,1471.6,51.556,39.202,6.238,0.795,0,36.266,0.856,0,0.028,2.997,1.59,11.681,5.504,1.957,2.752,2.018,3.914,2.936,1.835,2.141,1.162,33.942,0.76,0.531,18.11,62.63,68.3,29.15,10.76,0.289,0.226,"FB",0.992
11643,"Chievo","Riccardo Meggiorini","Right Center Forward",0.504,1701.3,23.594,14.178,1.852,0.899,0.317,18.939,2.063,0.265,0.147,1.693,0.635,22.854,3.227,0.423,0.635,2.751,5.925,1.164,2.804,1.164,2.751,54.171,0.601,0.375,14.99,78.23,42.29,22.91,21.75,0.478,0.058,"FW",0.891
11675,"Getafe","Moisés Gómez Bordonado","Right Center Midfield",0.237,972,39.817,32.409,5.926,0.463,0.278,38.15,1.482,0.185,0.1,2.871,1.945,19.445,6.482,1.111,0.185,1.482,2.778,1.482,1.945,1.111,1.019,41.021,0.814,0.677,17.87,65.62,31.53,25.09,24.44,0.286,0.164,"DM_CM",0.587
11722,"Atalanta","Boukary Dramé","Left Back",0.818,2178.1,53.261,41.857,7.892,0.661,0,35.204,0.744,0,0.035,1.488,1.157,12.272,4.628,1.446,2.355,3.099,2.81,1.735,0.992,1.074,0.826,37.766,0.786,0.778,18.92,55.73,11.84,27.68,9.78,0.206,0.302,"FB",1
11729,"Bologna","Luca Rizzo","Right Wing",0.346,1504.2,32.848,23.754,2.692,0.718,0.12,31.771,1.077,0,0.081,2.633,1.137,23.275,5.505,1.496,1.017,2.513,3.949,1.795,2.094,2.692,2.513,42.063,0.723,0.432,16.12,67.6,41.97,25.79,25.97,0.339,0.149,"AM_W",0.722
11813,"Getafe","Emiliano Buendía","Right Back",0.429,803.2,41.009,33.838,6.051,0.56,0,36.639,1.457,0.112,0.096,2.017,1.008,22.858,7.619,2.353,1.008,1.681,5.602,3.922,2.465,2.129,1.681,36.639,0.825,0.5,18.46,61.18,53.49,26.45,21.79,0.269,0.226,"FB",0.429
11992,"Liverpool","Kevin Linford Stewart","Center Defensive Midfield",0.295,586.3,71.539,62.635,10.746,0.461,0,58.951,0.768,0,0.035,1.535,1.075,23.488,5.834,3.684,2.456,1.996,3.991,3.224,1.689,1.689,1.075,63.557,0.876,0.7,19.39,53.29,41.12,20.18,18.47,0.099,0.257,"DM_CM",0.917
12021,"Atlético Madrid","Óliver Torres Muñoz","Right Midfield",0.498,853.6,53.875,43.648,6.958,1.371,0.211,50.501,1.16,0,0.046,2.214,1.687,26.147,5.799,0.738,0.211,3.268,4.323,2.319,1.371,2.741,2.003,58.197,0.81,0.762,17.15,69.39,40.96,23.9,24.85,0.339,0.13,"AM_W",0.863
12191,"Athletic Club","Gorka Elustondo Urkola","Right Defensive Midfield",0.396,497.8,44.117,35.981,6.69,0.362,0,29.652,0.542,0.181,0.032,0.904,0.904,18.985,4.701,3.255,3.435,1.808,4.339,1.989,1.808,1.085,0.362,32.545,0.816,1,19.85,55.33,43.93,21.48,20.83,0.103,0.223,"DM_CM",0.671
12325,"Chelsea","Abdul Rahman Baba","Left Back",0.977,1072.9,54.608,43.955,5.201,0.168,0.084,38.167,0.503,0,0.031,1.09,0.755,19.713,5.285,2.097,2.936,2.349,5.201,4.026,1.51,1.007,0.755,40.432,0.805,0.692,16.87,56.71,11.32,28.24,10.34,0.221,0.301,"FB",0.979
12351,"Nantes","Alejandro Bedoya","Center Attacking Midfield",0.45,2151.4,37.776,30.204,3.514,0.962,0.126,31.166,1.924,0.126,0.225,0.795,0.46,16.692,4.058,0.628,1.004,1.548,4.853,1.632,2.134,1.13,2.092,53.589,0.8,0.579,16.24,71.38,52.47,25.2,20.79,0.382,0.111,"AM_W",0.868
12475,"Bologna","Angelo Esmael da Costa Júnior","Goalkeeper",1,473.8,28.303,18.046,18.805,0.19,0,13.107,0,0,0,0,0,0.19,3.799,0,0,0,0,0,0.19,0,0,10.637,0.638,0,44.64,8.95,40.42,6.37,9.05,0,0.995,"GK",1
12491,"Lazio","Federico Marchetti","Goalkeeper",1,2660.2,27.708,19.555,16.916,0.034,0,11.875,0,0,0,0.034,0.034,0.169,4.872,0,0.034,0,0.034,0.034,0,0.034,0,10.251,0.706,1,40.68,11.37,39.6,8.7,9.26,0,0.98,"GK",1
12608,"Aston Villa","Bradley Guzan","Goalkeeper",1,2651.9,28.508,16.494,22.806,0.034,0,12.15,0,0,0,0,0,0.068,4.751,0,0,0.034,0,0,0,0,0,9.401,0.579,0,52.02,8.83,38.91,6.67,8.67,0,0.995,"GK",1
12619,"Torino","Josef Alexander Martínez Mencia","Left Center Forward",0.572,985.5,14.064,11.142,2.009,1.187,0.091,14.156,3.196,0.274,0.455,0.913,0.639,12.786,1.461,0.183,0,0.822,4.201,1.096,1.827,0.457,1.735,36.805,0.792,0.7,17.95,75.15,39.4,22.63,15.42,0.432,0.049,"FW",0.943
12759,"Atalanta","Maximiliano Nicol Moralez","Right Wing",0.828,1414.2,50.849,38.439,7.828,2.355,0.255,44.866,1.655,0.064,0.268,1.846,0.891,25.838,4.264,0.764,0.318,2.1,3.309,1.4,1.527,2.418,2.291,69.877,0.756,0.483,17.65,76.26,49.89,24.31,24.47,0.462,0.078,"AM_W",0.964
128704,"West Ham United","Emmanuel Emenike","Center Forward",0.583,556.2,24.757,18.122,0.647,1.456,0,23.624,1.942,0,0.293,2.751,1.78,13.43,5.34,0.809,1.133,0.647,6.796,0.647,0.809,3.074,3.074,50.808,0.732,0.647,12.44,81.61,44.13,23.18,20.54,0.563,0.058,"FW",0.648
13042,"Everton","Tim Howard","Goalkeeper",1,2353.9,30.779,21.182,17.588,0,0,12.388,0,0,0,0.038,0.038,0.229,5.429,0,0.076,0.115,0,0,0.076,0,0,11.088,0.688,1,41.96,8.52,41.04,5.39,7.68,0,0.998,"GK",1
13107,"Sporting Gijón","Sergio Álvarez Díaz","Right Defensive Midfield",0.807,2271,43.592,32.972,7.213,0.515,0.079,33.328,0.198,0.079,0.017,1.308,0.991,25.244,5.508,1.664,1.823,2.417,7.371,4.478,2.655,0.872,0.594,33.13,0.756,0.758,19.9,54.87,43.95,20.79,18.74,0.103,0.22,"DM_CM",1
131849,"Stade de Reims","Antoine Conte","Right Center Back",0.639,952.3,45.743,35.819,8.789,0.189,0,31.094,0.851,0,0.025,0.567,0.284,9.262,6.049,1.134,3.497,1.796,2.457,1.701,1.134,0.662,0.378,30.716,0.783,0.5,21.43,50.81,60.7,22.62,14.32,0.092,0.305,"CB",0.639
13248,"AFC Bournemouth","Eunan O'Kane","Right Center Midfield",0.523,812.4,42.429,32.791,8.53,0.443,0.111,33.899,0.886,0,0.067,1.662,1.108,14.623,3.323,0.775,1.219,1.44,1.994,0.775,0.886,1.108,1.219,37.776,0.773,0.667,19.7,62.77,39.57,23.95,20.73,0.251,0.179,"DM_CM",0.846
13286,"Lorient","Lamine Koné","Right Center Back",0.981,1634.8,35.62,29.234,8.698,0.11,0,22.902,0.606,0,0.046,0.551,0.33,8.809,4.404,1.211,5.395,1.046,1.927,0.936,0.771,0.11,0.44,23.068,0.821,0.6,24.25,40.39,51.75,21.16,14.24,0.048,0.528,"CB",0.981
13286,"Sunderland","Lamine Koné","Right Center Back",1,1378.7,26.438,16.972,7.964,0.131,0.065,15.993,0.653,0.131,0.107,0.326,0.261,8.813,3.721,2.742,7.507,2.219,4.113,1.632,0.392,0.261,0.392,15.797,0.642,0.8,26.84,40.5,53.12,24.23,15.9,0.081,0.572,"CB",1
134561,"OGC Nice","Wallyson Teixeira Mallmann","Center Attacking Midfield",0.687,790.7,57.024,46.78,8.537,0.797,0.228,54.52,1.707,0,0.102,2.049,1.138,23.789,6.146,0.683,0.797,2.276,3.87,1.593,2.504,2.846,2.39,70.797,0.82,0.556,18.11,65.51,32.25,21,20.65,0.252,0.103,"AM_W",0.712
13613,"Frosinone","Daniel Ciofani","Center Forward",0.484,3018.4,18.129,11.241,1.372,1.044,0.03,14.133,2.296,0.268,0.241,0.984,0.477,16.22,2.654,0.119,1.282,1.103,6.47,0.388,1.938,1.312,2.982,50.957,0.62,0.485,14.95,77.9,39.79,22.56,18.16,0.457,0.045,"FW",1
13730,"Troyes","Matthieu Saunier","Left Center Back",0.923,2405.8,39.018,33.182,12.981,0.112,0,29.778,0.299,0,0.028,0.449,0.374,8.941,5.948,1.496,5.911,2.357,3.704,1.945,0.673,0.112,0.374,27.234,0.85,0.833,26.63,35.68,30.62,18.93,14.87,0.017,0.629,"CB",1
13846,"Sunderland","Jan Kirchhoff","Center Defensive Midfield",0.978,1104.4,46.369,31.7,10.35,1.059,0,33.575,0.733,0,0.082,1.304,1.141,21.025,8.068,2.934,3.749,2.282,9.127,3.993,2.2,1.385,1.222,35.612,0.684,0.875,21.55,56.55,41.42,23.23,20.79,0.159,0.245,"DM_CM",0.978
148132,"Troyes","Quentin Othon","Left Back",1,610.2,51.766,39.672,9.586,0.147,0,31.118,0.442,0.147,0.007,0,0,11.061,2.95,1.475,2.95,1.327,4.719,3.54,0.295,0.147,0.737,35.838,0.766,0,21.08,52.36,10.42,27.9,9.62,0.176,0.368,"FB",1
15296,"Marseille","Romain Alessandrini","Right Wing",0.824,488.3,35.939,23.222,7.003,0.737,0.184,37.229,4.055,0.184,0.255,5.898,1.659,17.877,4.239,0.737,0.369,1.474,3.317,1.659,0.922,2.027,2.949,50.867,0.646,0.281,18.57,72.95,56.6,25.32,22.43,0.432,0.103,"AM_W",0.958
15296,"Olympique de Marseille","Romain Alessandrini","Right Wing",0.614,848.7,38.602,26.194,5.939,0.954,0.318,40.511,3.818,0.424,0.296,4.348,1.697,16.65,6.151,0.742,0.212,1.803,2.863,1.06,1.06,1.485,3.712,54.933,0.679,0.39,18.07,76.02,52.4,24.5,24.58,0.477,0.079,"AM_W",0.99
15415,"Carpi","Matteo Mancosu","Right Center Forward",0.446,602.4,19.422,11.802,1.793,0.896,0,14.342,1.494,0.149,0.405,1.046,0.598,24.651,2.092,0.149,1.195,0.896,5.677,0.896,1.643,1.195,1.942,50.795,0.608,0.571,15.19,78.3,41.67,23.08,20.3,0.468,0.058,"FW",1
15689,"Bastia","Floyd Ayité","Center Forward",0.259,2658.8,28.536,20.852,3.656,0.982,0.068,29.551,2.336,0.237,0.192,2.776,1.286,14.725,4.468,0.372,0.271,1.76,6.601,1.117,1.862,2.471,2.945,56.631,0.731,0.463,17.17,75.13,42.45,22.54,23.6,0.421,0.069,"FW",0.51
15780,"AS Roma","Francesco Totti","Center Forward",0.565,458.5,60.262,44.951,13.152,1.963,0.589,48.092,4.318,0.981,0.65,1.57,0.785,10.011,5.3,0,0.196,0.981,3.73,1.57,1.178,2.356,2.552,71.058,0.746,0.5,21.09,78.13,43.52,20.79,21.7,0.49,0.053,"FW",0.675
15796,"Troyes","Babacar Gueye","Center Forward",0.902,628.6,25.913,19.328,1.861,0.859,0.286,18.898,2.004,0.143,0.244,0.573,0.143,18.755,2.72,0,1.002,1.718,5.011,0.43,1.289,1.145,3.007,54.833,0.746,0.25,13.47,77.58,39.9,21.89,20.09,0.439,0.035,"FW",0.951
15805,"Las Palmas","Hernán Daniel Santana Trujillo","Center Defensive Midfield",0.328,970.4,52.124,43.962,5.565,0.093,0,40.994,0.835,0.093,0.032,1.113,0.556,15.767,6.214,2.319,1.02,0.835,3.524,1.948,1.948,0.742,1.206,42.664,0.843,0.5,18.03,52.11,43.39,20.6,18.95,0.089,0.27,"DM_CM",0.788
15818,"AS Roma","Gervais Lombe Yao Kouassi","Left Wing",0.502,1113.9,26.663,21.896,1.05,0.97,0.081,31.268,2.181,0.485,0.359,3.797,2.262,11.069,3.717,0.485,0.081,1.05,1.616,0.566,0.323,1.454,1.697,46.619,0.821,0.596,14.42,80.21,40.85,22.58,25.93,0.542,0.056,"AM_W",0.766
15892,"Crystal Palace","Jordon Mutch","Center Attacking Midfield",0.402,868,37.018,26.234,7.051,0.726,0,29.656,1.659,0,0.122,1.659,1.244,21.464,4.874,1.141,0.83,1.037,5.703,2.489,1.244,1.659,2.489,39.714,0.709,0.75,19.57,69.63,38.83,26.97,24.67,0.394,0.162,"AM_W",0.56
15893,"Getafe","Víctor Rodríguez Romero","Center Attacking Midfield",0.546,2371.3,39.548,32.754,3.795,0.797,0.038,40.649,1.708,0.076,0.14,2.543,1.29,20.837,5.503,1.29,0.19,1.518,3.188,1.328,0.949,2.05,2.239,50.024,0.828,0.507,15.71,71.04,34.97,24.17,23.08,0.39,0.115,"AM_W",0.826
15959,"Sampdoria","Nenad Krstičić","Center Defensive Midfield",0.64,568.4,47.663,39.112,7.442,0.633,0.158,35.945,0.633,0,0.02,1.108,0.633,24.227,4.434,1.108,1.425,3.325,4.117,3.009,2.375,0.475,0.475,38.004,0.821,0.571,19.87,55.01,34.45,21.63,19.01,0.105,0.223,"DM_CM",1
15996,"Lille","Éderzito António Macedo Lopes","Center Forward",1,1113,26.443,19.165,1.294,0.323,0.323,23.047,2.507,0.485,0.324,1.617,0.97,13.262,1.86,0.323,1.051,1.536,8.087,0.323,2.103,1.86,4.609,67.119,0.725,0.6,13.31,77.58,42.84,21.95,22.94,0.437,0.041,"FW",1
16003,"Manchester City","Fernando Francisco Reges","Right Defensive Midfield",0.479,1798.2,45.545,40.49,7.607,0.25,0,36.236,0.801,0.1,0.138,1.101,1.001,20.82,5.055,2.302,1.802,1.952,4.755,3.053,1.652,0.751,0.601,38.087,0.889,0.909,18.91,59.92,41.32,20.44,18.06,0.147,0.168,"DM_CM",0.96
16056,"OGC Nice","Niklas Hult","Left Back",0.504,894,45.503,34.63,4.329,0.805,0,34.228,0.503,0.101,0.088,1.208,0.403,23.053,4.731,2.114,1.711,1.611,5.235,3.322,1.711,1.611,2.114,42.482,0.761,0.333,16.85,60.48,13.02,27.19,13.33,0.249,0.236,"FB",0.771
16061,"Empoli","Uroš Ćosić","Right Center Back",0.794,849.5,59.333,49.161,11.443,0.212,0,42.168,0.106,0,0.003,0.106,0.106,6.569,4.45,1.377,4.662,2.649,2.543,0.848,1.165,0.212,0,45.241,0.829,1,21.72,41.24,46.79,17.71,15.19,0.012,0.432,"CB",1
16072,"Newcastle United","Vurnon Anita","Right Center Midfield",0.332,2186.7,46.672,35.56,8.067,0.37,0.123,30.456,0.329,0.041,0.012,0.988,0.535,21.978,5.885,1.605,2.428,2.716,4.363,3.293,1.399,0.617,0.453,30.456,0.762,0.542,20,52.48,50.66,23.6,22.1,0.133,0.319,"DM_CM",0.666
16181,"Southampton","Jordy Clasie","Left Defensive Midfield",0.576,1574.4,47.332,38.014,8.918,0.572,0,31.097,0.8,0,0.031,0.629,0.343,24.752,4.573,1.658,1.772,2.058,4.116,2.401,1.372,0.686,0.4,33.612,0.803,0.545,21.22,58.12,36.51,20.86,18.15,0.145,0.182,"DM_CM",1
16202,"Torino","Nikola Maksimović","Right Center Back",0.992,1508.3,49.645,40.635,13.366,0.835,0.06,37.651,0.119,0,0.009,1.372,0.895,12.053,4.535,1.492,3.64,1.372,3.401,2.745,1.074,0.418,0.358,39.561,0.819,0.652,24.82,42.73,62.49,22.98,10.92,0.065,0.483,"CB",0.992
16271,"Bastia","Florian Raspentino","Center Forward",0.677,537.4,20.264,12.895,1.34,0.167,0,14.403,1.34,0.167,0.194,1.172,0.335,23.279,3.015,0.67,0.67,1.842,8.039,0.837,2.345,1.005,2.177,49.07,0.636,0.286,14.42,75.75,45.25,22.64,22.91,0.449,0.076,"FW",0.739
16295,"Sunderland","Dame N''Doye","Right Midfield",0.51,615.8,28.352,18.999,4.384,0.438,0,27.621,1.608,0.146,0.103,2.192,0.731,15.345,5.407,0.877,1.169,1.461,9.207,2.192,3.215,1.754,4.384,61.38,0.67,0.333,17.68,74.34,42.96,25.37,24.79,0.468,0.11,"AM_W",0.764
16308,"Empoli","Leandro Daniel Paredes","Center Defensive Midfield",0.847,2576.3,72.906,58.514,16.069,1.432,0.035,53.239,1.851,0.07,0.036,1.537,1.048,18.689,7.196,0.943,1.223,2.306,3.354,2.83,1.956,0.803,1.083,62.426,0.803,0.682,21.05,56.76,40.74,21.7,19.33,0.13,0.229,"DM_CM",1
16309,"Everton","Joel Robles Blázquez","Goalkeeper",1,1230.5,34.742,18.285,25.38,0,0,16.018,0,0,0,0.073,0.073,0.146,5.12,0,0.073,0.073,0,0,0,0,0,13.97,0.526,1,51.75,7.18,41.2,5.18,7.35,0,0.998,"GK",1
16332,"Sporting Gijón","Ognjen Vranješ","Right Back",0.943,952.3,36.291,25.234,5.198,0.095,0,18.146,0,0,0,0.567,0.378,16.728,2.93,2.552,5.103,1.796,4.82,3.497,3.024,0.473,0.378,17.957,0.695,0.667,18.97,50.85,66.41,27.66,14.09,0.159,0.369,"FB",0.943
16334,"Norwich City","Graham Dorrans","Right Center Midfield",0.401,1345.2,50.914,43.287,9.768,1.004,0.067,42.484,1.07,0,0.044,1.204,0.87,15.856,6.49,1.004,1.004,1.405,2.542,1.472,1.539,1.137,0.736,46.097,0.85,0.722,20.3,60.64,44.83,21.8,19.91,0.2,0.174,"DM_CM",0.943
16418,"Toulouse","Adrien Regattin","Right Wing",0.314,1597.7,53.456,35.938,14.871,1.972,0.169,45.232,1.859,0.056,0.056,3.267,1.239,22.25,6.872,1.07,0.62,1.803,3.549,1.69,1.408,2.591,3.323,60.216,0.672,0.379,21.95,72,42.8,25.76,27.26,0.397,0.123,"AM_W",0.774
16426,"Getafe","Wanderson Maciel Sousa Campos","Left Wing",0.287,818.5,28.809,21.222,2.859,0.77,0,36.066,2.639,0,0.135,5.168,3.409,21.002,6.048,1.1,0.77,2.199,3.629,2.199,2.419,2.419,1.979,36.836,0.737,0.66,16.49,70.26,34.32,26.92,24.46,0.398,0.148,"AM_W",0.682
16430,"Toulouse","Uroš Spajić","Left Center Back",0.68,1141.3,34.539,27.284,8.911,0,0,23.263,0.394,0,0.056,0.158,0.079,9.699,2.05,1.025,5.205,1.577,3.391,1.419,1.341,0.158,0.158,25.076,0.79,0.5,23.87,38.22,35.1,18.2,17.09,0.023,0.546,"CB",1
16453,"Inter Milan","Gary Alexis Medel Soto","Right Defensive Midfield",0.39,2513.9,64.334,56.923,13.389,0.43,0.036,47.4,0.43,0.036,0.016,0.43,0.251,18.903,6.122,1.038,2.399,1.647,3.508,2.112,0.895,0.43,0.143,52.126,0.885,0.583,21.65,52.34,41.8,20.45,17.77,0.091,0.28,"DM_CM",0.834
16456,"Espanyol","Enzo Pablo Roco Roco","Left Center Back",0.894,2573.9,34.407,27.693,11.679,0.07,0,23.497,0.385,0.07,0.035,0.28,0.21,8.427,2.622,1.783,5.14,1.678,2.168,1.119,1.364,0.35,0.28,25.071,0.805,0.75,26.37,40.04,28.36,20.83,15.61,0.043,0.547,"CB",0.988
16457,"Sunderland","Jeremain Lens","Right Wing",0.249,1392.1,30.645,17.909,8.275,0.905,0.194,32.326,1.81,0.194,0.136,4.138,2.198,20.689,4.526,0.259,0.582,1.422,4.267,2.327,1.94,3.168,2.457,43.963,0.584,0.531,23.01,72.2,39.91,25.33,25.01,0.424,0.124,"AM_W",0.825
16462,"OGC Nice","Hatem Ben Arfa","Center Attacking Midfield",0.478,2908.7,43.814,32.799,8.169,0.866,0.186,46.351,2.847,0.526,0.303,5.848,3.558,12.222,4.363,0.217,0.155,0.897,1.733,0.526,0.959,3.527,3.466,59.718,0.749,0.608,19.44,74.24,45.84,22.04,21.88,0.383,0.059,"AM_W",0.509
16503,"Rennes","Pedro Henrique Konzen Medina da Silva","Right Wing",0.369,1240.4,30.838,21.115,5.297,0.798,0.073,27.935,2.685,0.218,0.283,2.322,1.016,19.301,3.628,1.161,0.726,2.177,4.281,2.032,2.975,2.394,3.41,47.962,0.685,0.438,19.55,72.64,44.25,25.71,25.27,0.404,0.118,"AM_W",0.743
16522,"Toulouse","Tongo Hamed Doumbia","Left Center Midfield",0.347,1976.4,44.762,37.386,4.235,0.546,0.046,38.296,1.457,0.046,0.156,1.184,0.82,22.905,6.512,1.002,1.366,2.14,6.147,2.641,2.049,1.594,1.548,53.597,0.835,0.692,17.23,63.93,38.45,22.83,22.27,0.233,0.141,"DM_CM",0.862
16539,"Real Sociedad","Diego Antonio Reyes Rosales","Right Center Back",0.688,2391.7,40.603,33.303,10.837,0.188,0,26.906,0.414,0.075,0.058,0.677,0.564,9.069,3.537,2.709,4.327,1.806,4.365,2.107,0.865,0.301,0.339,27.094,0.82,0.833,23.76,43.96,48.2,21.62,17.8,0.057,0.462,"CB",0.811
16586,"Sampdoria","Fernando Lucas Martins","Center Defensive Midfield",0.562,3104.1,63.497,52.827,15.918,1.624,0.058,45.782,1.392,0.116,0.074,1.16,0.725,19.194,6.64,2.146,1.247,2.754,3.131,2.262,2.204,0.87,1.015,50.334,0.832,0.625,22.78,56.81,42.7,22.38,18.14,0.139,0.224,"DM_CM",1
16622,"Real Sociedad","Mikel González de Martín Martínez","Right Center Back",0.763,1600.7,31.824,25.245,8.096,0.056,0,20.972,0.281,0,0.016,0.337,0.281,7.815,2.811,1.799,5.847,1.855,3.261,1.574,1.181,0.169,0.056,21.197,0.793,0.833,23.72,39.71,48.19,20.16,17.44,0.035,0.537,"CB",0.998
16723,"Málaga","Egor Filipenko","Left Center Back",0.407,582,27.68,20.412,7.732,0,0,17.165,1.237,0,0.065,0,0,8.66,3.247,3.402,5.567,2.474,3.093,1.856,0.464,0.464,0.619,16.392,0.737,0,23.09,43.75,37.29,23.91,20.9,0.072,0.454,"CB",0.768
16890,"Sunderland","John O'Shea","Left Center Back",0.429,2116.2,25.986,19.053,7.613,0.043,0,13.907,0.34,0,0.019,0.043,0.043,7.868,2.467,1.318,7.443,1.318,3.02,1.361,0.978,0.17,0.085,15.523,0.733,1,24.94,39.25,38.56,21,18.69,0.045,0.58,"CB",0.988
17054,"Getafe","Emiliano Daniel Velázquez Maldonado","Right Center Back",0.784,1004.1,34.418,22.766,11.293,0.269,0.09,21.332,0.717,0.269,0.091,0.807,0.538,10.666,3.854,2.868,4.661,1.434,4.481,2.599,1.344,0.179,0.179,21.78,0.661,0.667,27,37.85,48.45,21.86,17.48,0.04,0.603,"CB",1
174418,"Frosinone","Modibo Diakité","Right Center Back",0.798,1689.8,26.151,19.919,6.817,0.213,0,15.871,0.373,0.053,0.081,0.479,0.426,9.001,3.781,0.905,6.764,2.663,2.503,1.385,1.118,0.16,0.266,16.031,0.762,0.889,24.33,38.4,48.37,22.9,16.18,0.058,0.565,"CB",1
174418,"Sampdoria","Modibo Diakité","Right Center Back",0.859,727.9,29.054,21.76,6.924,0,0,19.287,0.124,0,0.003,0.247,0.247,8.16,3.215,1.36,4.451,3.091,1.484,1.236,1.236,0.247,0.495,19.905,0.749,1,23.2,41.91,55.21,21.88,16.74,0.044,0.454,"CB",0.968
17520,"Empoli","Federico Barba","Left Center Back",1,928.7,51.461,45.355,8.141,0,0,30.915,0.291,0,0.013,0,0,5.621,3.101,0.969,6.202,1.357,1.551,0.775,1.357,0,0.194,37.021,0.881,0,20.25,41.8,28.01,18.71,12.97,0.016,0.43,"CB",1
17622,"Atlético Madrid","Jackson Arley Martínez Valencia","Left Center Forward",0.371,682.5,25.846,18.462,1.978,1.055,0.264,24.923,3.429,0.264,0.357,2.242,1.451,14.769,3.297,0.791,0.791,1.846,6.066,0.527,3.033,1.582,3.824,58.418,0.714,0.647,15.36,81.76,40.14,21,19.57,0.529,0.031,"FW",0.951
18027,"Bologna","Matteo Brighi","Left Center Midfield",0.386,1553,35.234,28.917,2.666,0.522,0,28.106,1.391,0,0.103,0.811,0.406,23.586,4.984,1.217,1.681,2.318,4.752,3.071,1.623,0.869,1.275,34.017,0.821,0.5,15.87,59.61,35.85,24.52,20.76,0.21,0.223,"DM_CM",0.984
18162,"Troyes","Chris Mavinga","Left Back",0.8,1605.7,36.881,29.314,4.932,0.336,0,26.344,0.504,0,0.043,1.009,0.729,10.537,2.634,1.177,3.699,2.298,2.915,1.906,1.345,0.561,0.561,31.108,0.795,0.722,19.19,52.15,15.53,29.64,11.84,0.192,0.381,"FB",0.8
18243,"AS Monaco","Ivan Ricardo Neves Abreu Cavaleiro","Left Wing",0.677,535.5,26.553,19.663,3.193,0.84,0,31.427,2.353,0.168,0.278,3.361,1.008,21.343,5.21,0.504,0.168,1.681,5.21,2.689,2.521,3.529,3.529,52.434,0.741,0.3,16.65,79.3,24.79,25.61,21.26,0.577,0.102,"AM_W",0.994
18398,"Sporting Gijón","Omar Mascarell González","Right Defensive Midfield",0.495,1846.6,41.475,30.266,11.112,0.39,0.049,26.854,0.536,0,0.015,0.585,0.439,21.639,4.922,2.437,1.998,3.022,4.679,2.144,2.339,0.829,0.731,28.852,0.73,0.75,22.83,56.23,42.55,20.67,18.3,0.119,0.198,"DM_CM",0.98
18404,"Rayo Vallecano","José Ángel Crespo Rincón","Left Center Back",0.873,736,50.26,41.578,11.128,0,0,33.996,0.122,0,0.003,0.245,0.122,14.552,2.323,2.69,4.036,1.59,5.748,3.179,1.834,0.489,0,38.398,0.827,0.5,22.27,37.79,25.18,18.61,16.33,0.018,0.552,"CB",1
18407,"Espanyol","José Alberto Cañas Ruiz Herrera","Left Defensive Midfield",0.833,722.9,49.429,39.967,11.081,0.374,0,36.854,0,0,0,0.498,0.498,16.808,5.478,1.868,1.494,2.49,3.362,1.494,1.868,0.872,0.374,36.356,0.809,1,21.51,52.28,34.1,18.75,17.94,0.076,0.244,"DM_CM",0.99
18414,"Manchester United","Bastian Schweinsteiger","Left Defensive Midfield",0.581,1253.4,77.983,66.35,11.848,0.646,0,63.981,0.862,0.072,0.099,1.652,1.221,17.449,6.319,0.718,1.652,2.154,5.673,3.016,1.795,1.867,1.364,72.023,0.851,0.739,19.72,62.8,29.95,21.47,19.02,0.212,0.149,"DM_CM",0.94
186264,"Real Betis","Foued Kadir","Right Wing",0.462,488.8,52.842,39.585,6.076,1.289,0,51.001,1.841,0,0.066,3.314,2.394,16.755,6.628,1.657,1.105,3.13,4.419,1.657,1.289,3.682,2.209,60.391,0.749,0.722,16.43,70.56,62.88,26.17,14.86,0.371,0.123,"AM_W",0.969
18672,"Aston Villa","Mark Bunn","Goalkeeper",1,941.1,25.82,12.528,22.473,0,0,7.65,0,0,0,0,0,0.191,4.686,0.096,0,0.096,0,0,0.096,0,0,4.686,0.485,0,55.63,9.26,40.97,7.93,9.08,0,0.982,"GK",1
18721,"Granada","Robert Ibáñez Castro","Right Wing",0.493,733.9,24.526,19.498,2.085,0.858,0.123,30.535,1.226,0,0.071,2.575,1.349,16.31,6.745,0.736,0.613,1.962,3.066,2.085,0.981,4.415,3.434,39.364,0.795,0.524,13.91,72.26,48.59,28.25,24.74,0.438,0.151,"AM_W",0.906
18724,"Valencia","Sofiane Feghouli","Right Wing",0.846,1321.5,39.023,24.449,7.423,1.907,0.068,35.686,1.634,0.068,0.182,2.792,0.953,12.531,4.699,0.749,0.545,1.975,2.792,1.022,1.362,1.022,2.111,49.783,0.627,0.341,19.82,74.34,63.02,25.75,14.44,0.437,0.103,"AM_W",0.963
18751,"Sunderland","Jack Rodwell","Left Center Midfield",0.638,1254.3,33.15,24.898,5.884,1.005,0,23.248,1.937,0.072,0.182,0.861,0.574,13.92,3.659,0.574,1.363,1.22,3.516,1.65,1.65,0.861,0.718,32.073,0.751,0.667,19.43,61.46,31.53,23.81,17.44,0.225,0.173,"DM_CM",0.87
18867,"Villarreal","Matías Nahuel Leiva Esquivel","Right Midfield",0.651,1046,32.437,22.198,4.646,1.032,0.086,33.47,0.86,0,0.083,3.614,1.721,18.585,4.904,1.205,0.602,1.893,4.302,1.635,2.065,2.409,2.323,41.3,0.684,0.476,17.64,70.94,51.52,25.61,24.36,0.379,0.127,"AM_W",0.842
18868,"Lyon","Mathieu Valbuena","Center Attacking Midfield",0.584,1880.9,63.113,49.428,12.058,3.11,0.239,56.271,1.962,0.048,0.121,2.68,1.818,16.652,4.976,0.191,0.096,1.244,3.78,1.196,1.483,3.349,2.823,72.635,0.783,0.679,18.68,78.58,36.31,20.79,24.86,0.479,0.04,"AM_W",0.974
18872,"Liverpool","Martin Škrtel","Right Center Back",0.847,1978.5,52.13,45.716,10.189,0.227,0,35.936,0.455,0.045,0.023,0.091,0.091,6.186,3.821,1.092,8.779,1.729,2.775,1.41,0.955,0.091,0.227,39.12,0.877,1,22.48,40.44,51.29,19.08,14,0.03,0.505,"CB",1
18874,"Olympique de Marseille","Mauricio Aníbal Isla Isla","Right Defensive Midfield",0.506,1504.4,59.647,49.835,8.495,1.017,0.06,46.366,0.359,0,0.042,0.479,0.419,19.563,5.145,1.436,1.017,1.795,4.726,3.051,0.897,0.778,0.538,49.177,0.836,0.875,18.84,57.86,48.74,22.33,20.29,0.171,0.201,"DM_CM",0.778
18925,"Sporting Gijón","Ignacio Cases Mora","Left Defensive Midfield",0.747,2089.9,41.472,33.849,6.244,0.258,0,31.308,0.947,0.043,0.047,1.077,0.732,19.551,5.555,1.335,1.077,1.55,4.134,2.11,2.239,0.947,0.603,34.323,0.816,0.68,18.77,59.3,34.08,22.31,18.57,0.187,0.19,"DM_CM",1
18946,"Chievo","Paul-José M''Poku Ebunge","Center Attacking Midfield",0.413,825.6,41.425,30.088,5.451,1.853,0,41.97,1.962,0,0.101,3.27,2.071,15.698,6.868,0.436,0.218,1.09,3.815,0.872,1.308,3.379,3.27,58.322,0.726,0.633,17.52,71.75,32.07,24.01,21.68,0.366,0.104,"AM_W",0.72
18953,"AS Monaco","Vágner Silva de Souza","Center Forward",0.762,801.1,22.58,15.615,2.359,0.786,0,25.726,2.808,0.449,0.847,3.37,1.011,19.21,4.381,0.112,1.573,2.134,5.505,1.236,1.011,4.044,3.482,56.169,0.692,0.3,16.22,77.82,37.42,23.33,19.52,0.467,0.046,"FW",0.961
19047,"AS Monaco","Fábio Alexandre da Silva Coentrão","Left Back",0.88,1126.5,56.085,41.784,9.987,0.719,0.16,38.349,0.799,0.24,0.061,1.678,0.879,13.582,4.554,1.119,1.997,2.477,4.075,1.917,1.518,0.639,1.518,44.9,0.745,0.524,20.43,63.51,11.22,27.11,10.8,0.278,0.193,"FB",0.88
19286,"Lazio","Miroslav Klose","Center Forward",0.801,1423.8,20.037,12.958,2.212,0.569,0.379,16.181,1.896,0.442,0.367,1.833,0.759,14.664,2.655,0.442,1.075,1.011,3.729,0.822,1.58,0.885,2.212,46.838,0.647,0.414,16.14,77.78,41.93,24.2,18.37,0.467,0.06,"FW",0.938
19288,"Manchester City","Martín Gastón Demichelis","Right Center Back",0.433,1083.2,47.11,40.547,7.81,0.332,0,33.401,0.415,0,0.025,0.499,0.415,9.887,3.656,2.16,6.232,1.579,3.573,1.911,1.08,0.166,0.332,34.647,0.861,0.833,20.61,47.93,41.77,21.25,18.3,0.057,0.37,"CB",0.838
19299,"AS Roma","Maicon Douglas Sisenando","Right Back",0.941,1046.8,72.22,58.464,8.942,0.774,0.172,54.423,0.946,0.086,0.069,1.29,1.118,10.059,5.588,0.688,1.977,2.063,2.063,1.462,1.032,0.774,0.688,58.722,0.81,0.867,17.65,66.71,69.66,26.39,9.71,0.337,0.168,"FB",1
19362,"Aston Villa","Rudy Gestede","Center Forward",0.592,1812.6,29.494,17.279,1.092,0.546,0.05,14.3,3.128,0.248,0.26,0.993,0.645,9.434,1.936,0.149,1.192,1.39,7.547,0.497,1.241,1.142,3.078,51.44,0.586,0.65,13.57,77.59,40.17,21.92,20.04,0.446,0.05,"FW",0.874
19431,"Málaga","Fernando Damián Tissone","Right Defensive Midfield",0.693,1090.7,46.126,35.317,10.232,0.99,0,34.079,0.66,0,0.019,1.238,0.908,13.368,5.611,2.228,1.485,1.073,2.971,1.815,2.888,0.578,0.743,34.739,0.766,0.733,22.1,55.47,44.16,21.41,18.94,0.138,0.227,"DM_CM",1
19454,"Granada","Ricardo Miguel Moreira da Costa","Left Center Back",0.999,1298.4,31.401,25.578,10.744,0.069,0,19.478,0.624,0.069,0.054,0.069,0.069,6.724,2.287,0.832,4.922,1.664,2.911,1.317,1.109,0.069,0.208,22.39,0.815,1,26.11,40.59,29.64,21.74,12.97,0.056,0.529,"CB",1
19668,"Atlético Madrid","Augusto Matías Fernández","Left Defensive Midfield",0.527,868.6,43.002,36.681,5.285,0.104,0,35.23,0.414,0,0.017,1.451,1.036,25.283,5.492,3.834,0.725,1.243,5.803,3.938,1.865,0.207,0.622,33.054,0.853,0.714,17.96,54.83,34.83,19.84,19.76,0.1,0.228,"DM_CM",0.985
19668,"Celta Vigo","Augusto Matías Fernández","Center Defensive Midfield",0.491,1388,69.058,61.666,9.532,0.324,0.065,56.867,0.584,0.065,0.044,1.167,0.778,22.76,7.327,2.853,1.816,2.205,5.317,3.891,2.399,1.297,0.584,56.413,0.893,0.667,19.72,55.16,39.71,18.9,16.74,0.082,0.206,"DM_CM",1
19677,"Real Madrid","Karim Benzema","Center Forward",1,2018.6,30.631,23.854,2.631,1.427,0.223,29.338,4.369,1.07,0.776,2.185,1.204,10.077,2.898,0.268,0.58,0.669,2.274,0.535,0.758,1.427,1.427,48.287,0.779,0.551,14.88,82.53,36.6,21.15,19.69,0.57,0.032,"FW",1
19688,"Crystal Palace","Jason Puncheon","Center Attacking Midfield",0.36,2705.2,46.843,34.8,9.781,1.797,0.1,40.788,1.763,0.067,0.119,2.761,1.73,19.163,7.718,0.632,0.765,1.364,3.527,1.896,1.431,1.763,2.029,43.716,0.743,0.627,20.39,69.14,40.47,25.15,24.17,0.341,0.133,"AM_W",0.824
19813,"Olympique de Marseille","Rolando Jorge Pires da Fonseca","Left Center Back",0.807,1284.6,52.125,45.259,13.101,0.07,0,39.794,0.49,0.07,0.045,0.28,0.07,8.407,3.923,1.962,4.484,1.471,2.943,1.541,0.981,0.14,0.42,41.546,0.868,0.25,24.8,39.3,32.54,18.15,15.66,0.024,0.558,"CB",1
19846,"Udinese","Antonio Di Natale","Right Center Forward",0.398,1207.6,25.713,15.95,6.559,1.64,0.224,17.291,2.46,0.149,0.35,0.596,0.373,8.795,2.161,0.149,0.149,0.745,1.267,0.298,0.373,0.671,1.64,45.389,0.62,0.625,21.48,85.2,39.55,20.73,18.46,0.633,0.029,"FW",0.993
19847,"Atalanta","Alessandro Diamanti","Center Attacking Midfield",0.592,892.5,60.804,39.326,18.251,2.118,0.101,55.964,2.42,0.101,0.15,2.924,1.613,16.336,7.059,0.202,0.303,1.109,3.025,1.311,2.218,3.428,2.924,74.518,0.647,0.552,23.56,73.08,45.31,24.18,25.25,0.415,0.088,"AM_W",0.986
19850,"Sampdoria","Antonio Cassano","Center Forward",0.493,1279.7,57.249,38.048,8.651,2.321,0.211,50.778,1.266,0.141,0.179,1.618,0.703,10.198,4.009,0.141,0.141,0.633,1.899,0.563,0.703,2.391,2.391,75.816,0.665,0.435,17.38,79.95,37.68,19.79,22.17,0.509,0.033,"FW",0.777
20004,"Juventus","Paul Pogba","Left Center Midfield",0.811,3142.3,51.153,40.985,8.793,1.232,0.286,52.7,3.552,0.229,0.269,4.124,2.406,18.273,6.702,1.088,0.687,2.205,3.38,2.205,2.75,2.664,3.437,60.862,0.801,0.583,19.93,68.31,25.7,23.24,17.17,0.32,0.115,"DM_CM",0.873
20005,"Tottenham Hotspur","Toby Alderweireld","Right Center Back",0.992,3569.2,53.508,42.968,19.063,0.177,0.05,38.933,1.034,0.101,0.08,0.303,0.177,5.976,3.707,1.16,6.506,1.841,2.648,1.009,0.227,0.227,0.151,42.338,0.803,0.583,28.37,42.69,54.19,21.49,13.41,0.061,0.484,"CB",0.992
20008,"Juventus","Patrice Evra","Left Wing Back",0.506,2147.4,55.491,45.809,4.61,1.006,0.126,39.313,0.712,0.084,0.063,0.838,0.293,9.975,3.06,0.964,2.012,2.431,3.73,2.557,1.174,0.922,0.754,46.27,0.826,0.35,16.87,63.24,11.66,27.47,9.52,0.29,0.216,"FB",0.936
20016,"Real Madrid","Kléper Laveran Lima Ferreira","Right Center Back",0.989,1940.4,54.591,47.216,9.694,0.278,0.046,39.239,0.603,0.046,0.043,0.696,0.557,8.256,4.035,1.948,3.711,2.041,2.829,1.345,0.928,0.232,0.232,42.439,0.865,0.8,20.86,43.34,54.49,21.02,14.69,0.044,0.452,"CB",1
20027,"Guingamp","Mevlüt Erdinç","Left Center Forward",0.51,891.5,17.162,12.417,1.11,0.404,0,14.033,1.817,0.404,0.29,1.11,0.303,7.773,1.615,0.404,0.505,1.11,4.24,0.101,0.808,2.019,3.432,43.309,0.724,0.273,13,79.7,42.83,23.54,20.34,0.51,0.041,"FW",0.985
20039,"Manchester United","Anthony Martial","Left Wing",0.382,2746.8,30.734,23.361,1.999,1.048,0.098,39.089,1.868,0.36,0.226,4.456,2.392,12.189,4.325,0.459,0.721,1.704,4.98,1.147,1.278,4.423,3.899,55.963,0.76,0.537,14.56,81.02,29.39,22.99,24.8,0.579,0.059,"AM_W",0.684
20045,"Southampton","Ryan Bertrand","Left Back",0.819,3024,46.577,34.821,8.482,0.565,0.089,29.524,0.387,0.03,0.038,1.31,0.595,11.131,3.482,1.399,2.946,1.696,3.036,1.548,1.071,0.833,0.744,32.619,0.748,0.455,19.56,63.88,14.28,29.56,14.04,0.314,0.237,"FB",0.876
20046,"Everton","Phil Jagielka","Left Center Back",0.545,1934.1,49.418,41.647,16.24,0.14,0,34.248,0.512,0,0.031,0.279,0.186,8.981,4.141,1.349,8.097,2.094,3.955,1.722,0.465,0.14,0.233,35.412,0.843,0.667,26.28,39.8,37.78,19.87,18.36,0.029,0.514,"CB",1
20048,"Paris Saint-Germain","Gregory van der Wiel","Right Back",1,1418.5,70.616,61.036,7.233,0.634,0.19,51.772,0.508,0.127,0.073,1.015,0.444,13.704,4.632,1.903,1.459,1.713,3.236,2.474,1.142,0.952,0.634,55.452,0.864,0.438,16.83,56.1,69.77,25.48,8.59,0.183,0.276,"FB",1
20055,"Barcelona","Marc-André ter Stegen","Goalkeeper",1,560.2,30.044,26.509,12.853,0.161,0,15.745,0,0,0,0,0,0,3.695,0,0,0,0,0,0,0,0,14.781,0.882,0,31.88,9.73,39.27,7.03,7,0,1,"GK",1
20064,"Granada","Hugo Miguel Almeida Costa Lopes","Right Back",0.984,2057.5,45.841,34.293,5.949,0.525,0.044,27.776,0.481,0,0.011,1.925,1.312,13.735,3.806,2.231,3.368,1.968,4.637,3.893,1.356,0.7,0.875,28.257,0.748,0.682,18.23,57.07,68.04,28.76,11.11,0.231,0.296,"FB",1
20066,"West Ham United","Darren Randolph","Goalkeeper",1,572.3,30.196,16.356,24.691,0,0,12.11,0.157,0,0.008,0,0,0,4.561,0,0.157,0,0,0,0,0,0,11.952,0.542,0,58.22,10.11,40.34,9.49,8.22,0.004,0.996,"GK",1
20074,"AFC Bournemouth","Artur Boruc","Goalkeeper",1,3022.1,27.19,17.154,18.077,0.06,0,10.126,0,0,0,0.03,0.03,0.119,4.705,0.03,0.06,0,0,0,0.03,0,0,8.994,0.631,1,45.22,8.97,40.86,6.93,8.61,0.001,0.993,"GK",1
20169,"AS Roma","Seydou Kéita","Center Defensive Midfield",0.595,1431.1,50.311,43.393,8.49,0.314,0,37.545,0.818,0.063,0.054,0.503,0.377,16.1,4.905,1.006,2.012,1.635,3.648,1.635,2.83,0.314,0.629,42.198,0.863,0.75,19.64,58.24,40.6,20.27,19.77,0.132,0.179,"DM_CM",1
20199,"Guingamp","Lars Christian Jacobsen","Right Back",0.68,2863.6,37.306,27.091,6.317,0.377,0.063,18.323,0.094,0,0.004,0.471,0.157,10.686,2.357,0.629,2.451,1.634,2.294,1.32,0.597,0.189,0.377,22.094,0.726,0.333,20.14,56.06,51.51,28.3,28.85,0.22,0.319,"FB",1
20201,"Southampton","Maarten Stekelenburg","Goalkeeper",1,1602.5,26.227,16.231,17.185,0.056,0,11.513,0,0,0,0,0,0.168,4.381,0,0,0.056,0,0,0,0,0,10.783,0.619,0,49.36,8.67,41.33,6.81,7.62,0,0.994,"GK",1
20252,"Hellas Verona","Luca Toni","Center Forward",0.471,1869.1,17.335,8.86,1.011,0.482,0,13.29,2.985,0.289,0.51,1.156,0.433,10.401,2.697,0.144,0.53,0.867,4.96,0.337,2.311,1.83,3.515,57.301,0.511,0.375,13.38,82.67,41.18,21.65,17.93,0.536,0.023,"FW",1
20253,"Manchester City","Samir Nasri","Left Wing",0.257,573.9,68.529,62.413,6.743,1.098,0.314,64.452,2.195,0.314,0.301,2.823,1.568,15.839,4.548,0.941,0,1.255,3.293,1.725,0.941,2.039,0.627,74.802,0.911,0.556,15.8,74.94,29.88,21.85,22.33,0.455,0.075,"AM_W",0.843
20285,"Aston Villa","Joleon Lescott","Left Center Back",0.758,2752.6,30.931,24.326,8.174,0.131,0,19.585,0.36,0.065,0.05,0.294,0.262,8.37,3.27,1.112,7.324,1.733,2.779,1.308,0.752,0.262,0.458,19.912,0.786,0.889,23.28,40.1,31.16,21.61,16.51,0.052,0.543,"CB",1
20287,"Chelsea","John Terry","Left Center Back",0.991,2127.8,39.464,36.08,5.033,0.127,0,20.388,0.423,0.042,0.049,0.127,0.042,4.907,1.777,1.142,5.076,1.607,2.749,1.184,0.423,0.042,0,27.832,0.914,0.333,19.52,41.63,27.38,19.13,12.45,0.035,0.495,"CB",1
20302,"Manchester City","Gaël Clichy","Left Back",1,1133.6,66.61,52.557,10.003,0.794,0.079,46.921,0.159,0,0.004,1.111,0.953,12.544,4.049,3.334,3.493,1.747,3.176,2.382,0.794,0.873,0.794,46.841,0.789,0.857,19.7,60.46,11.5,25.98,10.93,0.237,0.23,"FB",1
20521,"Swansea City","Bafétimbi Gomis","Center Forward",0.718,1811.7,24.788,19.771,1.838,0.695,0,26.626,2.931,0.298,0.379,2.335,1.59,10.283,2.732,0.199,0.844,0.894,4.272,0.546,1.143,2.335,3.875,52.657,0.798,0.681,14.93,77.65,47.75,21.93,19.04,0.467,0.052,"FW",0.97
20527,"West Bromwich Albion","Jonas Olsson","Left Center Back",0.998,2107.6,24.554,17.039,8.669,0.128,0.043,13.366,0.256,0.043,0.045,0.128,0.085,6.79,2.007,0.769,7.046,2.477,1.708,0.769,0.982,0.043,0.128,15.928,0.694,0.667,26.89,38.97,27.94,22.35,14.65,0.044,0.579,"CB",0.998
20542,"Valencia","Álvaro Negredo Sánchez","Center Forward",0.658,1218.4,26.37,17.211,2.364,0.886,0.148,18.392,2.881,0.369,0.437,1.699,0.96,9.75,2.438,0.222,1.256,1.034,5.171,0.443,1.403,0.886,2.807,45.132,0.653,0.565,15.21,79.11,40.75,22.06,18.72,0.451,0.031,"FW",0.896
20636,"Frosinone","Mirko Gori","Right Defensive Midfield",0.453,2306.3,37.97,27.511,8.663,0.468,0,28.409,0.898,0,0.017,1.054,0.624,30.321,8,1.405,1.678,2.732,4.839,3.512,2.693,1.093,0.898,29.033,0.725,0.593,21.56,54.07,43.38,22.88,22.13,0.143,0.291,"DM_CM",1
20641,"Crystal Palace","Connor Wickham","Center Forward",0.752,1370,26.869,17.475,3.285,0.657,0.197,21.351,2.299,0.328,0.312,1.577,1.117,16.949,3.088,0.066,1.38,1.117,9.394,1.117,2.102,2.299,4.204,54.001,0.65,0.708,16.91,77.94,38.58,21.84,22.17,0.466,0.038,"FW",0.93
20669,"Atlético Madrid","Tiago Cardoso Mendes","Left Defensive Midfield",0.647,1092.1,63.866,53.895,9.889,0.33,0.165,45.736,0.577,0.082,0.034,0.082,0,15.493,5.027,2.143,2.143,1.483,4.368,2.472,1.731,0.659,0.577,49.692,0.844,0,19.2,56.59,36.38,21.5,18.96,0.152,0.223,"DM_CM",0.993
21210,"Sevilla","Mariano Ferreira Filho","Right Back",0.99,1760.6,45.599,31.694,8.588,1.022,0.102,29.189,0.562,0,0.024,1.738,1.022,10.326,4.294,1.943,1.431,1.994,3.425,2.658,1.482,0.307,1.125,32.154,0.695,0.588,20.9,66.73,68.45,33.46,10.89,0.416,0.258,"FB",0.992
21212,"Norwich City","Russell Martin","Right Center Back",0.448,2830,42.36,30.943,11.512,0.286,0,24.901,0.604,0.095,0.053,0.318,0.032,6.647,3.689,1.113,6.201,1.94,2.799,1.272,1.018,0.286,0.191,27.731,0.73,0.1,24.33,49.23,57.96,26.61,17.68,0.141,0.412,"CB",0.53
21254,"West Ham United","Carl Jenkinson","Right Back",0.923,1323.2,48.018,35.163,8.502,0.408,0,29.45,0.476,0.136,0.054,0.952,0.272,9.59,4.829,0.544,3.809,1.632,3.197,1.972,1.02,0.748,0.884,31.627,0.732,0.286,20.76,58.07,65.29,28.43,16.93,0.225,0.262,"FB",0.98
21272,"AC Milan","Luiz Adriano de Souza da Silva","Right Center Forward",0.544,1268.7,19.437,14.259,2.341,0.78,0.213,18.87,1.844,0.284,0.264,0.922,0.638,16.458,3.05,0.355,0.497,1.632,4.966,0.993,2.554,1.135,2.412,46.324,0.734,0.692,16.79,79.99,43.62,22.12,19.78,0.529,0.046,"FW",0.923
22041,"Empoli","Marko Livaja","Right Center Forward",0.492,670.8,26.165,17.846,2.415,0.671,0,28.848,2.147,0.134,0.101,2.684,1.073,20.663,3.086,0.134,0.268,1.342,4.294,0.537,3.354,3.354,3.22,55.55,0.682,0.4,15.11,79.36,44.35,21.12,22.63,0.528,0.041,"FW",0.97
22111,"Caen","Dennis Appiah","Right Back",0.828,837.7,42.009,27.827,6.876,0.752,0,21.488,0.107,0,0.001,1.612,0.86,22.992,3.76,1.826,2.793,2.149,4.62,3.116,0.43,0.752,0.752,22.67,0.662,0.533,20.31,59.33,66.7,27.79,17.03,0.263,0.272,"FB",1
22111,"Stade Malherbe Caen","Dennis Appiah","Right Back",0.919,2709.4,38.532,25.876,6.212,0.731,0.033,23.451,0.299,0.033,0.023,1.727,0.731,20.296,5.049,1.362,2.923,2.89,5.016,3.687,1.163,1.129,0.731,23.817,0.672,0.423,19.87,58.83,69.67,28.58,10.01,0.255,0.28,"FB",1
22130,"Toulouse","Mauro Daniel Goicoechea Furia","Goalkeeper",1,769.9,28.758,13.794,21.627,0,0,9.937,0,0,0,0,0,0.117,4.325,0,0,0,0,0,0.117,0,0,8.534,0.48,0,52.1,8.39,39.79,6.26,7.55,0,0.995,"GK",1
22281,"Sunderland","Duncan Watmore","Right Wing",0.249,999.3,15.67,10.177,1.351,0.811,0.09,24.586,1.531,0.27,0.18,3.602,1.981,14.049,6.034,0.36,0.63,1.621,3.512,0.63,0.72,3.422,3.602,37.915,0.649,0.55,13.91,80.35,45.26,26.26,24.74,0.59,0.102,"AM_W",0.699
22587,"Lorient","Didier Ndong Ibrahim","Right Defensive Midfield",0.629,3170.3,49.879,43.236,7.551,0.284,0,40.397,0.937,0.057,0.046,1.703,0.965,23.818,5.706,1.448,1.533,1.874,5.422,2.981,2.271,1.505,1.675,49.198,0.867,0.567,19.44,57.86,46.34,20.4,19.48,0.14,0.19,"DM_CM",0.964
22594,"Norwich City","Matt Jarvis","Left Midfield",0.644,1062,29.492,18.645,5.085,1.186,0.085,25.594,0.847,0.085,0.084,1.102,0.678,13.136,2.712,0.678,0.678,1.525,2.627,0.847,0.254,1.441,1.441,39.493,0.632,0.615,18.36,78.5,32.06,28.09,27.03,0.541,0.111,"AM_W",0.962
22819,"Villarreal","Bruno Soriano Llido","Left Defensive Midfield",0.774,2702,57.558,48.464,9.227,0.433,0.033,43.135,0.833,0.167,0.127,0.899,0.666,10.859,5.962,2.398,2.198,1.765,3.664,1.732,0.966,0.633,0.899,45.467,0.842,0.741,19.88,57.1,32.79,20.46,17.43,0.125,0.199,"DM_CM",1
22828,"Lazio","Ricardo Kishna","Left Wing",0.611,586.1,39.006,23.496,9.06,1.689,0,34.399,1.382,0.307,0.109,2.611,1.075,17.046,3.071,0.307,0.307,2.15,2.457,1.229,0.921,2.303,2.918,48.066,0.602,0.412,20.29,79.68,32.86,23.21,25.82,0.506,0.058,"AM_W",1
23203,"Lille","Stopilla Sunzu","Right Center Back",0.786,962.6,38.521,31.041,8.976,0.187,0,27.115,0.935,0.093,0.053,0.093,0,12.342,2.711,1.402,6.545,1.309,5.797,3.085,2.057,0.187,0.187,30.013,0.806,0,23.32,41.44,46.36,21.71,20.91,0.048,0.508,"CB",1
23241,"AS Roma","William Vainqueur","Center Defensive Midfield",0.455,654.4,53.088,49.237,7.564,0.413,0.275,43.186,0.55,0,0.022,1.925,1.513,24.344,5.226,1.238,1.925,3.851,4.539,3.713,3.026,1.1,0.413,46.487,0.927,0.786,19,54.6,35.99,20.76,17.97,0.1,0.243,"DM_CM",0.994
23324,"Chievo","Nicolas Sebastian Frey","Right Back",0.89,1551,43.869,32.031,10.271,0.232,0,24.081,0.058,0,0.002,0.058,0.058,11.896,2.031,0.986,4.41,2.321,2.553,1.219,0.986,0.058,0.174,28.608,0.73,1,22.75,53.14,63.92,24.71,18.83,0.144,0.292,"FB",0.954
23329,"Palermo","Abdelhamid El Kaoutari","Left Center Back",1,659.9,36.958,30.412,6.273,0.273,0,24.412,0.136,0.136,0.027,0.546,0.273,17.32,6.41,1.364,3.137,2.455,3.682,2.728,0.409,0.273,0.273,21.82,0.823,0.5,20.07,42.42,19.53,20.76,13.62,0.04,0.461,"CB",1
23329,"Stade de Reims","Abdelhamid El Kaoutari","Left Center Back",0.859,674.8,41.348,32.011,9.47,0.267,0,29.477,0.267,0,0.013,0.534,0.267,8.67,4.135,0.8,4.268,1.734,3.468,1.734,0.8,0.267,0.667,30.01,0.774,0.5,22.01,45.24,19.91,21.69,13.55,0.058,0.418,"CB",0.859
23349,"Frosinone","Paolo Sammarco","Left Defensive Midfield",0.316,2425.5,33.915,25.269,5.826,0.705,0.037,22.561,0.816,0.148,0.088,0.631,0.519,20.705,4.787,1.336,2.486,2.115,3.859,2.152,1.336,0.445,0.891,28.498,0.745,0.824,19.85,57.75,40.93,24.95,21.05,0.194,0.255,"DM_CM",0.985
23416,"Getafe","Stefan Šćepović","Center Forward",0.645,1904.9,23.245,16.111,1.512,0.945,0.047,19.418,1.417,0.283,0.251,0.898,0.331,9.685,1.512,0.378,0.945,1.087,5.15,0.378,0.803,1.323,2.41,43.75,0.693,0.368,13.31,76.95,42.41,22.42,23.86,0.453,0.06,"FW",0.953
23470,"Frosinone","Luca Paganini","Right Midfield",0.657,1914.3,23.554,15.797,2.868,0.799,0.094,21.814,1.222,0.094,0.093,1.834,0.987,29.055,4.936,1.504,1.551,3.056,6.3,2.022,1.834,2.257,2.069,36.577,0.671,0.538,17.43,68.44,58.13,28.07,18.25,0.38,0.172,"AM_W",0.955
23488,"Fiorentina","Mario Suárez Mata","Left Defensive Midfield",0.459,483.8,86.512,79.814,11.535,0.186,0,74.047,1.302,0.186,0.115,1.116,0.558,16.744,5.395,0.558,0.744,1.302,1.674,1.302,1.488,1.86,0.93,82.605,0.923,0.5,18.65,61.59,37.82,19.23,17.16,0.168,0.143,"DM_CM",0.977
23488,"Watford","Mario Suárez Mata","Right Defensive Midfield",0.567,796.8,48.232,38.405,8.472,0.678,0,35.694,1.017,0,0.047,1.243,0.904,15.475,6.213,2.259,2.372,1.92,3.05,1.355,1.92,1.355,0.791,38.405,0.796,0.727,20.66,58.89,41.29,21.82,19.85,0.172,0.186,"DM_CM",0.947
23635,"Norwich City","John Ruddy","Goalkeeper",1,2549.2,31.951,17.794,25.561,0,0,12.922,0,0,0,0.035,0.035,0.212,5.684,0,0.035,0,0,0,0,0.035,0,11.298,0.557,1,52.45,9.69,40.03,6.84,8.63,0,0.997,"GK",1
23663,"Norwich City","Dieumerci Mbokani Bezua","Center Forward",0.766,1700.7,24.978,17.41,1.058,1.111,0.053,22.067,1.958,0.37,0.319,2.064,1.323,8.361,3.81,0.265,1.217,0.794,10.848,0.9,0.953,2.699,3.757,60.857,0.697,0.641,13.89,80.9,41.28,21.55,22.57,0.534,0.033,"FW",0.935
23761,"Rayo Vallecano","Alhassane Bangoura","Right Wing",0.699,838.3,33.603,21.579,4.08,1.503,0.107,39.508,1.932,0,0.073,6.764,3.328,14.708,6.012,0.752,0.429,1.503,3.65,1.932,2.147,3.65,3.435,48.418,0.642,0.492,17.1,76.01,60.22,26.55,21.75,0.496,0.111,"AM_W",0.804
23785,"Celta Vigo","Théo Bongonda Mbul''Ofeko Batombo","Left Wing",0.717,1235.8,24.397,17.697,1.821,0.728,0.073,29.277,1.384,0.146,0.17,4.078,1.529,10.341,4.151,0.583,0.655,1.529,2.767,1.457,1.675,1.748,2.767,39.837,0.725,0.375,15.29,73.7,29.57,26.67,26.86,0.466,0.131,"AM_W",0.983
23791,"Levante UD","Víctor Casadesús Castaño","Right Center Forward",0.312,1011.7,34.428,23.308,2.669,0.979,0.089,28.201,1.068,0.267,0.105,1.69,1.334,11.387,3.825,0.712,0.623,1.156,6.494,0.89,2.135,1.245,1.957,44.391,0.677,0.789,16.05,74.13,39.47,22.32,23.25,0.395,0.068,"FW",0.673
23800,"RC Deportivo La Coruña","Laureano Sanabria Ruiz","Right Back",0.921,1607.2,45.079,33.543,6.216,0.448,0,27.159,0.056,0,0.004,1.12,0.56,12.432,4.368,2.352,3.192,2.464,4.2,2.632,1.512,0.84,0.616,28.167,0.744,0.5,19.14,55.87,65.29,28.77,17.32,0.223,0.315,"FB",0.983
23806,"RC Deportivo La Coruña","Alejandro Bergantiños García","Right Defensive Midfield",0.551,1807.9,43.608,34.2,6.671,0.996,0,31.063,0.796,0.1,0.057,0.498,0.348,17.772,5.924,1.493,1.892,1.792,5.327,2.738,1.145,0.946,0.647,34.399,0.784,0.7,18.55,59.77,47.06,23.05,18.03,0.187,0.214,"DM_CM",0.989
23816,"Sevilla","José Antonio Reyes Calderón","Right Wing",0.703,1228.6,44.464,27.689,9.816,2.271,0.073,38.091,1.685,0.073,0.172,2.784,1.172,22.562,5.714,0.952,0.586,2.564,3.296,1.172,1.978,2.784,2.051,47.76,0.623,0.421,19.84,75.07,49.56,26.02,23.69,0.457,0.1,"AM_W",0.987
23838,"Sporting Gijón","Pablo Pérez Rodríguez","Right Wing",0.438,787.2,29.839,18.521,2.172,0.343,0.114,23.322,2.058,0,0.2,1.601,0.572,19.321,3.658,1.372,1.143,1.029,8.231,2.744,2.972,1.715,2.744,43.215,0.621,0.357,15.33,69.62,55.47,25.77,19.25,0.356,0.152,"AM_W",0.865
23843,"Levante UD","Diego Mariño Villar","Goalkeeper",1,2146.9,34.752,24.314,22.847,0.084,0,16.894,0,0,0,0.042,0.042,0.084,5.492,0,0,0.084,0,0,0,0,0,13.373,0.7,1,44.25,9.65,40.29,6.7,7.71,0,0.998,"GK",1
23846,"Palermo","Uroš Đurđević","Center Forward",0.507,506.6,15.458,11.726,0.711,0.533,0.178,17.234,1.599,0.355,0.276,1.599,0.711,19.189,2.843,0.178,0.533,1.954,5.153,1.244,2.31,2.487,3.909,49.926,0.759,0.444,12.96,81.62,36.88,22.26,20.92,0.545,0.053,"FW",0.923
23848,"Sporting Gijón","Carlos Carmona Bonet","Right Wing",0.607,1241.6,41.751,28.559,6.089,1.377,0.217,34.937,1.087,0.145,0.189,3.044,1.45,26.964,5.799,2.102,0.58,3.624,6.234,3.697,2.609,1.087,2.464,45.593,0.684,0.476,17.75,67.96,60.96,26.45,16.06,0.323,0.153,"AM_W",0.952
23850,"Bastia","Mathieu Peybernes","Left Center Back",0.608,2130.4,33.036,23.615,10.181,0,0,23.023,0,0,0,0.422,0.253,10.35,4.013,1.817,4.985,2.028,3.337,2.07,0.507,0.211,0.338,21.545,0.715,0.6,25.93,36.22,37.89,17.85,22.21,0.024,0.598,"CB",0.903
23933,"Olympique de Marseille","Abdelaziz Barrada","Center Attacking Midfield",0.229,1238.8,60.011,43.519,13.513,3.342,0.291,45.844,1.744,0.073,0.204,1.889,1.308,16.855,4.069,0.727,0.654,1.308,3.923,2.325,1.598,1.38,1.017,56.233,0.725,0.692,20.14,70.43,41.44,23.89,23.5,0.355,0.101,"AM_W",0.504
23943,"Levante UD","Rubén García Santos","Left Midfield",0.288,1075.7,38.82,25.852,6.526,1.757,0,36.394,1.339,0.084,0.06,4.183,2.343,22.757,5.187,1.088,0.837,2.677,4.602,2.343,2.259,2.761,2.343,41.832,0.666,0.56,18.57,72.59,34.82,26.88,25.35,0.451,0.141,"AM_W",0.875
23970,"Levante UD","José María Martín-Bejarano Serrano","Center Defensive Midfield",0.53,819.1,45.928,35.38,10.878,0.33,0,30.985,1.428,0,0.062,0.989,0.549,15.712,6.153,1.868,2.197,1.318,6.263,2.747,2.527,0.549,1.428,33.072,0.77,0.556,22.2,54.78,41.3,21.47,19.78,0.125,0.241,"DM_CM",0.99
23974,"Espanyol","Roberto Antonio Correa Silva","Right Back",0.962,506.9,50.247,39.594,6.392,0.178,0,32.314,0,0,0,0.888,0.178,12.073,5.859,1.243,1.598,1.953,3.551,2.131,1.953,1.065,0.533,32.669,0.788,0.2,17.59,58.95,70.25,27.22,8.58,0.189,0.235,"FB",0.962
23994,"Sporting Gijón","Alejandro Menéndez Díez","Left Wing",0.462,1093.8,32.255,19.665,8.557,0.987,0.082,26.33,1.481,0.165,0.102,2.551,1.234,16.786,4.279,2.139,1.975,2.386,4.361,2.222,0.987,1.234,1.481,31.514,0.61,0.484,22.24,63.4,13.02,31.02,11.16,0.34,0.26,"AM_W",0.772
24035,"Getafe","Álvaro Vázquez García","Center Forward",0.763,2046.5,18.251,12.314,1.891,0.88,0.176,17.635,2.111,0.22,0.408,1.627,0.572,15.832,2.375,0.704,0.616,1.012,5.761,0.44,1.275,2.155,2.947,43.143,0.675,0.351,14.79,80.2,43.21,22.62,23.16,0.517,0.044,"FW",0.963
24061,"Palermo","Aljaž Struna","Right Back",0.667,1918.1,43.45,32.564,6.944,0.375,0,27.121,0.328,0.047,0.034,0.422,0.188,15.766,3.613,0.704,2.44,2.581,3.378,2.158,2.111,0.282,0.235,29.326,0.749,0.444,19.62,50.81,66.39,25.72,10.88,0.135,0.349,"FB",0.67
24070,"Eibar","Saúl Berjón Pérez","Left Wing",0.424,1453.8,42.344,24.267,12.443,2.105,0.248,32.191,2.105,0.248,0.344,3.714,1.052,13.558,5.262,1.114,0.495,2.229,4.21,2.043,1.795,2.352,2.043,46.74,0.573,0.283,22.6,76.56,29.28,25.01,26.15,0.491,0.086,"AM_W",0.981
24072,"Espanyol","Salvador Sevilla López","Center Attacking Midfield",0.453,561.2,53.241,44.261,7.698,1.764,0,43.62,1.123,0.16,0.211,0.641,0.641,14.914,4.009,0.641,0.321,0.962,2.726,0.962,0.802,1.123,1.123,55.166,0.831,1,18.63,67.17,35.07,21.98,20.71,0.292,0.106,"AM_W",0.688
24132,"Real Betis","Francisco Miguel Varela Martín","Left Back",0.997,953.8,51.145,37.274,10.38,0.849,0,29.536,0.566,0,0.043,0.755,0.283,8.776,2.831,1.604,1.793,2.359,2.831,1.415,0.566,0.566,0.849,34.537,0.729,0.375,20.67,60.8,11.94,28.47,13.25,0.256,0.247,"FB",0.999
24138,"Rayo Vallecano","Joaquín José Marín Ruiz","Right Back",0.881,2126.7,46.806,31.613,8.295,0.381,0.042,27.55,0.762,0,0.044,1.439,0.931,18.028,4.232,2.116,2.412,2.074,6.348,4.105,1.904,1.1,1.354,28.227,0.675,0.647,20.21,54.87,66.55,29.25,12.98,0.213,0.336,"FB",0.881
24144,"Las Palmas","Ángel Montoro Sánchez","Right Defensive Midfield",0.373,454.9,64.293,54.204,15.035,1.187,0,50.049,0.198,0,0.003,0.791,0.396,16.617,3.759,3.956,2.77,1.978,2.967,1.78,2.572,0.396,0.396,51.83,0.843,0.5,21.18,55.3,38.4,21.56,18.41,0.116,0.251,"DM_CM",1
24149,"Levante UD","José Antonio García Rabasco","Right Defensive Midfield",0.453,2207.5,55.529,42.768,15.085,1.672,0.122,38.08,1.019,0.082,0.08,0.775,0.53,18.306,5.096,1.386,1.264,1.345,2.772,1.712,1.753,0.612,0.775,42.238,0.77,0.684,23.18,57.15,44.46,23.7,20.86,0.171,0.243,"DM_CM",0.97
24162,"Real Betis","Xavier Torres Buigues","Right Defensive Midfield",0.644,670.7,42.4,32.739,9.258,0.403,0,27.507,1.073,0,0.083,0.268,0.268,14.894,4.83,1.342,2.013,1.744,3.22,1.208,2.415,0.403,0.537,30.995,0.772,1,22.4,53.49,40.5,20.43,19.49,0.098,0.238,"DM_CM",0.976
24173,"Sporting Gijón","Carlos Castro García","Center Forward",0.396,1073.5,17.019,13.33,0.838,0.335,0,20.037,2.096,0.587,0.449,1.844,0.838,11.653,2.85,0.335,0.503,0.838,6.288,0.587,0.838,2.683,2.599,36.804,0.783,0.455,12.6,75.95,39.15,23.29,21.25,0.44,0.07,"FW",0.815
24235,"Frosinone","Federico Dionisi","Left Center Forward",0.546,2536.3,21.858,14.016,2.271,0.887,0.106,28.565,3.052,0.319,0.212,3.087,1.384,19.871,5.819,0.603,0.142,1.242,5.536,1.703,2.2,3.442,3.548,49.678,0.641,0.448,15.73,77.31,35.8,23.84,22.57,0.496,0.08,"FW",0.702
24255,"Rayo Vallecano","Juan Carlos Martín Corral","Goalkeeper",1,1871.7,36.496,25.918,20.244,0.048,0,18.176,0,0,0,0.048,0.048,0.096,5.049,0,0.048,0,0,0,0.048,0,0.048,16.108,0.71,1,40.47,9.93,39.96,6.55,8.49,0,0.997,"GK",1
24263,"Sporting Gijón","Ismael López Blanco","Left Back",0.981,2589.3,44.317,31.63,8.133,0.66,0,30.24,0.66,0.07,0.071,1.668,0.904,14.425,5.144,1.912,2.12,1.981,3.406,2.572,0.973,0.834,0.765,29.892,0.714,0.542,20.27,57.56,15.59,27.04,14.51,0.215,0.273,"FB",0.991
24380,"Aston Villa","Tetchi Jores Charlemagne Ulrich Okore","Right Center Back",1,1129.8,27.403,22.066,8.364,0.08,0,20.154,0,0,0,0.319,0.239,10.515,2.868,1.354,6.532,1.992,4.7,2.947,0.797,0.319,0.637,19.676,0.805,0.75,24.92,36.95,52.96,18.9,14.25,0.026,0.604,"CB",1
24508,"Eibar","Manuel Castellano Castro","Left Back",0.526,580.5,52.871,38.142,12.714,0.31,0,30.234,0.62,0,0.067,0.31,0.155,8.528,2.481,2.171,1.861,2.171,2.326,0.775,2.481,0.155,0.465,35.816,0.721,0.5,23.11,54.22,33.6,25.53,28.55,0.155,0.297,"FB",0.847
24646,"Lorient","Rafidine Abdullah","Left Defensive Midfield",0.553,605.6,63.014,53.205,10.849,0.743,0,50.53,0.892,0.149,0.032,2.229,1.338,29.575,5.647,2.081,1.932,2.378,5.35,3.715,3.864,1.338,0.892,56.92,0.844,0.6,19.45,56.58,38.71,19.52,18.93,0.116,0.22,"DM_CM",0.953
24683,"Genoa","Diego Ángel Capel Trinidad","Right Wing",0.302,794.2,30.937,24.704,4.533,1.02,0,32.977,1.587,0,0.127,1.36,0.907,17.565,3.853,0.68,0,0.567,3.286,1.02,0.68,2.606,2.266,47.255,0.799,0.667,17.93,76.2,43.15,22.92,25.96,0.464,0.076,"AM_W",0.741
24686,"Sporting Gijón","Roberto Canella Suárez","Left Back",1,732.1,41.429,30.119,6.884,0.246,0,23.48,0,0,0,0.615,0.369,14.506,2.705,2.213,2.213,1.721,3.934,2.705,1.475,0.369,0.492,26.062,0.727,0.6,20.18,53.51,11.7,26.56,10.23,0.166,0.318,"FB",1
24722,"Udinese","Emmanuel Agyemang-Badu","Right Center Midfield",0.865,2765.3,30.333,23.172,4.491,0.651,0.033,26.915,1.334,0.13,0.147,1.497,0.814,16.794,5.956,0.716,1.367,1.888,5.175,1.334,0.976,1.204,1.562,36.972,0.764,0.543,18.52,63.31,52.89,23.99,18.34,0.242,0.176,"DM_CM",0.985
24783,"Granada","Javier Márquez Moreno","Center Attacking Midfield",0.375,1362.3,39.97,28.276,12.09,0.727,0.066,28.937,1.453,0,0.055,0.793,0.595,21.538,4.757,1.189,1.718,1.982,4.691,2.775,2.444,1.321,0.793,34.487,0.707,0.75,24.38,60.36,35.59,21.75,22.07,0.186,0.157,"AM_W",0.591
24888,"AFC Bournemouth","Adam Federici","Goalkeeper",1,516.1,22.668,16.914,12.729,0,0,11.16,0,0,0,0,0,0,4.708,0,0,0,0,0,0,0,0,10.462,0.746,0,40.18,9.85,40.84,6.22,7.28,0,0.991,"GK",1
25116,"Udinese","Edenílson Andrade dos Santos","Right Wing Back",0.443,2292,47.475,34.202,7.029,0.942,0,34.516,0.471,0,0.032,2.867,1.296,16.885,5.812,1.767,1.414,2.474,3.063,1.728,1.139,1.414,1.571,39.66,0.72,0.452,18.64,64.53,44.23,28.09,30.15,0.314,0.214,"FB",0.902
25134,"Levante UD","Deyverson Brum Silva Acosta","Right Center Forward",0.39,2238,25.737,14.477,2.292,0.804,0.04,18.619,2.895,0.362,0.335,1.729,0.684,19.142,3.981,0.885,1.126,1.367,6.635,1.367,2.131,1.81,3.941,46.126,0.563,0.395,15.89,76.15,37.17,23.53,21.72,0.452,0.08,"FW",0.942
25144,"Valencia","Diego Alves Carreira","Goalkeeper",1,1212.5,29.691,19.373,21.675,0,0,12.173,0,0,0,0.074,0.074,0.074,3.489,0,0,0,0,0,0,0,0,11.357,0.653,1,46.95,8.9,40.19,6.19,7.98,0,0.996,"GK",1
25199,"Olympique de Marseille","Lucas Silva Borges","Right Center Midfield",0.345,649.9,64.113,53.727,10.662,0.554,0,53.312,1.246,0,0.057,2.216,1.662,26.725,6.093,0.554,0.692,2.908,3.462,1.939,1.8,1.939,1.108,56.497,0.838,0.75,20.77,57.17,41.41,18.43,19.41,0.139,0.151,"DM_CM",0.988
25345,"Juventus","Anderson Hernanes de Carvalho Andrade","Center Defensive Midfield",0.81,895.8,64.402,57.268,11.253,1.005,0.1,53.551,3.014,0.1,0.089,2.11,1.105,13.865,6.43,1.507,1.306,1.507,3.115,1.507,2.512,1.708,1.306,58.474,0.889,0.524,20.77,62.64,39.51,20.38,16.1,0.211,0.132,"DM_CM",0.9
25377,"Nantes","Rémy Riou","Goalkeeper",1,2915.4,32.537,20.436,24.387,0.062,0,14.54,0,0,0,0,0,0.185,5.526,0,0.062,0.062,0,0,0.031,0,0,12.626,0.628,0,48.03,11.19,41.28,7.39,10.01,0,0.991,"GK",1
25430,"Inter Milan","Felipe Melo de Carvalho","Center Defensive Midfield",0.329,1893.4,52.857,45.585,12.311,0.38,0.048,39.738,1.093,0.048,0.079,0.475,0.333,16.256,4.943,1.521,2.614,1.854,3.898,2.9,1.996,0.998,0.998,45.727,0.862,0.7,22.67,56.42,40.96,21.08,17.95,0.128,0.211,"DM_CM",0.991
25505,"Sampdoria","José Rodolfo Pires Ribeiro","Left Wing Back",0.836,1469.8,39.005,29.943,4.654,0.918,0.061,30.494,0.674,0,0.028,2.755,1.592,13.104,4.592,1.837,1.898,2.266,2.694,1.47,0.98,0.918,1.347,34.045,0.768,0.578,17.03,64.19,11.98,29.03,10.63,0.324,0.21,"FB",0.965
25707,"Granada","Francisco Manuel Rico Castro","Left Defensive Midfield",0.457,1523.7,52.924,40.757,11.046,1.89,0,34.554,0.886,0.118,0.074,1.063,0.65,16.716,4.312,1.772,1.299,1.89,4.666,1.89,2.776,0.886,0.591,46.25,0.77,0.611,20.7,62.94,42.53,22.34,22.38,0.218,0.146,"DM_CM",0.887
25824,"Levante UD","Ángel Trujillo Canorea","Right Center Back",1,693,24.675,18.961,4.935,0,0,15.714,0.26,0,0.005,0.13,0.13,6.494,1.558,1.299,4.026,2.727,2.857,0.779,0.779,0.13,0,16.364,0.768,1,23.1,40.19,57.13,21.81,12.77,0.055,0.532,"CB",1
25859,"Málaga","Sérgio Paulo Barbosa Valente","Right Midfield",0.354,1135.4,57.865,35.353,15.457,2.774,0.079,49.621,1.823,0.079,0.16,3.646,2.061,14.11,5.787,2.061,0.396,1.823,4.043,1.823,1.585,3.329,1.585,54.457,0.611,0.565,21.92,74,47.84,24.11,23.01,0.424,0.097,"AM_W",0.809
25881,"Getafe","Juan Antonio Rodríguez Villamuela","Right Defensive Midfield",0.713,2583.9,39.951,31.382,8.742,0.209,0.035,25.635,0.662,0,0.039,0.557,0.383,15.883,3.727,2.334,2.229,1.811,4.423,1.811,2.055,0.348,0.383,29.954,0.786,0.688,21.75,53.84,48.43,21.36,17.92,0.113,0.254,"DM_CM",0.933
25921,"RC Deportivo La Coruña","Rubén Gracia Calmache","Left Wing",0.454,908.8,41.298,29.513,7.329,0.792,0,38.723,0.99,0,0.043,3.07,1.386,16.44,4.556,2.08,0.396,2.575,3.565,1.783,1.188,1.783,1.684,44.665,0.715,0.452,18.46,69.17,39.53,24.87,25.56,0.368,0.141,"AM_W",0.953
25931,"Fiorentina","Gonzalo Javier Rodríguez","Center Back",0.593,3274,61.329,53.082,17.071,0.192,0,44.67,0.302,0.11,0.031,0.687,0.385,8.082,5.25,1.1,4.563,1.732,3.271,1.402,0.99,0.137,0.192,48.079,0.866,0.56,25.05,40.55,45.93,17.39,14.52,0.02,0.492,"CB",0.998
25954,"Palermo","Enzo Maresca","Center Defensive Midfield",0.658,1037.5,58.552,47.709,12.057,0.781,0,39.295,0.954,0.087,0.065,1.128,0.52,13.966,6.766,0.607,1.388,2.429,3.47,2.342,1.128,0.607,0.087,43.199,0.815,0.462,21.37,54.68,38.48,21.82,17.9,0.142,0.262,"DM_CM",0.999
26009,"Villarreal","Roberto Soldado Rillo","Left Center Forward",0.506,2309.2,31.881,21.358,2.728,0.702,0.39,28.1,1.598,0.195,0.193,1.793,0.896,13.797,2.884,0.663,1.208,1.247,4.248,0.935,2.066,1.013,3.196,52.732,0.67,0.5,16.13,76.21,43.42,22.35,20.33,0.432,0.047,"FW",1
26012,"Levante UD","David Navarro Pedrós","Right Center Back",0.722,1776.5,34.501,27.864,10.284,0,0,19.505,0.405,0,0.033,0.355,0.253,5.32,2.482,1.925,5.472,1.267,2.128,1.165,0.963,0.253,0.101,22.19,0.808,0.714,25.47,39.6,45.12,19.13,17.27,0.027,0.522,"CB",1
26020,"Getafe","Ángel Lafita Castillo","Left Wing",0.778,1035.6,23.986,15.383,2.781,0.608,0.174,27.55,2.433,0.261,0.179,3.476,1.391,17.382,4.693,1.13,1.13,1.738,4.519,1.043,3.042,3.216,2.868,42.15,0.641,0.4,15.79,73.49,23.75,26.25,21.37,0.447,0.134,"AM_W",1
26023,"Levante UD","Juan Francisco García García","Left Back",0.536,1566.4,43.955,28.442,16.088,0.23,0.057,27.005,0.172,0,0.008,1.207,0.632,8.216,4.252,2.011,3.103,1.609,2.873,1.954,1.092,0.287,0.46,26.316,0.647,0.524,27.5,47.55,15.31,23.87,12.34,0.102,0.394,"FB",0.536
26070,"Rayo Vallecano","Antonio Rodríguez Martínez","Goalkeeper",1,915.1,32.556,23.802,19.671,0,0,17.606,0,0,0,0,0,0,6.491,0,0,0,0,0,0.197,0,0,14.163,0.731,0,41.04,12.7,40.47,12.06,10.15,0.008,0.977,"GK",1
26087,"Athletic Club","Carlos Gurpegi Nausia","Right Center Back",0.673,1184.3,41.342,32.906,10.715,0.152,0,23.635,0.38,0,0.022,0.152,0.152,7.752,3.116,2.128,5.472,1.292,3.344,1.368,1.216,0.304,0,26.143,0.796,1,23.12,43.83,44.89,20.18,18.4,0.051,0.43,"CB",0.994
26103,"Málaga","Idriss Carlos Kameni","Goalkeeper",1,2560.6,27.486,18.136,20.245,0,0.035,10.615,0,0,0,0.07,0.07,0.07,4.991,0,0.035,0.035,0,0,0,0,0,6.502,0.66,1,46.66,9.19,39.77,6.45,8.33,0,0.991,"GK",1
26107,"RC Deportivo La Coruña","Alberto Lopo García","Right Center Back",0.953,773,39.818,30.504,14.321,0.116,0,28.408,0.466,0,0.032,0.116,0.116,7.801,2.445,1.514,4.424,1.746,3.609,1.63,0.931,0,0,29.922,0.766,1,27.21,40.89,53.96,18.02,14.49,0.03,0.476,"CB",1
26192,"Fiorentina","Matías Ariel Fernández Fernández","Center Attacking Midfield",0.247,1172.4,53.352,46.059,5.527,1.535,0.23,50.281,1.919,0.077,0.062,1.535,0.998,16.351,4.222,0.768,0.154,1.689,2.303,1.689,1.535,1.919,1.151,57.574,0.863,0.65,16.35,71.02,42.38,22.2,23.23,0.357,0.09,"AM_W",0.473
26207,"Newcastle United","Fabricio Coloccini","Left Center Back",0.96,2449.4,31.453,26.529,8.414,0.11,0,21.752,0.367,0.037,0.039,0.294,0.257,10.839,2.499,1.102,4.556,2.315,3.454,1.653,0.478,0.257,0.11,22.708,0.843,0.875,24.31,36.17,29.26,19.34,13.67,0.029,0.634,"CB",1
26211,"Levante UD","Joan Verdú Fernández","Right Midfield",0.487,947.5,48.444,40.56,6.079,1.615,0.095,39.895,0.855,0.095,0.071,1.805,1.235,13.108,5.604,1.045,0.475,1.615,2.185,1.045,0.76,1.045,0.855,46.924,0.837,0.684,17.76,66.76,43.15,23.66,22.65,0.317,0.155,"AM_W",0.844
26222,"Rayo Vallecano","José Eduardo Rosa Vale de Castro","Right Center Back",0.56,1847.5,56.46,42.43,18.95,0.244,0,35.756,0.487,0.097,0.032,0.585,0.487,8.915,4.871,1.949,4.871,1.559,4.92,1.949,1.12,0.146,0.195,38.874,0.752,0.833,27.35,40.77,41.03,20.06,22.09,0.031,0.508,"CB",1
26248,"Granada","David Barral Torres","Center Forward",0.424,471.9,20.978,16.591,1.907,0.381,0,20.978,3.242,0,0.379,1.335,0.572,16.019,3.433,0.763,0.763,1.526,3.433,0.763,3.242,1.907,2.67,35.853,0.791,0.429,15.57,77.47,38.41,24.5,21.82,0.459,0.073,"FW",0.79
26288,"RC Deportivo La Coruña","Jonathan Javier Rodríguez Portillo","Center Forward",0.372,597.4,14.613,9.792,0.753,0.452,0,19.886,2.862,0,0.266,1.657,1.055,15.969,2.862,0.603,0.452,0.904,5.725,1.205,2.41,1.808,4.67,44.593,0.67,0.636,13.03,82.83,38.42,20.89,21.79,0.552,0.031,"FW",0.877
26387,"Granada","Edgar Antonio Méndez Ortega","Left Wing",0.32,788.6,26.934,17.233,5.25,0.571,0,25.222,1.255,0.114,0.067,1.712,0.799,19.973,4.223,1.484,1.598,0.685,5.25,3.31,3.424,1.255,3.424,34.124,0.64,0.467,20.41,65.52,33.8,28.53,28.31,0.351,0.212,"AM_W",0.693
26442,"Hellas Verona","Boško Janković","Right Wing",0.408,945.2,22.566,12.378,4.285,0.286,0,17.901,1.428,0.095,0.122,1.047,0.571,12.854,2.666,0.381,0.19,1.333,4.856,0.667,2.095,0.857,2.19,39.8,0.549,0.545,20.1,71.86,41.28,28.63,26.72,0.437,0.152,"AM_W",0.962
26448,"Las Palmas","Javier Garrido Behovide","Left Back",0.672,1630.1,54.882,46.269,9.276,0.276,0.055,35.999,0.055,0,0.002,0.11,0.11,8.061,3.258,1.325,3.147,2.264,2.153,1.436,0.883,0.276,0.276,40.692,0.843,1,20.6,48.71,14.05,23.49,11,0.097,0.375,"FB",0.672
26481,"Bastia","Sébastien Squillaci","Right Center Back",0.879,2681.5,28.059,23.158,6.478,0.067,0.034,17.05,0.369,0.067,0.046,0.034,0.034,8.29,2.249,0.738,7.115,1.678,2.719,1.544,0.571,0.101,0.201,19.366,0.825,1,22.77,35.13,50.32,20.36,14.42,0.04,0.681,"CB",0.995
26607,"Rayo Vallecano","José Raúl Baena Urdiales","Left Defensive Midfield",0.497,1961.7,38.906,31.244,7.478,0.367,0.046,28.904,0.413,0.046,0.052,1.009,0.734,18.26,4.45,1.514,1.789,1.835,4.037,1.927,2.202,0.872,0.826,31.244,0.803,0.727,20.3,54.71,38.97,21.99,19.69,0.121,0.243,"DM_CM",0.957
26613,"Paris Saint-Germain","Maxwell Scherrer Cabelino Andrade","Left Back",0.938,2207.4,69.885,62.586,6.157,0.897,0.122,48.968,0.408,0.122,0.045,1.019,0.53,6.728,3.67,0.897,1.59,1.468,2.609,1.794,0.571,0.367,0.449,58.468,0.896,0.52,16.91,58.08,13.32,26.37,12.55,0.224,0.269,"FB",0.945
26633,"Sporting Gijón","Alberto Lora Ramos","Right Back",0.942,2513.4,47.732,35.772,8.451,0.609,0.107,29.649,0.215,0,0.006,0.68,0.394,12.962,4.01,2.256,2.829,2.22,4.082,2.471,1.182,0.322,0.573,32.334,0.749,0.579,20.36,54.13,66.73,25.81,11.04,0.172,0.303,"FB",0.952
26669,"Málaga","Weligton Róbson Pena de Oliveira","Left Center Back",0.992,2698.7,39.72,28.748,13.273,0.133,0.067,22.745,0.133,0,0.013,0.133,0.067,8.604,4.469,2.134,5.303,1.801,3.135,1.701,1.167,0.167,0.1,22.845,0.724,0.5,26.5,36.62,25.4,19.82,14.84,0.026,0.595,"CB",1
26683,"Lazio","Abdoulay Konko","Right Back",0.706,1598.5,59.962,45.999,7.939,0.394,0,41.101,0.732,0,0.028,1.802,1.182,19.087,6.531,1.576,2.871,2.759,4.11,2.815,2.14,1.239,1.07,42.283,0.767,0.656,17.92,58.36,51.29,26.45,27.55,0.228,0.253,"FB",1
26685,"Rayo Vallecano","Nicolás Ladislao Fedor Flores","Center Forward",0.452,1595.6,23.07,17.091,1.467,1.241,0.169,21.491,2.369,0.508,0.567,2.087,0.903,19.855,3.779,0.564,0.508,2.031,7.389,1.354,2.369,1.861,2.538,43.433,0.741,0.432,13.69,76.26,42.18,23.52,22.12,0.42,0.058,"FW",0.881
26690,"Rayo Vallecano","Alberto Mateus Contreiras Gonçalves","Center Forward",0.465,1032.6,21.005,13.509,1.83,0.697,0.087,13.248,2.179,0.349,0.405,1.046,0.523,13.771,2.528,0.523,1.656,1.133,6.537,1.307,1.656,1.482,2.702,37.216,0.643,0.5,15,76.33,38.77,23.99,20.58,0.423,0.062,"FW",0.886
26696,"Everton","Arouna Koné","Left Wing",0.597,1521.6,35.016,29.278,2.188,0.532,0.177,37.5,2.188,0.296,0.272,3.371,1.952,10.647,4.909,0.591,0.591,1.479,4.495,1.715,1.124,2.484,3.076,52.938,0.836,0.579,14.74,73.74,36.71,23.41,22.63,0.431,0.091,"AM_W",0.834
26699,"Crystal Palace","Emmanuel Adebayor","Center Forward",0.42,650.7,33.195,25.035,2.075,0.968,0.138,29.184,1.66,0.138,0.296,1.936,0.83,16.736,3.458,0.553,0.692,0.968,6.639,0,1.798,3.043,3.043,61.272,0.754,0.429,14.53,78.37,37.91,21.55,22.57,0.45,0.035,"FW",0.912
26723,"Real Betis","Álvaro Cejudo Carmona","Left Wing",0.29,1935.7,36.452,24.456,7.207,0.976,0.093,35.569,1.674,0.046,0.059,3.627,1.767,19.853,6.044,2.139,0.976,3.162,4.138,2.325,2.697,2.232,2.139,39.335,0.671,0.487,19.07,66.58,47.13,26.82,25.81,0.343,0.187,"AM_W",0.859
26728,"Genoa","Alberto Facundo Costa","Left Defensive Midfield",0.54,954.5,67.042,51.295,18.481,1.509,0,49.598,1.603,0,0.049,0.849,0.754,19.518,7.26,1.226,1.414,0.849,2.64,1.226,1.792,1.697,0.754,56.669,0.765,0.889,23.32,62.58,32.39,21.5,19.09,0.208,0.141,"DM_CM",0.992
26752,"Troyes","Mouhamadou Dabo","Left Back",0.885,1189.2,40.489,32.997,6.054,0.303,0,28.91,0.454,0,0.012,1.287,1.06,11.352,5.071,0.908,3.33,2.043,3.33,1.892,1.362,0.832,0.454,28.078,0.815,0.824,18.82,50.35,18.53,28.31,20.72,0.158,0.367,"FB",1
26753,"Las Palmas","Javier Varas Herrera","Goalkeeper",1,2894.3,37.968,23.695,25.499,0,0,19.715,0,0,0,0.093,0.093,0.218,5.473,0,0.062,0,0,0,0.062,0,0,16.823,0.624,1,43.46,11.03,40.29,7.25,8.92,0,0.995,"GK",1
26764,"Eibar","Jon Ansotegi Gorostola","Left Center Back",0.637,562.8,28.623,19.668,9.115,0.32,0,13.592,0.64,0,0.052,0,0,7.995,0.48,1.759,6.236,0.64,2.878,1.119,0.8,0,0,16.79,0.687,0,27.11,38.58,38.79,18.73,18.18,0.027,0.547,"CB",0.99
26775,"Stade de Reims","Thievy Guivane Bifouma Koulossa","Center Forward",0.373,967.4,25.305,17.583,1.209,0.744,0.093,31.91,1.675,0.372,0.312,3.07,1.395,19.257,6.605,0.186,0.093,1.302,6.791,1.116,1.861,4,5.024,57.865,0.695,0.455,12.85,82.39,41.58,21.27,22.36,0.556,0.031,"FW",0.734
26776,"Granada","Juan Isaac Cuenca López","Left Midfield",0.525,821.8,24.969,20.26,1.533,0.329,0.219,27.707,1.095,0.219,0.114,2.957,1.643,14.456,4.709,1.314,0.11,1.971,2.738,1.533,0.986,0.986,1.424,27.488,0.811,0.556,15.6,68.81,20.56,25.4,18.8,0.336,0.136,"AM_W",0.963
26780,"Valencia","Guilherme Magdalena Siqueira","Left Back",0.98,1130.4,49.919,40.047,6.051,0.159,0,34.712,0.398,0,0.019,2.548,1.035,11.385,3.822,2.468,2.388,1.752,3.185,2.309,1.433,0.955,0.239,34.872,0.802,0.406,17.44,58.47,10.31,27.2,9.64,0.222,0.253,"FB",0.98
26783,"Málaga","Roque Luis Santa Cruz Cantero","Left Center Forward",0.453,481.2,32.544,25.81,1.309,1.122,0.187,26.185,0.935,0.374,0.158,2.057,0.748,11.97,1.683,0.748,0.935,0.748,8.042,0.935,0.748,1.87,3.928,53.865,0.793,0.364,14.12,77.75,40.65,22.25,21.36,0.483,0.049,"FW",0.91
26848,"Rayo Vallecano","Roberto Trashorras Gayoso","Right Defensive Midfield",0.461,3222.1,74.858,61.171,21.592,1.592,0.196,56.562,0.922,0.084,0.09,1.648,0.95,12.96,6.005,1.257,1.145,1.201,3.156,1.844,1.48,1.285,1.061,61.842,0.817,0.576,23.42,59.34,38.5,23.71,22.45,0.186,0.203,"DM_CM",0.973
27044,"Udinese","Marco Antônio De Mattos Filho","Left Center Midfield",0.757,489.7,40.061,29.77,5.697,1.103,0,30.138,1.654,0,0.079,2.021,1.838,25.544,5.697,1.654,1.286,1.654,4.594,2.389,2.205,1.103,0.919,34.916,0.743,0.909,17.83,61.14,24.35,26.04,16.26,0.227,0.243,"DM_CM",0.845
27053,"West Ham United","Alexandre Dimitri Song-Billong","Center Defensive Midfield",0.716,688,60.567,50.494,10.073,1.047,0,51.279,0.785,0,0.028,1.831,1.308,26.163,10.858,0.523,0.785,1.177,5.887,4.971,2.485,1.57,0.785,46.701,0.834,0.714,19.27,57.41,36.12,20.66,19.22,0.136,0.21,"DM_CM",0.965
27054,"Getafe","Roberto Lago Soto","Left Back",1,1407.4,42.844,34.019,5.499,0.576,0.128,25.706,0.256,0,0.006,1.279,0.767,13.557,2.622,2.238,2.238,1.535,3.389,2.43,1.663,0.448,0.384,28.2,0.794,0.6,17.55,55.99,11.22,27.41,10.07,0.213,0.298,"FB",1
27092,"Getafe","Abdoul Karim Yoda","Left Back",0.809,1029.3,45.995,34.277,7.607,0.874,0,39.087,0.7,0,0.073,5.859,3.498,15.04,5.859,1.924,1.749,1.749,2.798,2.186,1.399,1.574,2.361,38.737,0.745,0.597,19.37,60,19.62,27.54,20.58,0.267,0.24,"FB",0.823
27109,"Granada","Youssef El-Arabi","Center Forward",0.625,2614.8,22.132,14.869,2.788,0.723,0.034,20.996,2.478,0.551,0.473,2.203,1.274,18.001,3.717,0.482,0.757,1.136,6.368,1.239,1.652,1.618,2.96,42.646,0.672,0.578,16.83,75.07,39.61,22.95,20.57,0.4,0.066,"FW",0.992
27110,"Chievo","Antonio Floro Flores","Left Center Forward",0.608,679.1,31.276,20.806,5.036,0.795,0,27.963,3.711,0.133,0.202,2.916,1.723,16.168,3.048,0.398,0.398,1.06,4.771,1.06,1.458,2.253,4.108,58.179,0.665,0.591,17.28,79.34,37.29,21.94,21.44,0.496,0.052,"FW",0.895
27110,"Sassuolo","Antonio Floro Flores","Left Wing",0.915,669,35.651,23.005,6.188,1.345,0.269,34.44,4.171,0.404,0.296,4.305,2.422,11.57,4.171,0.404,0.807,1.614,5.381,1.614,0.538,2.691,2.018,53.948,0.645,0.563,20.08,74.12,20.32,23.21,14.97,0.429,0.087,"AM_W",0.944
27122,"Levante UD","Simão Mate","Center Defensive Midfield",0.416,2335.2,38.464,29.368,7.515,0.116,0,24.319,0.501,0.039,0.03,0.54,0.347,12.988,4.972,2.274,3.854,1.85,3.738,1.85,2.235,0.27,0.385,24.281,0.764,0.643,21.33,50.09,40.45,21.13,18.54,0.068,0.299,"DM_CM",0.789
27123,"Levante UD","Jordi Xumetra Feliu","Right Midfield",0.573,548.1,24.139,16.421,2.299,0.657,0,21.511,1.314,0,0.131,1.478,0.328,15.6,3.941,0,0.164,1.806,3.613,0.657,2.135,2.299,1.806,35.141,0.68,0.222,16.75,72.88,50.22,24.38,22.14,0.398,0.107,"AM_W",0.897
27144,"Rayo Vallecano","Antonio Amaya Carazo","Right Center Back",0.701,1087.3,42.63,32.201,9.851,0,0,25.661,0.248,0.083,0.017,0.497,0.414,9.933,2.318,2.401,4.967,2.152,3.394,1.738,1.738,0.248,0.083,28.476,0.755,0.833,23.12,39.05,45.17,19.52,18.52,0.029,0.514,"CB",0.993
27146,"Aston Villa","Aly Cissokho","Left Back",0.798,1689.5,49.754,34.998,8.896,0.479,0,32.015,0.213,0,0.005,0.586,0.32,11.027,3.09,1.492,4.475,2.877,2.291,1.545,0.852,0.32,0.16,34.306,0.703,0.545,19.65,58.84,10.72,29.98,9.86,0.265,0.286,"FB",1
27148,"Espanyol","Abraham González Casanova","Left Center Midfield",0.441,1148.1,41.625,32.454,8.701,1.176,0.078,29.867,1.254,0.078,0.222,0.47,0.157,16.227,4.39,1.96,0.549,1.881,3.606,1.96,1.097,0.549,1.019,39.587,0.78,0.333,20.65,63.09,31.54,23.39,19.68,0.243,0.171,"DM_CM",0.782
27184,"Málaga","Marcos Alberto Angeleri","Right Center Back",0.562,1152.3,29.992,23.197,8.201,0.156,0,18.355,0.234,0,0.023,0.078,0,9.294,3.202,1.796,5.077,1.172,3.671,1.953,1.172,0.078,0.156,18.589,0.773,0,24.21,39.53,40.94,20.92,20.61,0.027,0.533,"CB",1
27239,"Eibar","Aleksandar Pantić","Left Center Back",0.66,1737.2,27.458,17.511,8.548,0.052,0,13.988,0.518,0,0.044,0.155,0.104,6.528,3.575,2.331,5.802,1.295,3.626,1.347,1.399,0.052,0,12.848,0.638,0.667,25.28,40.2,37.05,20.66,18.24,0.034,0.5,"CB",0.985
27241,"Espanyol","Víctor Guillermo Álvarez Delgado","Left Back",0.478,2004.7,33.985,22.896,5.387,0.539,0.09,27.699,0.584,0.045,0.072,2.424,1.167,15.264,3.906,1.706,1.616,2.245,3.906,2.29,1.751,1.526,1.437,31.785,0.674,0.481,19.05,60.4,14.94,27.31,12.13,0.238,0.247,"FB",0.508
27243,"RC Deportivo La Coruña","Oriol Riera Magem","Right Center Forward",0.525,852.3,27.878,19.008,2.112,0.845,0,22.176,2.534,0.211,0.298,1.162,0.739,18.057,2.323,0.211,0.634,1.373,7.286,0.739,2.323,1.267,2.851,57.234,0.682,0.636,14.7,76.09,43.01,21.7,20.78,0.421,0.042,"FW",0.815
27250,"Levante UD","Nabil Ghilas","Right Center Forward",0.52,1060.8,19.938,12.387,1.273,0.764,0.085,20.277,1.782,0,0.143,3.139,1.527,14.254,2.46,0.679,0.764,1.188,5.26,0.339,2.036,2.46,3.818,46.07,0.621,0.486,14.41,77.63,35.89,22.99,21.46,0.472,0.066,"FW",0.905
27305,"RC Deportivo La Coruña","Germán Darío Lux","Goalkeeper",1,2653.5,34.731,18.281,29.643,0.034,0,16.789,0,0,0,0.034,0.034,0.102,4.477,0,0.102,0,0,0,0.034,0,0,15.059,0.526,1,55.65,10.55,41.63,6.92,8.79,0,0.993,"GK",1
27335,"Málaga","Arthur Etienne Boka","Left Back",0.985,1081.2,55.439,42.037,7.492,0.416,0,38.458,0.583,0,0.047,2.414,1.082,9.656,5.91,1.915,1.498,2.081,3.996,1.498,1.415,1.249,1.165,37.292,0.758,0.448,18.62,62.44,11.53,26.58,10.5,0.271,0.219,"FB",0.985
27341,"Celta Vigo","Marcelo Alfonso Díaz Rojas","Left Defensive Midfield",0.63,1022.4,66.729,59.51,12.589,0.264,0.088,52.291,1.056,0,0.035,0.616,0.352,16.55,6.514,1.673,1.232,1.585,2.465,1.409,1.144,0.88,0.616,56.253,0.892,0.571,21.22,55.85,40.21,19.46,17.34,0.115,0.216,"DM_CM",0.998
27346,"Real Betis","Petros Matheus dos Santos Araújo","Right Defensive Midfield",0.493,2462.1,43.683,36.006,5.081,0.585,0.037,33.191,0.329,0.037,0.031,1.462,0.914,27.233,6.141,1.645,1.353,2.339,4.825,3.729,2.339,1.353,0.731,33.886,0.824,0.625,17.69,53.13,42.85,21.23,20.64,0.103,0.27,"DM_CM",0.974
27347,"Real Betis","Juan Manuel Vargas Risco","Left Back",0.962,1823,45.469,31.645,10.367,1.135,0.099,27.252,0.889,0.099,0.021,1.086,0.79,6.418,5.48,1.925,3.308,2.123,2.123,1.234,1.382,0.691,0.642,27.005,0.696,0.727,20.89,58.34,12.18,30.35,12.14,0.264,0.296,"FB",0.962
27348,"Real Betis","Ricky van Wolfswinkel","Right Center Forward",0.48,658.9,23.221,15.845,0.82,0.546,0.273,18.713,2.049,0.137,0.288,0.683,0.546,16.391,2.595,1.093,0.956,2.186,8.332,1.366,2.868,0.956,2.595,41.798,0.682,0.8,12.69,77.38,40.87,22.89,22.48,0.456,0.045,"FW",0.862
27349,"Real Betis","Heiko Westermann","Left Center Back",0.942,1759.3,33.099,25.527,7.827,0.102,0,20.361,0.767,0.051,0.073,0.358,0.256,8.594,2.967,1.995,7.571,1.688,3.888,2.251,1.125,0.358,0.102,21.281,0.771,0.714,23.41,38.8,28.76,21.51,16.22,0.045,0.553,"CB",1
27403,"Getafe","Santiago Vergini","Right Center Back",0.945,2295.2,36.35,30.194,10.234,0.039,0,25.527,0.314,0,0.032,0.588,0.392,7.764,4.745,2.863,3.96,1.176,2.588,1.49,1.02,0.196,0.235,23.998,0.831,0.667,24.3,37.78,54.68,18.75,14.67,0.025,0.59,"CB",0.995
27457,"RC Deportivo La Coruña","Manuel Fernández Muñíz","Goalkeeper",0.998,706.7,31.201,14.518,28.018,0.127,0,13.245,0,0,0,0,0,0,3.566,0,0.255,0,0,0,0,0,0.127,11.844,0.465,0,59.12,11.24,40.49,8.66,8.47,0,0.986,"GK",0.998
27463,"Levante UD","Mauricio Andrés Cuero Castillo","Right Midfield",0.58,511.2,25.002,16.022,2.641,1.056,0.176,30.636,1.761,0,0.055,4.93,2.993,13.733,4.402,0.704,0.528,1.232,2.641,1.409,1.409,2.817,2.993,39.791,0.641,0.607,16.37,76.84,53.29,27.38,25.91,0.496,0.123,"AM_W",0.898
27480,"Valencia","Lucas Alfonso Orbán Alegre","Left Back",1,565.3,42.033,32.48,8.12,0,0,28.5,0,0,0,1.592,0.796,14.648,5.413,3.025,2.866,1.274,4.617,3.821,2.866,0.478,0.637,26.43,0.773,0.5,20.56,51.91,11.9,27.5,9.56,0.163,0.362,"FB",1
27482,"Valencia","Aderllan Leandro de Jesus Santos","Left Center Back",0.567,1589.5,37.2,30.858,10.192,0.057,0,26.046,0.453,0,0.061,0.51,0.453,9.626,3.001,2.378,5.096,1.925,3.907,2.831,0.736,0.226,0.226,27.518,0.83,0.889,24.07,37.46,35.47,18.63,18.02,0.018,0.563,"CB",1
27483,"Sevilla","Benoît Trémoulinas","Left Back",0.994,2233.2,47.756,34.941,8.262,0.645,0.121,31.434,0.524,0,0.032,1.249,0.524,6.891,3.385,1.048,2.096,1.612,2.499,1.209,0.484,0.524,0.564,36.029,0.732,0.419,20.02,61.67,9.96,31.11,8.67,0.313,0.278,"FB",0.994
27521,"Las Palmas","Juan Emmanuel Culio","Left Center Midfield",0.521,597.3,54.844,45.653,6.629,1.205,0.151,51.981,0.753,0,0.02,4.219,2.561,18.683,7.684,1.657,0.452,2.26,4.972,3.164,2.411,1.205,1.507,52.433,0.832,0.607,18.49,60.43,29.52,21.05,18.57,0.165,0.171,"DM_CM",0.963
27522,"Las Palmas","Antolín Alcáraz Viveros","Right Center Back",0.891,559.3,42.16,30.252,11.425,0.322,0,25.103,0.322,0.161,0.06,0.322,0.322,9.011,2.736,2.575,4.345,1.931,5.31,3.057,1.287,0.483,0,26.873,0.718,1,24.03,42.27,58.61,22.02,14.36,0.047,0.469,"CB",1
27526,"Sporting Gijón","Rachid Aït-Atmane","Left Defensive Midfield",0.64,1111.8,41.366,31.085,8.662,0.89,0.081,33.514,0.486,0,0.029,1.133,0.648,19.914,8.581,2.105,0.648,1.862,4.938,3.076,2.348,1.538,1.133,31.328,0.751,0.571,20.68,58.45,37.16,23.05,20.57,0.168,0.211,"DM_CM",0.955
27558,"AS Monaco","Elderson Uwa Echiejile","Left Back",0.943,1665.2,47.994,34.59,8.431,0.432,0.054,28.861,0.324,0,0.026,1.243,0.811,15.025,4.81,0.865,3.081,2.432,4.162,2.486,1.513,0.54,0.919,32.752,0.721,0.652,20.08,56.26,12.12,29.02,11.43,0.237,0.313,"FB",0.992
27595,"Sampdoria","Carlos Mario Carbonero Mancilla","Right Wing",0.506,1080.5,45.313,38.066,4.831,0.916,0.167,40.982,0.5,0,0.058,2.499,1.416,24.406,5.831,1,1.083,2.915,4.998,3.165,2.582,1.499,2.332,51.893,0.84,0.567,16.39,66.7,56.81,26.61,19.84,0.328,0.174,"AM_W",0.673
27656,"Levante UD","Carl Medjani","Right Center Back",0.895,1308.4,35.15,27.033,10.937,0.206,0,24.144,0.413,0.069,0.037,0.206,0.138,5.641,1.651,1.101,5.228,1.307,2.339,0.894,0.619,0.069,0.069,27.652,0.769,0.667,26.12,38.13,54,19.39,16.24,0.034,0.588,"CB",1
27853,"Fiorentina","Mauro Matías Zárate","Left Wing",0.314,757.7,31.478,24.707,2.376,1.188,0,37.654,4.751,0.356,0.323,4.276,2.376,18.53,3.92,0.594,0.119,1.544,3.682,0.95,2.613,2.97,3.326,52.265,0.785,0.556,15.34,77.63,35.32,21.37,21.47,0.501,0.051,"AM_W",0.671
27853,"West Ham United","Mauro Matías Zárate","Right Wing",0.303,819.7,36.891,27.339,6.807,1.866,0,37.55,3.294,0.439,0.212,5.16,2.855,15.371,6.148,0.11,0.659,1.537,3.623,2.196,1.647,3.404,2.086,45.016,0.741,0.553,18.47,72.79,34.85,26.38,26.05,0.431,0.128,"AM_W",0.975
28100,"Chelsea","Ramires Santos do Nascimento","Right Defensive Midfield",0.567,644.7,46.344,36.433,7.677,0.14,0,38.108,1.396,0.279,0.11,2.094,0.977,21.078,5.584,0.419,1.256,2.652,5.723,3.071,3.211,1.954,0.977,42.714,0.786,0.467,19.12,62.39,49.37,22.8,17.39,0.218,0.161,"DM_CM",0.682
28289,"Torino","Gastón Alexis Silva Perdomo","Left Wing Back",0.638,928.1,51.103,39.758,10.764,0.97,0.097,38.788,0.679,0,0.017,1.455,0.679,18.037,4.267,1.552,2.133,3.588,4.267,2.812,1.648,0.291,1.261,42.182,0.778,0.467,21.18,50.66,17.71,27.08,19.42,0.152,0.37,"FB",0.638
28442,"Carpi","Matteo Fedele","Left Center Midfield",0.696,586.8,34.665,25.615,10.737,1.227,0,27.916,1.687,0,0.094,1.227,0.614,25.922,6.135,1.227,1.074,1.534,3.528,2.454,3.374,1.227,1.38,31.597,0.739,0.5,24.8,58.08,31.78,25.61,22.56,0.219,0.27,"DM_CM",1
28559,"West Ham United","Enner Remberto Valencia Lastra","Center Forward",0.393,1099.1,21.208,15.64,1.801,0.573,0.164,25.056,2.702,0.328,0.298,2.948,1.31,16.868,4.667,0.655,1.31,2.047,6.796,1.801,1.146,3.357,3.685,44.135,0.737,0.444,14.98,73.24,39.75,26.26,23.1,0.433,0.119,"FW",0.524
28782,"Leicester City","Ritchie De Laet","Right Back",0.952,694.8,43.004,27.46,9.715,0.518,0,20.595,0.259,0.13,0.016,1.425,0.389,14.248,3.756,0.907,3.109,4.275,6.217,3.886,0.907,0.389,0.389,23.704,0.639,0.273,21.22,59.23,67.96,30.47,11.34,0.27,0.261,"FB",0.952
29057,"Lille","Renato Civelli","Right Center Back",0.779,2948.8,38.731,27.621,12.453,0.153,0,21.914,0.519,0,0.058,0.214,0.214,7.02,4.334,1.099,4.548,1.831,3.113,1.434,0.916,0.244,0.183,24.356,0.713,1,26.17,42.03,51.14,22.78,16.9,0.065,0.521,"CB",1
29133,"Troyes","Brayan Andrés Perea Vargas","Center Forward",0.705,577,20.589,14.038,0.624,0.468,0,14.506,0.936,0,0.13,1.56,0.78,19.497,2.028,0,1.092,1.248,7.799,0.624,3.743,1.248,2.652,50.38,0.682,0.5,12.51,76.62,38.88,22.64,19.62,0.43,0.061,"FW",0.906
2936,"Guingamp","Christophe Kerbrat","Right Center Back",1,2696.9,36.943,29.1,10.379,0.133,0,23.561,0.133,0,0.007,0.1,0.067,11.447,3.771,1.869,5.907,1.735,3.838,2.57,0.868,0.1,0.2,23.227,0.788,0.667,25.03,37.79,53.92,19.11,14.66,0.024,0.577,"CB",1
2943,"Nantes","Lucas Deaux","Left Center Back",0.324,1234.8,45.263,36.735,12.026,0.364,0,33.018,0.292,0,0.021,0.729,0.364,21.575,4.009,0.875,2.332,2.551,4.227,2.478,1.895,0.292,0.875,36.954,0.812,0.5,23.53,47.99,37.09,23.22,20.42,0.099,0.41,"CB",0.668
2944,"Saint-Étienne","Benjamin Corgnet","Center Attacking Midfield",0.747,589.5,40.303,24.426,3.053,1.069,0.153,29.311,1.679,0.153,0.171,2.901,1.069,22.136,5.191,0.916,1.069,1.832,5.954,1.832,2.748,1.527,1.221,54.043,0.606,0.368,15.51,71.64,37.2,22.89,21.89,0.352,0.097,"AM_W",0.947
2946,"Bordeaux","Frédéric Guilbert","Right Center Back",0.511,2526.3,44.032,33.131,9.939,0.249,0,28.82,0.356,0,0.012,1.104,0.606,14.214,3.919,1.781,3.954,2.244,4.631,2.601,1.033,0.606,0.499,29.675,0.752,0.548,22.08,49.86,61.77,24.54,13.34,0.121,0.374,"CB",0.511
2947,"Lyon","Anthony Lopes","Goalkeeper",1,3471.8,27.608,19.702,14.724,0,0,12.521,0,0,0,0.026,0.026,0.104,4.303,0,0.104,0.052,0,0,0,0,0,10.654,0.714,1,39,10.06,39.41,7.26,9.46,0,0.986,"GK",1
2948,"Lyon","Nabil Fekir","Right Center Forward",0.373,493.1,38.149,31.578,7.484,2.008,0,43.26,3.651,0.73,0.346,4.563,2.555,14.055,2.738,0.548,0.183,0.913,3.833,1.46,1.825,3.103,3.286,60.053,0.828,0.56,20.14,81.68,45.26,19.69,23.09,0.557,0.021,"FW",0.545
2950,"Montpellier","Jonas Martin","Left Defensive Midfield",0.431,3241.6,59.777,51.364,7.524,0.639,0.083,50.087,0.861,0.111,0.094,1.721,1.194,18.602,6.358,1.444,1.138,2.249,3.332,1.638,1.222,1.971,1.027,56.667,0.859,0.694,17.78,61.33,26.41,21.01,17.17,0.172,0.142,"DM_CM",0.895
2953,"Gazélec Ajaccio","Abdou Kader Mangane","Right Center Back",0.492,2568.2,35.254,26.388,11.179,0.245,0.035,25.372,0.526,0.035,0.051,0.35,0.245,11.88,4.836,1.402,6.238,1.437,3.925,2.348,1.332,0.385,0.526,24.916,0.749,0.7,26.19,42.95,44.12,21.48,17.5,0.061,0.493,"CB",0.797
2955,"Caen","Ronny Rodelin","Right Wing",0.319,636.5,36.056,22.623,4.242,1.131,0.141,26.724,1.838,0.283,0.133,2.262,1.273,13.008,4.1,1.414,1.273,1.697,3.535,1.838,0.424,0.99,2.545,45.246,0.627,0.563,18.08,70.99,41.45,26.1,26.03,0.405,0.138,"AM_W",0.909
2955,"Stade Malherbe Caen","Ronny Rodelin","Right Wing",0.36,2232.7,35.07,21.566,6.53,1.129,0.04,25.194,2.338,0.322,0.179,1.169,0.685,11.569,5.079,0.645,1.209,1.693,4.031,0.927,0.645,1.25,2.016,49.985,0.615,0.586,19.88,72.73,49.07,25.26,24.2,0.429,0.119,"AM_W",0.89
2959,"Caen","Julien Féret","Left Center Midfield",0.432,753.6,42.279,29.38,9.913,1.433,0.239,36.188,1.075,0.239,0.142,2.269,1.194,16.72,6.33,1.075,1.553,1.911,2.747,1.314,0.836,1.911,2.15,40.01,0.695,0.526,21.12,62.78,30.54,23.09,19.61,0.222,0.163,"DM_CM",0.75
2959,"Stade Malherbe Caen","Julien Féret","Left Center Midfield",0.614,2628.2,48.626,33.628,12.67,1.746,0.205,35.716,0.822,0.068,0.087,1.507,0.719,16.163,7.431,1.267,1.336,2.157,3.082,1.233,0.377,1.849,2.466,43.387,0.692,0.477,21.81,64.82,31.89,23.36,20.25,0.257,0.147,"DM_CM",0.885
2961,"Toulouse","Yann Bodiger","Center Defensive Midfield",0.775,1136.8,55.1,41.404,10.213,0.475,0,41.088,0.792,0.079,0.062,1.9,1.188,25.017,7.758,2.058,2.138,1.821,4.988,2.929,1.979,1.108,0.792,42.513,0.751,0.625,20.89,54.1,38.52,20.53,19.82,0.108,0.24,"DM_CM",0.997
2963,"Caen","Rémy Vercoutre","Goalkeeper",1,837.7,25.356,15.041,22.455,0,0,7.628,0,0,0,0.107,0.107,0,4.942,0,0,0,0,0,0,0,0,5.694,0.593,1,55.88,9.35,40.31,7.86,8.67,0,0.984,"GK",1
2963,"Stade Malherbe Caen","Rémy Vercoutre","Goalkeeper",1,2709.4,26.773,14.582,23.983,0,0,9.434,0,0,0,0,0,0.1,4.451,0,0,0.033,0,0,0,0,0,6.743,0.545,0,57.06,10.12,41.43,8.65,9.73,0,0.981,"GK",1
2966,"West Bromwich Albion","Stéphane Sessègnon","Right Midfield",0.636,1818.1,31.583,22.92,4.604,1.287,0.099,35.742,1.386,0.099,0.062,4.158,2.475,10.891,7.178,0.891,0.743,1.436,2.97,1.04,1.089,2.921,2.97,39.504,0.726,0.595,17.93,74.51,57.64,27.38,20.44,0.479,0.126,"AM_W",0.986
296873,"Frosinone","Roberto Crivello","Left Back",0.989,1495.2,37.802,28.472,7.825,0.662,0.06,22.392,0.181,0,0.007,0.783,0.361,13.303,3.852,1.204,2.649,2.829,3.07,2.167,1.324,0.722,0.843,24.499,0.753,0.462,20.99,51.36,12.39,30.89,10.46,0.209,0.397,"FB",1
2969,"Troyes","Karim Azamoum","Right Midfield",0.408,752.4,45.215,34.928,7.895,1.555,0.12,37.44,1.675,0.239,0.112,1.316,0.359,23.684,3.947,1.077,1.196,1.077,6.459,2.632,1.794,1.435,2.512,52.153,0.772,0.273,19.41,62.57,53.2,26.91,21.68,0.287,0.22,"AM_W",0.662
2971,"OGC Nice","Romain Genevois","Right Center Back",0.888,1046.9,60.778,52.354,11.176,0.258,0,45.304,0.086,0.086,0.066,0.688,0.43,13.755,3.611,1.977,4.04,2.063,4.814,3.181,1.118,0.344,0.774,48.313,0.861,0.625,20.71,42.16,60.08,18.6,12.88,0.027,0.449,"CB",0.89
29714,"Rennes","Yacouba Sylla","Right Defensive Midfield",0.402,1548.7,51.546,42.539,13.075,0.465,0.058,43.236,0.639,0,0.025,1.627,1.278,22.432,6.741,1.22,2.441,1.627,4.707,2.848,2.266,2.092,1.162,44.98,0.825,0.786,23.06,55.41,38.96,19.46,19.13,0.111,0.198,"DM_CM",1
2975,"Montpellier","Mathieu Deplagne","Right Back",0.887,1863.8,48.047,38.873,5.553,0.338,0,31.436,0.29,0,0.012,0.724,0.29,12.314,4.829,1.4,3.042,2.366,3.622,2.076,1.352,1.159,0.531,32.981,0.809,0.4,18.45,56.55,63.44,26.73,18.93,0.196,0.26,"FB",0.974
2979,"Stade Malherbe Caen","Jonathan Delaplace","Right Center Midfield",0.853,1168.2,35.517,24.345,4.623,0.77,0,26.04,1.079,0,0.078,1.002,0.385,28.121,4.931,1.31,1.002,2.157,4.006,2.234,1.618,0.847,1.002,36.133,0.685,0.385,17.76,68.58,50.07,24.76,18.62,0.341,0.136,"DM_CM",0.983
2980,"Montpellier","Kévin Bérigaud","Left Wing",0.258,1088.7,29.183,21.412,1.984,0.579,0.083,28.687,1.819,0.248,0.221,1.571,0.579,16.7,3.307,0.579,0.083,1.323,4.712,1.323,0.827,1.653,2.976,48.776,0.734,0.368,14.41,78.37,37.19,22.42,24.57,0.512,0.068,"AM_W",0.587
2981,"Toulouse","Alban Lafont","Goalkeeper",1,2229.2,27.777,13.525,21.56,0,0,12.072,0,0,0,0,0,0.04,5.491,0,0.04,0,0,0,0,0,0,8.357,0.487,0,50.3,10.81,40.75,8.15,9.41,0.001,0.984,"GK",1
2983,"Lyon","Jérémy Morel","Left Back",0.847,2611.2,57.387,45.703,7.204,0.827,0.034,37.362,0.31,0,0.015,0.862,0.379,10.685,4.239,0.896,3.102,1.896,2.757,1.689,0.689,0.931,0.793,42.705,0.796,0.44,18.92,59.65,13.14,26.44,12,0.231,0.24,"FB",0.856
2985,"Rennes","Ludovic Baal","Left Wing Back",0.415,1574,55.807,44.829,5.375,0.801,0.172,43.114,0.057,0,0.001,1.944,1.258,20.413,5.318,1.201,1.544,2.859,4.231,2.916,1.086,2.402,1.715,49.289,0.803,0.647,16.41,62.53,11.44,27.42,12.09,0.293,0.224,"FB",0.726
29875,"Bastia","Axel Ngando","Center Attacking Midfield",0.344,1237.7,38.757,31.05,5.09,1.091,0.073,36.067,1.018,0.145,0.121,2.181,1.672,25.305,5.163,0.8,0.436,1.6,5.09,2.109,2.109,2.545,2.036,45.52,0.801,0.767,17.53,64.62,42.24,21.97,21.89,0.232,0.132,"AM_W",0.605
2988,"Manchester United","Memphis Depay","Left Wing",0.625,1576.4,42.877,31.23,5.538,0.685,0,44.647,3.197,0.114,0.25,3.768,1.884,10.676,4.967,0.457,0.571,1.142,2.112,0.685,1.256,3.768,3.54,58.578,0.728,0.5,17.11,81.37,18.28,22.62,16.4,0.576,0.052,"AM_W",0.901
2989,"Bastia","Alexander Djiku","Right Back",0.842,1665,39.676,27.947,6.973,0.216,0,19.514,0.108,0,0.003,0.811,0.595,17.892,3.135,1.676,3.946,1.892,4.811,2.973,1.676,0.649,0.324,23.082,0.704,0.733,20.87,50.39,68.33,25.52,11.75,0.132,0.37,"FB",0.907
2990,"Rennes","Benjamin André","Left Defensive Midfield",0.464,2723.1,65.044,52.32,9.122,0.727,0.066,52.32,0.727,0,0.04,1.818,1.058,27.036,6.346,1.454,1.884,2.776,6.875,3.47,1.785,2.38,1.884,62.995,0.804,0.582,18.61,60.07,35.6,21.4,21.41,0.185,0.171,"DM_CM",0.922
2991,"Stade Malherbe Caen","Hervé Bazile","Left Midfield",0.597,835.4,32.106,18.962,7.973,1.508,0.323,29.735,2.37,0,0.096,3.34,1.724,18.208,3.555,1.724,0.862,1.939,4.525,2.909,1.293,2.262,3.232,47.728,0.591,0.516,20.33,75.1,31.23,27.51,26.88,0.506,0.136,"AM_W",0.961
2992,"Caen","Vincent Bessat","Left Back",0.409,680.4,41.665,28.967,8.994,1.455,0,29.76,1.323,0.132,0.1,1.455,1.058,16.005,5.026,1.587,1.719,2.249,3.174,1.323,0.926,0.794,1.19,36.242,0.695,0.727,20.72,62.89,16.72,29.8,18.23,0.325,0.259,"FB",0.532
2992,"Stade Malherbe Caen","Vincent Bessat","Left Wing",0.329,2147.1,37.936,25.444,8.342,0.838,0.042,28.378,1.258,0,0.054,1.97,1.258,17.564,5.03,1.006,1.635,1.844,4.024,2.264,0.671,1.383,1.928,39.571,0.671,0.638,19.86,65.5,19.91,29.54,21.29,0.357,0.219,"AM_W",0.621
2993,"Troyes","Stéphane Darbion","Right Wing",0.535,1639.3,49.742,37.608,5.929,1.427,0.055,43.922,1.702,0.055,0.164,2.635,1.208,17.404,5.545,0.824,0.439,1.976,3.733,1.318,1.318,2.196,2.141,59.46,0.756,0.458,17.31,70.23,52.44,26.14,23.8,0.383,0.127,"AM_W",0.977
2994,"Rennes","Abdoulaye Diallo","Goalkeeper",1,658.1,23.111,17.504,14.496,0,0,9.026,0,0,0,0.137,0.137,0,3.829,0,0,0,0,0,0,0,0,6.701,0.757,1,41.53,7.97,41.22,5.92,7.84,0,0.979,"GK",1
2995,"Paris Saint-Germain","Ángel Fabián Di María Hernández","Right Wing",0.691,2080.6,74.576,55.586,17.173,3.158,0.735,64.627,2.942,0.433,0.244,3.461,1.644,13.496,4.845,0.649,0,1.211,0.692,0.562,0.216,2.466,2.466,85.521,0.745,0.475,20.58,72.98,45.99,21.55,22.75,0.378,0.066,"AM_W",0.865
3002,"Troyes","Benjamin Nivet","Center Attacking Midfield",0.368,2428.8,54.396,42.835,9.227,1.26,0.148,44.429,1.112,0.074,0.132,0.889,0.445,26.754,5.743,1.038,1.556,2.668,4.521,2.334,1.705,2.334,1.445,60.585,0.787,0.5,18.82,63.21,45.68,25.19,20.9,0.255,0.181,"AM_W",0.603
3004,"Nantes","Oswaldo Augusto Vizcarrondo Araújo","Right Center Back",0.549,2730.6,35.465,26.434,11.338,0.033,0,22.182,0.396,0,0.029,0.099,0.066,8.24,2.439,0.857,5.999,1.417,3.296,1.483,1.22,0.132,0.132,24.391,0.745,0.667,26.13,39.11,43.01,20.52,19.37,0.045,0.585,"CB",1
3008,"Lorient","Benjamin Lecomte","Goalkeeper",1,3460.3,32.355,18.414,24.085,0.078,0,12.875,0,0,0,0,0,0.182,4.968,0,0.026,0,0,0,0.026,0,0,9.597,0.569,0,49.14,10.1,39.79,7.36,9.76,0,0.99,"GK",1
3010,"Troyes","Corentin Jean","Center Forward",0.529,2677.1,25.416,19.734,1.748,1.278,0.034,24.374,1.849,0.101,0.128,2.051,0.84,17.65,3.463,0.235,0.235,1.042,4.707,0.773,1.378,1.681,2.32,51.034,0.776,0.41,14.47,78.4,41.07,23.3,24.22,0.512,0.074,"FW",0.665
3011,"Montpellier","Daniel Congré","Left Center Back",0.89,3270,39.633,33.523,8.064,0.083,0,25.156,0.275,0.055,0.029,0.413,0.275,10.321,3.55,1.761,4.128,1.486,3.358,2.229,0.908,0.11,0.22,26.587,0.846,0.667,21.65,42.14,23.29,20.88,14.35,0.051,0.469,"CB",0.901
3018,"Rennes","Giovanni-Guy Yann Sio","Center Forward",0.789,2726,24.729,17.993,1.783,0.627,0.165,22.583,2.344,0.231,0.321,1.618,0.792,16.31,2.41,0.264,0.429,1.42,5.415,0.825,2.08,1.717,3.665,54.409,0.728,0.49,14.41,80.69,43.29,21.23,21.65,0.519,0.039,"FW",0.941
30182,"Guingamp","Dorian Lévêque","Left Back",1,1255.7,43.937,30.319,9.389,0,0,23.366,0.573,0.072,0.036,1.218,0.717,12.973,4.946,0.932,2.509,2.222,4.014,3.01,1.362,0.717,0.717,26.305,0.69,0.588,21.64,53.48,12.34,27.8,11.53,0.185,0.342,"FB",1
3020,"Montpellier","Rodrigue Casimir Ninga","Left Wing",0.331,2053.9,25.328,18.492,2.761,0.526,0.175,31.813,1.884,0.307,0.235,3.593,1.621,21.472,4.557,0.789,0.307,1.534,4.382,1.052,2.585,3.812,4.733,52.496,0.73,0.451,16.13,78.26,25.59,23.06,21.78,0.514,0.07,"AM_W",0.611
3022,"Rennes","Fallou Diagne","Right Center Back",0.782,1933.5,43.894,35.097,12.335,0.14,0,29.837,0.791,0.233,0.127,0.512,0.326,9.077,5.12,1.49,5.027,2.234,3.258,1.722,1.536,0.419,0.233,31.047,0.8,0.636,25.08,41.48,50.98,20.16,16.91,0.04,0.492,"CB",0.938
3023,"Real Sociedad","Yuri Berchiche Izeta","Left Back",1,1904.1,56.199,42.019,7.893,0.614,0.189,36.158,0.662,0,0.018,1.323,0.614,13.896,4.963,2.411,2.552,2.458,3.734,2.411,1.512,0.993,1.323,38.191,0.748,0.464,18.37,63.08,10.68,29.15,9.34,0.311,0.233,"FB",1
3024,"Toulouse","Jacques François Moubandje","Left Back",0.931,1965.4,51.791,36.176,8.014,0.778,0,29.627,0.183,0,0.002,2.931,1.511,12.73,5.449,1.236,3.389,2.015,3.984,1.969,0.916,1.374,0.733,29.856,0.698,0.516,19.39,57.41,10.63,28.83,10.19,0.238,0.295,"FB",1
30255,"Montpellier","Mustapha Yatabaré","Center Forward",0.729,1467.6,28.761,20.666,2.024,0.368,0.061,25.878,2.024,0.245,0.374,1.288,0.429,21.831,3.925,0.307,0.368,1.594,6.255,1.042,2.453,2.576,3.863,63.04,0.719,0.333,14.45,81.16,42.75,20.37,20.31,0.517,0.028,"FW",0.966
3026,"Paris Saint-Germain","Adrien Rabiot","Right Center Midfield",0.531,1717.8,77.596,70.051,9.221,0.419,0.052,68.374,0.734,0.052,0.038,2.201,1.257,25.254,6.654,1.362,0.734,1.991,4.349,3.301,1.939,1.519,1.153,74.976,0.903,0.571,17.71,57.08,40.77,19.49,19.42,0.121,0.179,"DM_CM",1
30289,"Newcastle United","Papiss Demba Cissé","Center Forward",0.873,1108.7,33.04,24.11,3.572,0.812,0,26.708,1.948,0.244,0.293,1.786,1.299,15.587,3.572,0.244,0.731,0.812,7.469,0.974,0.974,1.786,4.952,63.645,0.73,0.727,15.84,75.85,41.91,22.22,23.27,0.431,0.056,"FW",0.977
30291,"Stade de Reims","Atila Turan","Left Back",0.54,785.1,39.091,26.366,8.942,0.344,0,28.429,1.49,0.229,0.105,1.376,0.917,11.464,5.388,1.261,2.178,0.802,2.407,1.49,0.917,0.802,1.376,31.295,0.674,0.667,22.19,59.59,15.1,26.8,14.38,0.248,0.255,"FB",0.63
3030,"Toulouse","Wergiton do Rosário Calmon","Right Back",0.563,2208.5,38.184,29.3,3.871,0.367,0.082,28.893,0.489,0,0.04,1.671,0.978,21.598,6.724,1.752,2.893,2.853,6.439,4.116,1.223,2.038,1.508,30.971,0.767,0.585,16.62,57.28,55.89,28.74,23.82,0.245,0.304,"FB",0.686
3032,"Toulouse","Zinédine Machach","Left Center Midfield",0.547,892.6,40.131,30.956,4.134,0.807,0.101,44.266,0.807,0.101,0.026,5.647,2.722,29.242,6.957,0.605,0.504,2.319,5.042,2.722,3.63,3.428,3.63,50.215,0.771,0.482,15.94,67.17,22.77,23.75,19.59,0.326,0.137,"DM_CM",0.573
30338,"Bordeaux","André Biyogo Poko","Right Back",0.533,1985,40.761,28.247,6.393,0.725,0.045,34.504,1.043,0,0.075,2.856,1.496,27.521,6.03,2.086,2.494,2.494,6.257,4.489,2.131,2.131,2.176,36.635,0.693,0.524,19.45,61.31,60.56,27.75,17.9,0.271,0.227,"FB",0.533
3034,"Torino","Kamil Glik","Center Back",0.951,3118.1,47.827,42.17,11.545,0.087,0,34.492,0.577,0,0.048,0.173,0.115,9.871,2.8,1.01,5.744,1.79,2.858,1.328,1.588,0.115,0.289,40.178,0.882,0.667,24.67,36.91,40.61,18.49,12.73,0.03,0.629,"CB",1
3035,"Toulouse","Steeve Yago","Left Center Back",0.501,1523.7,37.33,30.065,5.729,0.177,0,22.504,0.059,0,0.003,0.354,0.177,12.817,4.548,1.595,3.485,2.776,3.131,2.717,1.299,0.532,0.532,21.914,0.805,0.5,20.1,43.6,41.75,24.79,25.18,0.087,0.492,"CB",0.533
3036,"Toulouse","Alexis Blin","Center Defensive Midfield",0.394,1490.5,48.003,37.98,5.736,0.664,0,32.606,0.785,0,0.03,0.725,0.362,25.481,7.125,0.906,2.838,2.838,5.615,2.959,1.389,0.543,0.966,34.719,0.791,0.5,18.4,55.75,34.1,21.85,20.58,0.136,0.224,"DM_CM",0.92
3037,"Tottenham Hotspur","Mousa Sidi Yaya Dembélé","Left Defensive Midfield",0.49,2348.9,52.99,47.435,4.751,0.958,0.038,50.27,0.843,0.115,0.067,3.87,3.104,22.146,7.127,1.494,1.379,2.299,5.632,4.1,2.184,2.184,1.188,46.937,0.895,0.802,17.28,60.6,38.66,21.22,21.07,0.186,0.162,"DM_CM",0.772
3038,"Caen","Andy Delort","Center Forward",0.983,700.7,31.727,17.726,3.853,1.156,0.128,28.002,3.468,0.257,0.318,2.954,1.541,16.056,5.138,0.642,0.385,1.156,6.551,1.028,2.569,3.083,4.367,60.243,0.559,0.522,16.46,78.18,36.91,21.29,22.85,0.486,0.043,"FW",1
3038,"Stade Malherbe Caen","Andy Delort","Center Forward",0.945,2545.5,27.508,15.38,2.687,0.99,0.035,25.917,4.101,0.354,0.415,2.334,1.025,14.107,4.738,0.354,0.318,1.379,6.647,0.742,2.44,3.5,3.995,66.719,0.559,0.439,16.27,81.72,37.07,20.72,22.68,0.559,0.031,"FW",1
3041,"Aston Villa","Ciaran Clark","Left Center Back",0.92,1523.4,34.501,26.289,8.802,0.177,0,23.335,0.591,0.059,0.073,0.473,0.354,10.279,3.367,1.89,7.266,2.186,3.545,1.359,1.004,0.236,0.591,24.694,0.762,0.75,24.18,40.86,26.29,22.02,16.29,0.052,0.52,"CB",0.998
3043,"Tottenham Hotspur","Christian Dannemann Eriksen","Left Wing",0.434,3043.2,60.361,46.106,10.676,2.81,0.355,46.905,2.928,0.177,0.151,2.248,1.153,16.68,6.861,0.887,0.828,2.07,2.662,1.538,0.503,2.07,1.981,59.592,0.764,0.513,19.47,73.66,33.76,22.37,22.96,0.408,0.076,"AM_W",0.943
3044,"Newcastle United","Chancel Mbemba Mangulu","Right Center Back",0.828,3067.2,34.096,26.672,9.976,0.117,0,24.824,0.352,0,0.036,0.763,0.587,9.243,3.55,1.849,8.363,1.937,4.049,2.377,0.646,0.264,0.235,24.853,0.782,0.769,25.1,38.76,53,20.69,16.37,0.037,0.565,"CB",0.943
30447,"Toulouse","Jean-Armel Kana-Biyik","Right Center Back",0.832,1521.4,40.049,34.192,7.69,0.296,0,29.637,0.532,0.118,0.055,0.355,0.237,8.164,3.372,1.065,5.324,1.006,2.78,1.065,0.71,0.296,0.237,31.826,0.854,0.667,22.2,41.15,48.8,20.05,16.19,0.041,0.514,"CB",0.933
3045,"Angers","Ismaël Traoré","Right Center Back",1,3124.6,32.232,26.788,9.016,0.058,0,24.656,0.374,0.029,0.045,0.173,0.029,10.312,4.119,1.095,4.839,1.613,2.909,1.584,0.72,0.173,0.202,23.936,0.831,0.167,25.35,36.88,52.03,20.86,13.13,0.043,0.64,"CB",1
3047,"Saint-Étienne","Benoît Assou-Ekotto","Left Back",0.904,1775.6,54.538,39.738,15.206,0.558,0,33.402,0.558,0,0.011,0.811,0.558,11.607,6.386,1.774,2.18,2.078,2.636,1.47,1.369,0.811,0.456,33.453,0.729,0.688,24.39,51.59,12.04,25.26,10.28,0.141,0.321,"FB",0.951
3049,"AFC Bournemouth","Matt Ritchie","Right Midfield",0.93,3106.8,48.523,34.067,10.979,1.014,0.174,39.05,2.289,0.116,0.134,1.419,0.753,17.99,6.083,1.217,1.188,2.462,3.013,1.535,1.419,1.593,1.593,47.77,0.702,0.531,21.22,70.57,59.13,26.37,20.23,0.388,0.14,"AM_W",0.979
30512,"Palermo","Aleksandar Trajkovski","Left Center Forward",0.194,1733.4,28.713,21.288,3.946,1.142,0.052,30.841,2.025,0.156,0.141,2.44,1.246,21.651,5.244,0.467,0.26,1.09,2.648,0.831,1.973,3.479,3.583,48.91,0.741,0.511,16.75,75.02,33.02,24.34,23.66,0.463,0.096,"FW",0.453
3052,"Manchester City","Pablo Javier Zabaleta Girod","Right Back",1,1108.8,58.602,49.025,6.006,0,0.081,40.177,0.243,0,0.008,0.73,0.325,13.879,3.409,1.299,3.247,2.273,4.383,3.165,1.299,0.73,0.73,43.586,0.837,0.444,15.93,62.82,69.1,26.51,9.48,0.282,0.189,"FB",1
3054,"Manchester City","Fernando Luiz Roza","Left Defensive Midfield",0.387,2848,59.852,52.205,7.584,0.79,0.063,48.602,0.948,0.063,0.05,1.264,0.822,22.279,6.067,1.485,1.359,1.928,5.119,3.539,2.244,1.201,1.011,52.489,0.872,0.65,18.41,62.35,39.69,20.67,18.82,0.181,0.139,"DM_CM",0.978
3057,"Newcastle United","Jonjo Shelvey","Right Defensive Midfield",0.515,1105,55.631,42.925,19.141,1.466,0.244,41.377,1.792,0,0.069,1.629,1.303,13.277,5.783,2.118,1.303,1.059,3.014,1.792,1.222,0.57,0.489,44.065,0.772,0.8,26.75,57.55,40.16,22.07,18.16,0.16,0.206,"DM_CM",0.999
3057,"Swansea City","Jonjo Shelvey","Left Center Midfield",0.625,1261.5,64.922,50.225,20.975,1.498,0.071,50.154,2.497,0.071,0.132,2.283,1.498,12.057,6.135,0.856,0.571,1.498,1.855,1.213,1.07,0.713,0.499,55.433,0.774,0.656,25.24,60.59,40.18,21.43,18.67,0.182,0.159,"DM_CM",0.938
3062,"West Ham United","Aaron Cresswell","Left Back",0.939,3483.3,48.42,36.224,10.903,1.059,0.103,33.382,0.698,0.052,0.021,0.878,0.413,8.707,4.367,0.982,2.765,1.989,2.377,1.137,0.672,0.672,0.723,35.708,0.748,0.471,22.15,61.13,11.45,28.88,10.16,0.274,0.237,"FB",1
3063,"Real Madrid","Danilo Luiz da Silva","Right Back",0.789,2108.4,63.645,53.785,7.555,0.512,0.213,47.467,0.768,0.085,0.041,1.024,0.683,11.397,4.055,2.305,2.134,1.793,3.628,2.86,1.75,0.299,0.768,50.413,0.845,0.667,18.14,63.68,56.59,25.4,24.63,0.282,0.186,"FB",0.995
3064,"Manchester City","David Josué Jiménez Silva","Center Attacking Midfield",0.537,1838.6,72.839,60.014,9.35,2.448,0.49,63.685,1.42,0.098,0.139,2.448,1.517,15.958,6.119,0.881,0.245,1.175,3.084,1.86,1.077,2.496,1.469,74.895,0.824,0.62,17.18,74.71,36.46,22.15,22.12,0.438,0.072,"AM_W",0.974
3065,"Newcastle United","Paul Dummett","Left Back",0.977,1974.3,40.115,28.855,9.071,0.137,0,20.285,0.228,0.046,0.015,0.274,0.274,14.587,1.869,1.231,5.607,2.735,4.422,2.735,0.775,0.274,0.319,23.841,0.719,1,21.73,49.77,11.81,28.14,10.67,0.171,0.392,"FB",1
30702,"Everton","Brendan Joel Zibusiso Galloway","Left Back",1,1270.9,37.321,30.027,2.762,0.283,0.071,26.911,0.637,0,0.066,0.991,0.212,17.209,4.603,0.779,2.054,2.337,4.462,3.541,0.85,0.354,1.133,28.327,0.805,0.214,15.75,57.15,11.27,29.03,9.69,0.235,0.299,"FB",1
30704,"Palermo","Gastón Brugman","Center Defensive Midfield",0.475,1012.2,54.239,43.925,9.07,1.245,0.089,43.036,1.423,0,0.054,1.423,0.978,25.43,8.18,1.334,0.8,2.668,4.001,2.401,2.045,0.889,1.601,48.282,0.81,0.688,19.25,59.24,36.76,21.51,17.77,0.18,0.191,"DM_CM",0.75
3071,"Angers","Pierrick Capelle","Left Center Midfield",0.206,1313.9,37.331,27.741,5.069,1.164,0,33.427,1.849,0.274,0.145,2.192,1.37,27.125,4.795,1.986,0.685,2.466,4.726,2.603,2.329,2.055,2.397,44.112,0.743,0.625,17.81,65.31,37.33,24.11,23.35,0.292,0.157,"DM_CM",0.676
30735,"Palermo","Mato Jajalo","Center Defensive Midfield",0.629,2111.8,45.899,36.651,8.31,0.767,0,32.56,0.852,0,0.05,0.767,0.554,22.843,7.884,1.151,2.173,2.642,4.006,2.344,2.173,1.151,1.108,35.031,0.799,0.722,19.73,56.24,41.17,22.46,19.3,0.153,0.24,"DM_CM",0.972
30745,"Bologna","Daniele Gastaldello","Right Center Back",0.613,2299.2,42.081,34.839,12.096,0.078,0.078,25.366,0.313,0.039,0.048,0.078,0.078,10.491,4.267,1.096,6.067,1.722,3.523,1.644,1.644,0.078,0.157,26.149,0.828,1,24.3,40.62,42.63,19.29,18.52,0.024,0.508,"CB",1
3075,"Marseille","Javier Manquillo Gaitán","Right Back",0.647,841.6,53.793,40.318,6.737,0.321,0,31.014,0.214,0,0.007,1.176,0.535,12.833,2.994,1.497,3.208,2.46,4.385,2.032,1.069,0.428,1.176,34.436,0.75,0.455,18.01,53.96,50.61,25.93,29.23,0.158,0.304,"FB",0.961
3075,"Olympique de Marseille","Javier Manquillo Gaitán","Right Back",0.558,1926.2,61.675,51.069,5.327,0.561,0.047,40.79,0.234,0,0.025,1.121,0.654,14.484,3.785,1.542,2.71,1.355,4.205,3.13,0.981,0.794,0.794,42.425,0.828,0.583,16.75,57.03,44.25,25.97,30.75,0.203,0.25,"FB",1
30750,"Carpi","Stefano Sabelli","Right Wing Back",0.648,580.4,32.721,17.989,7.288,0.775,0,17.834,0.62,0.155,0.036,0.31,0,20.005,3.877,1.086,2.946,2.636,4.497,2.636,0.155,0.465,0.775,23.726,0.55,0,22.91,60.79,57.49,29.97,22.85,0.293,0.263,"FB",0.809
3076,"Newcastle United","Ayoze Pérez Gutiérrez","Left Wing",0.331,2150.7,27.535,19.375,4.143,1.088,0.084,32.556,2.134,0.251,0.154,4.519,2.427,24.271,5.984,1.423,0.711,2.678,4.478,2.427,1.716,3.097,3.097,40.465,0.704,0.537,17.49,69.02,32.1,26.61,20.94,0.369,0.171,"AM_W",0.645
30769,"Palermo","Andrea Rispoli","Right Wing Back",0.814,1489.6,47.128,32.687,7.673,0.785,0.242,32.567,0.725,0,0.034,1.027,0.604,10.755,5.619,1.511,2.175,2.054,2.356,1.329,1.269,1.511,1.088,36.675,0.694,0.588,18.99,65.48,64.85,29.98,18.3,0.358,0.218,"FB",1
3077,"Tottenham Hotspur","Jan Vertonghen","Left Center Back",0.999,2706,50.754,44.401,11.175,0.166,0,37.217,0.299,0,0.022,0.333,0.333,6.253,3.426,0.931,5.355,1.763,2.993,1.596,0.698,0.166,0.2,39.113,0.875,1,23.21,40.46,24.94,17.94,12.57,0.019,0.502,"CB",1
30772,"Genoa","Panagiotis Tachtsidis","Left Center Midfield",0.203,897.8,53.233,37.093,9.323,0.802,0.201,43.008,2.005,0.201,0.115,1.504,0.702,24.06,8.922,1.404,2.105,2.206,5.815,3.008,2.506,1.805,1.905,49.925,0.697,0.467,20.38,62.32,32.87,24.72,17.55,0.244,0.191,"DM_CM",0.683
3078,"Angers","Abdoul Razzagui Camara","Left Wing",0.473,1503.6,27.953,19.752,2.694,0.958,0,32.921,1.736,0.12,0.127,3.352,1.736,20.411,4.31,0.958,0.898,1.137,4.07,2.095,1.377,2.753,3.292,46.149,0.707,0.518,15.72,68.99,27.46,26.09,25.52,0.381,0.15,"AM_W",0.957
3081,"Newcastle United","Jamaal Lascelles","Left Center Back",0.727,1225.6,33.852,28.124,6.976,0.147,0,22.176,0.294,0.147,0.062,0.367,0.22,7.27,3.598,2.276,7.563,1.836,2.13,0.881,0.881,0.367,0.587,24.453,0.831,0.6,21.35,39.51,32.03,21.58,18.53,0.05,0.569,"CB",0.928
30829,"Carpi","Lorenzo Lollo","Center Attacking Midfield",0.287,2250.2,27.998,19.558,4.64,0.44,0.04,21.918,1.44,0.12,0.114,1.64,0.84,37.557,6.04,1.24,1.04,3.32,4.64,2.84,3.44,0.76,1,28.878,0.699,0.512,19.09,61.64,41.64,24.53,20.51,0.24,0.201,"AM_W",0.705
3083,"Tottenham Hotspur","Heung-Min Son","Right Wing",0.557,1170.1,34.997,27.613,2.077,1.308,0.077,36.073,2.923,0.308,0.296,3.769,1.846,22.921,4.769,0.615,0.461,2.307,3.923,2.307,1.077,3.846,2.231,49.995,0.789,0.49,14.06,75.04,41.71,25.38,23.32,0.485,0.099,"AM_W",0.865
3085,"AFC Bournemouth","Glenn Murray","Center Forward",0.86,735.5,21.782,14.562,1.224,0.367,0,20.191,3.059,0.367,0.488,1.958,0.979,19.212,1.591,0,1.224,1.468,3.916,1.101,2.325,2.325,3.916,49.559,0.669,0.5,13.55,77.16,39.29,23.09,21.83,0.444,0.052,"FW",0.875
3086,"Tottenham Hotspur","Ben Davies","Left Back",0.998,1362.8,58.776,44.247,8.387,0.925,0.132,34.077,0.594,0,0.037,0.66,0.396,12.812,4.293,0.726,4.557,1.981,4.227,1.915,1.255,0.859,0.859,39.162,0.753,0.6,19.55,60.28,11.28,26.98,11.27,0.252,0.245,"FB",0.998
3087,"Manchester City","Gnégnéri Yaya Touré","Right Defensive Midfield",0.385,2407.2,69.877,59.671,11.067,1.496,0.112,57.801,2.767,0.224,0.22,2.318,1.645,12.45,5.571,0.561,1.57,1.009,3.103,1.57,1.421,1.57,1.122,70.775,0.854,0.71,19.44,67.04,41.28,20.7,17.62,0.272,0.103,"DM_CM",0.848
3089,"Manchester City","Kevin De Bruyne","Center Attacking Midfield",0.294,2085.6,56.704,40.823,9.105,2.978,0.388,47.771,2.071,0.302,0.194,3.15,1.856,19.419,5.437,0.777,0.647,1.51,3.107,1.295,0.863,1.683,2.115,62.616,0.72,0.589,19.03,77.81,42.27,22.99,26.21,0.507,0.071,"AM_W",0.925
3090,"Manchester City","Nicolás Hernán Otamendi","Right Center Back",0.642,2784.9,50.447,43.434,9.792,0.129,0,37.843,0.905,0.032,0.044,0.355,0.259,11.57,4.427,2.682,7.271,1.616,4.912,2.876,1.131,0.388,0.549,38.845,0.861,0.727,22.46,44.86,44.46,20.3,18.59,0.041,0.41,"CB",1
3091,"Newcastle United","Moussa Sissoko","Right Wing",0.345,3358.7,42.231,30.601,5.198,1.34,0.188,37.997,1.045,0.027,0.099,3.966,2.09,16.158,6.029,0.75,1.286,1.688,3.671,1.581,1.554,2.492,2.251,49.385,0.725,0.527,16.85,69.2,51.07,26.79,24.66,0.381,0.154,"AM_W",0.939
30911,"Frosinone","Robert Gucher","Left Defensive Midfield",0.506,1415.8,38.904,27.08,12.459,1.335,0,26.19,1.335,0,0.024,1.271,0.826,19.706,5.53,1.399,2.352,2.479,3.878,2.733,1.271,0.763,0.699,24.792,0.696,0.65,24.57,56.23,41.55,23.9,19.52,0.168,0.258,"DM_CM",1
3092,"Crystal Palace","Dwight Gayle","Center Forward",0.586,866.1,16.002,10.807,1.87,0.727,0,15.691,2.286,0.312,0.323,0.727,0.312,16.418,3.533,0.312,0.623,0.623,7.274,1.143,1.974,1.455,3.117,38.24,0.675,0.429,16.56,81.33,37.24,22.68,21.33,0.59,0.044,"FW",0.814
30928,"Palermo","Roberto Vitiello","Right Center Back",0.704,741.7,36.524,29.972,7.402,0.121,0,22.084,0.243,0,0.021,0,0,12.013,4.368,1.335,3.155,2.306,2.791,1.699,1.335,0.485,0.121,22.934,0.821,0,21.31,46.47,60.55,23.69,12.88,0.106,0.414,"CB",0.765
3094,"Tottenham Hotspur","Bamidele Alli","Center Attacking Midfield",0.503,2537.6,38.801,28.728,3.795,1.667,0.284,39.9,2.589,0.355,0.298,3.76,1.49,24.437,6.952,1.135,1.241,2.128,4.611,2.27,1.951,3.298,3.334,50.895,0.74,0.396,16.73,71.67,33.97,25.29,21.02,0.422,0.131,"AM_W",0.732
30941,"Sassuolo","Karim Laribi","Right Center Midfield",0.745,510.8,49.507,35.237,6.695,1.938,0,39.465,1.762,0,0.072,1.409,0.529,21.847,5.638,0.352,0.881,2.467,4.933,1.762,0.881,1.057,2.114,54.088,0.712,0.375,17.84,69.63,51.15,23.34,21.61,0.336,0.099,"DM_CM",0.817
3096,"Newcastle United","Rob Elliot","Goalkeeper",1,1983.3,31.22,17.334,26.455,0.045,0,11.345,0,0,0,0,0,0.091,4.22,0,0,0.045,0,0,0,0,0,10.573,0.555,0,54.33,9.13,39.58,7.85,8.04,0,0.982,"GK",1
3098,"Southampton","Victor Wanyama","Right Defensive Midfield",0.435,2678.3,46.676,38.342,7.662,0.403,0.034,36.527,1.042,0.034,0.06,1.445,1.008,20.767,7.124,1.445,2.756,1.68,5.746,2.991,2.319,1.008,0.975,36.023,0.821,0.698,20.07,55.96,40.16,20.7,18.24,0.118,0.21,"DM_CM",1
3099,"Tottenham Hotspur","Hugo Lloris","Goalkeeper",1,3480.9,31.466,21.124,19.418,0.078,0,15.513,0,0,0,0,0,0.026,4.602,0,0.052,0,0,0,0,0,0,15.048,0.671,0,42.58,9.63,38.9,6.55,9.26,0,0.996,"GK",1
3101,"Manchester City","Vincent Kompany","Right Center Back",1,1253.4,48.757,41.073,14.002,0.215,0,35.688,0.79,0.144,0.054,0.79,0.574,6.893,4.237,1.508,6.463,1.293,1.939,1.508,1.077,0.072,0.287,37.339,0.842,0.727,25.47,44.4,51.78,20.27,13.02,0.038,0.43,"CB",1
3102,"Lorient","Yann Jouffre","Right Midfield",0.907,1823.8,65.583,52.358,14.755,1.579,0.247,55.763,1.875,0.099,0.11,2.073,1.234,18.308,5.626,0.74,0.493,1.184,2.221,1.727,0.888,1.826,1.777,66.965,0.798,0.595,21.33,66.16,58.75,23.66,19.47,0.288,0.136,"AM_W",0.962
3103,"Lazio","Milan Biševac","Right Center Back",1,951.6,42.558,36.411,9.268,0.189,0,30.926,0.189,0.095,0.037,0.284,0.284,8.985,3.688,1.797,5.485,1.702,2.459,1.419,1.04,0.189,0,31.02,0.856,1,22.78,42.73,53.36,18.07,13.65,0.016,0.427,"CB",1
3103,"Lyon","Milan Biševac","Right Center Back",1,477.3,56.568,52.231,14.519,0,0,41.106,0,0,0,0.377,0.377,7.731,3.771,1.131,4.148,1.508,2.64,1.508,0.943,0.189,0,46.197,0.923,1,23.78,40.97,55.8,15.67,11.11,0.014,0.421,"CB",1
310534,"Gazélec Ajaccio","Louis Poggi","Right Center Midfield",0.432,735.7,18.716,10.643,4.526,0.245,0.122,15.169,1.223,0,0.108,0.734,0.367,15.658,3.425,0.856,1.468,2.447,4.159,1.713,0.612,0.856,2.691,30.827,0.569,0.5,21.26,69.5,59.53,27.63,15.84,0.398,0.182,"DM_CM",0.526
3109,"Bordeaux","Malcom Filipe Silva de Oliveira","Right Wing",0.499,507,36.211,26.093,6.568,1.42,0,32.128,1.775,0.178,0.116,2.663,1.598,10.118,3.373,0.71,0.533,1.42,2.13,0.71,1.243,1.598,2.308,48.813,0.721,0.6,17.89,77.68,44.7,23.31,28.26,0.484,0.078,"AM_W",0.981
3111,"Angers","Gilles Sunu","Right Wing",0.359,2450.1,28.064,20.313,3.086,0.771,0.037,31.811,1.69,0.073,0.103,2.314,0.955,20.166,4.445,0.331,0.11,1.286,4.628,1.322,1.212,2.645,3.453,54.107,0.724,0.413,16.12,71.46,48.37,24.77,25.66,0.393,0.117,"AM_W",0.758
3112,"Fiorentina","Anton Ciprian Tătărușanu","Goalkeeper",1,3457.8,29.36,22.306,13.821,0,0,15.044,0,0,0,0.026,0.026,0.156,3.93,0,0,0,0,0,0,0,0.052,14.263,0.76,1,35.19,9.43,40.59,6.03,8.7,0,0.992,"GK",1
3114,"Nantes","Emiliano Sala","Center Forward",0.693,2042.9,26.697,17.401,1.762,1.189,0.132,25.287,2.643,0.264,0.232,1.982,0.837,22.38,3.833,0.441,1.057,1.85,7.71,1.145,2.599,2.819,4.229,61.808,0.652,0.422,13.86,81.03,40.47,21.11,21.9,0.535,0.029,"FW",0.959
31172,"Empoli","Luca Bittante","Right Back",0.933,580.1,59.114,47.012,7.603,0.621,0,39.72,0.31,0,0.003,1.396,0.621,15.671,5.12,1.086,2.638,2.017,4.344,3.103,0.931,0.465,1.086,46.081,0.795,0.444,17.78,58.29,65.74,26.71,15.61,0.22,0.255,"FB",0.97
31174,"Toulouse","Jean-Daniel Akpa Akpro","Right Center Midfield",0.503,2654.9,39.052,28.543,4.17,0.61,0.136,33.899,0.678,0.034,0.042,2.271,1.288,30.306,5.966,1.424,1.458,2.678,6.915,4.475,2.305,1.966,1.966,40.713,0.731,0.567,16.99,60.5,47.57,25.13,22.28,0.235,0.22,"DM_CM",0.773
3118,"Lyon","Jordan Ferri","Right Center Midfield",0.798,2527.3,66.058,56.906,8.155,1.389,0.178,60.182,1.14,0.071,0.077,1.959,1.14,21.438,6.339,0.285,0.57,0.855,3.419,2.208,2.03,2.386,2.137,70.117,0.861,0.582,18.61,65.25,52.91,21.46,18.38,0.256,0.11,"DM_CM",0.986
3121,"Guingamp","Moustapha Elhadji Diallo","Right Defensive Midfield",0.816,1992.6,33.876,25.52,4.291,0.226,0.09,22.132,0.723,0.045,0.08,0.678,0.497,19.512,5.194,1.31,3.026,3.162,5.646,2.62,2.394,1.084,0.903,27.778,0.753,0.733,17.95,54.44,46.89,23.75,16.49,0.129,0.267,"DM_CM",1
3122,"Guingamp","Yannis Salibur","Right Midfield",0.574,2434,26.918,16.528,4.733,0.813,0.185,30.542,2.884,0.259,0.12,3.808,2.219,12.831,5.288,0.518,0.111,0.961,2.995,1.553,1.368,2.551,2.958,41.93,0.614,0.583,19.1,76.04,52.04,25.06,24.35,0.467,0.086,"AM_W",0.807
31231,"Atalanta","Davide Brivio","Left Back",0.97,1067.8,55.037,41.383,6.658,0.506,0,33.46,0.759,0,0.014,0.506,0.169,11.378,4.973,0.506,2.528,1.854,1.854,0.927,0.674,0.674,1.18,38.77,0.752,0.333,17.98,59.04,11.59,26.9,9.71,0.229,0.253,"FB",0.97
3124,"Guingamp","Jérémy Sorbon","Left Center Back",0.998,3155.6,35.593,30.346,10.667,0.029,0,25.012,0.228,0.057,0.026,0.171,0.114,9.754,4.25,1.398,4.421,1.882,2.766,1.911,0.627,0.171,0.057,24.043,0.853,0.667,25,38.53,27.3,17.97,13.86,0.023,0.556,"CB",1
31268,"Palermo","Michel Morganella","Right Wing Back",0.404,1125.4,39.425,27.349,7.517,0.32,0.08,25.83,0.4,0,0.015,1.12,0.64,16.554,4.878,0.8,1.679,1.599,3.918,1.839,2.159,0.88,0.96,29.349,0.694,0.571,19.55,61.22,54.9,29.23,25.5,0.281,0.24,"FB",0.94
31273,"Carpi","Marco Crimi","Right Center Midfield",0.642,1031.4,30.366,20.069,5.846,0.698,0.087,25.915,0.698,0,0.03,2.705,1.047,40.487,6.108,1.658,1.047,4.276,6.981,4.363,3.752,1.92,1.309,34.554,0.661,0.387,18.59,60.9,49.79,27.08,20.74,0.24,0.236,"DM_CM",0.914
31296,"Norwich City","Sébastien Aymar Bassong Nguena","Left Center Back",1,2923.3,29.247,22.69,6.989,0.062,0,17.241,0.616,0.031,0.057,0.4,0.369,7.697,3.325,0.739,7.173,1.231,2.617,0.862,0.831,0.216,0.185,18.349,0.776,0.923,22.85,40.25,26.83,21.76,14.61,0.048,0.532,"CB",1
3136,"OGC Nice","Rémi Walter","Left Center Midfield",0.87,582.6,66.27,58.237,5.87,0.772,0,58.083,1.854,0,0.104,2.008,1.545,22.553,7.569,0.309,0.927,2.163,4.016,2.935,1.236,1.236,1.081,62.563,0.879,0.769,16.4,59.48,31.36,19.84,17.76,0.153,0.146,"DM_CM",0.992
3140,"Lorient","François Bellugou","Left Defensive Midfield",0.377,2433.5,50.335,43.086,8.173,0.296,0.037,38.352,0.111,0,0.005,0.999,0.777,18.825,5.141,1.59,2.034,2.293,3.255,2.108,1.553,0.814,0.777,40.645,0.856,0.778,19.74,50.65,37.34,18.71,20.01,0.055,0.285,"DM_CM",0.853
3144,"Nantes","Léo Dubois","Right Back",0.689,2067.3,50.762,36.918,12.625,0.871,0,33.566,0.479,0,0.014,1.35,0.653,16.326,5.66,1.524,2.394,1.916,4.528,2.96,1.045,0.871,0.871,34.436,0.727,0.484,22.46,54.31,51.02,27.12,28.71,0.192,0.319,"FB",1
3145,"Lazio","Keita Baldé Diao","Left Wing",0.649,1884.9,31.991,23.921,3.677,1.814,0.048,38.007,3.008,0.191,0.251,4.059,2.101,11.412,3.963,0.334,0.095,1.05,2.292,0.764,1.432,2.34,2.722,55.244,0.748,0.518,15.97,82.1,28.44,22.49,23.86,0.571,0.047,"AM_W",0.812
31488,"Hellas Verona","Vangelis Moras","Right Center Back",0.573,2897.9,36.523,29.69,9.069,0.155,0.031,22.205,0.248,0.031,0.016,0.28,0.248,8.789,3.789,0.87,5.373,1.615,2.857,1.77,0.963,0.28,0.217,22.858,0.813,0.889,23.15,40.66,43.53,21.17,18.01,0.042,0.513,"CB",1
3150,"Bordeaux","Jaroslav Plašil","Right Center Midfield",0.461,2189.2,50.401,43.166,5.221,0.822,0.123,38.644,0.822,0.123,0.051,1.85,0.946,19.815,4.933,0.74,1.274,1.85,4.604,2.467,0.904,0.904,1.439,50.853,0.856,0.511,17.37,63.34,43.59,21.7,20.27,0.217,0.124,"DM_CM",0.884
3151,"Nantes","Jules Iloki","Right Wing",0.621,1065.5,35.56,24.073,4.561,1.436,0.084,32.182,1.52,0.084,0.247,2.534,1.436,19.089,4.561,0.676,0.422,1.858,2.787,1.351,2.027,2.027,1.774,42.824,0.677,0.567,17.55,74.1,62.11,27.27,17.84,0.451,0.133,"AM_W",0.989
3156,"Lyon","Rafael Pereira da Silva","Right Back",0.907,1501.3,62.824,50.355,7.194,0.48,0.12,44.84,0.719,0.06,0.085,1.978,1.019,17.085,4.976,1.259,2.158,2.398,5.215,3.597,1.499,1.259,1.379,47.957,0.802,0.515,17.62,62.5,65.25,26.53,16.7,0.272,0.202,"FB",0.986
31572,"Carpi","Luca Marrone","Center Defensive Midfield",0.597,742.8,40.349,31.989,9.088,0.969,0,29.929,0.606,0.121,0.036,1.091,1.091,19.387,4.968,0.606,1.939,1.333,2.423,1.333,1.818,0.848,0.969,30.656,0.793,1,22.24,55.34,41.71,22.61,18.56,0.133,0.264,"DM_CM",1
31572,"Hellas Verona","Luca Marrone","Left Defensive Midfield",0.674,900.7,51.158,39.168,12.989,1.299,0.3,32.474,0.799,0,0.043,1.199,0.699,22.981,6.695,0.699,1.099,1.099,3.197,2.198,1.898,0.899,0.4,36.87,0.766,0.583,22.51,59.08,36.7,23.74,19.95,0.186,0.219,"DM_CM",1
3160,"Granada","Rene Krhin","Right Defensive Midfield",0.546,1506.8,32.075,24.549,4.301,0.239,0,19.592,0.478,0,0.031,0.776,0.657,16.306,4.062,2.27,3.285,1.732,4.121,2.031,1.613,0.538,0.299,20.786,0.765,0.846,18.69,50.27,41.48,20.21,18.58,0.059,0.291,"DM_CM",1
3161,"Troyes","Chaouki Ben Saada","Center Attacking Midfield",0.427,852.9,55.61,40.943,12.03,1.688,0.106,49.49,2.533,0.106,0.195,3.588,2.321,22.898,6.437,0.317,0.528,2.427,2.533,1.688,1.055,1.794,2.427,59.515,0.736,0.647,21.02,68.45,37.18,24.6,23.35,0.339,0.131,"AM_W",0.749
3162,"Lyon","Gnaly Maxwell Cornet","Left Wing",0.523,1649,29.636,20.739,2.565,1.255,0.055,31.709,1.637,0.437,0.285,2.401,0.928,15.445,3.165,0.491,0.382,1.255,4.585,1.583,1.474,2.074,2.62,51.084,0.7,0.386,15.13,77.9,33.41,24.77,26.75,0.517,0.085,"AM_W",0.827
31625,"Troyes","Johan Martial","Right Center Back",0.578,591.2,35.165,26.792,7.155,0.152,0,24.357,0.152,0,0.01,0.761,0.457,10.504,4.567,1.979,6.241,2.436,5.024,2.892,0.913,0.152,0,22.225,0.762,0.6,22.02,33.09,41.88,18.4,17.8,0.016,0.685,"CB",1
3166,"Paris Saint-Germain","Marco Verratti","Right Center Midfield",0.934,1069.7,121.408,112.405,13.546,1.346,0.252,105.086,0.168,0,0.005,2.356,1.851,24.399,6.142,0.757,0.589,1.851,3.702,2.524,1.01,1.935,0.841,116.191,0.926,0.786,17.24,56.75,47.81,19.2,17.82,0.13,0.18,"DM_CM",1
3167,"AS Roma","Antonio Rüdiger","Left Center Back",0.798,2756,51.238,44.576,11.952,0.196,0,37.881,0.588,0.065,0.051,0.327,0.196,10.907,4.702,0.686,3.853,2.057,2.972,1.502,1.437,0.196,0.359,42.616,0.87,0.6,23.05,43.51,30.93,22.12,19.85,0.052,0.453,"CB",0.916
3168,"AS Monaco","João Filipe Iria Santos Moutinho","Left Defensive Midfield",0.471,2209.3,61.634,48.395,13.973,1.548,0.081,44.403,0.896,0.041,0.037,0.978,0.815,15.887,5.255,1.344,0.937,1.67,3.259,1.711,1.304,1.507,0.937,52.835,0.785,0.833,21.57,62.58,35.51,21.63,19.86,0.201,0.136,"DM_CM",0.783
31687,"Nantes","Adryan Oliveira Tavares","Left Wing",0.594,1500.3,37.552,25.555,7.978,1.56,0.12,34.613,1.86,0.18,0.153,4.559,2.28,17.876,5.399,0.36,0.3,1.2,4.979,2.519,0.9,2.579,2.579,46.431,0.681,0.5,19.83,71.21,24.36,24.4,20.73,0.379,0.112,"AM_W",0.999
31711,"Bastia","Abdoulaye Sadio Diallo","Center Attacking Midfield",0.64,737.5,46.373,35.39,10.007,2.197,0.244,40.881,1.953,0.244,0.052,3.661,1.831,20.258,7.322,0.732,1.22,1.831,5.614,1.464,2.319,2.075,2.807,56.746,0.763,0.5,20.39,68.43,38.46,21.21,22.69,0.287,0.096,"AM_W",0.646
31721,"Frosinone","Matteo Ciofani","Right Back",0.896,1343.1,36.118,25.263,8.51,0.067,0.067,18.763,0.268,0,0.008,1.005,0.469,10.588,3.015,0.938,4.222,2.412,3.149,1.675,1.273,0.536,0.201,20.639,0.699,0.467,21.65,52.52,67.61,27.36,11.33,0.183,0.341,"FB",0.904
3174,"Nantes","Lévy Koffi Djidji","Right Center Back",0.91,1866.1,36.413,30.77,11.044,0,0,25.175,0.289,0,0.017,0.338,0.241,12.395,4.63,1.495,5.16,1.929,4.341,2.363,0.965,0.241,0.241,25.224,0.845,0.714,25.21,37.05,52.54,18.02,16.14,0.02,0.606,"CB",1
3179,"Saint-Étienne","Nolan Roux","Center Forward",0.52,2033.2,22.708,14.74,3.276,0.841,0.089,21.026,2.612,0.398,0.397,1.018,0.62,13.545,3.187,0.354,1.018,1.416,3.674,1.062,1.859,2.125,2.257,48.514,0.649,0.609,17.13,76.64,44.51,25,23.82,0.471,0.086,"FW",0.595
3181,"Marseille","Lassana Diarra","Left Defensive Midfield",0.346,549,47.544,40.986,9.017,0.492,0,45.577,0.164,0,0.006,2.459,2.459,27.051,9.345,1.312,2.295,0.82,5.738,3.607,3.279,1.967,1.312,39.511,0.862,1,21.49,50.35,38.23,18.04,18.2,0.044,0.276,"DM_CM",1
3181,"Olympique de Marseille","Lassana Diarra","Left Defensive Midfield",0.638,1606.1,62.537,53.627,10.535,0.841,0.056,55.701,0.504,0.056,0.016,3.026,2.073,20.734,10.255,0.897,1.065,1.905,5.38,3.754,1.961,1.345,0.897,52.843,0.858,0.685,20.83,55.49,35.84,19.02,18.19,0.112,0.215,"DM_CM",1
3184,"Bordeaux","Enzo Crivelli","Center Forward",0.83,1646.7,20.332,14.702,1.202,0.656,0.219,17.544,1.476,0.164,0.19,1.257,0.656,18.419,2.296,0.273,0.82,1.202,8.963,0.711,2.35,1.421,3.553,52.688,0.723,0.522,13.9,77.3,39.53,20.74,18.92,0.397,0.033,"FW",0.967
3185,"Angers","Thomas Mangani","Left Center Midfield",0.92,2629.7,59.482,44.047,14.032,1.951,0.137,42.027,1.129,0.171,0.195,1.335,0.684,28.851,5.544,0.684,1.266,2.19,4.073,2.156,1.164,1.061,1.369,52.089,0.741,0.513,21.24,59.46,29.8,22.38,20.49,0.183,0.184,"DM_CM",1
3189,"Toulouse","Étienne Didot","Center Defensive Midfield",0.385,1660.4,65.639,45.53,13.117,1.138,0.108,42.874,0.705,0,0.02,1.247,0.434,22.602,6.396,1.518,1.789,1.301,4.282,2.222,2.005,1.138,1.247,52.63,0.694,0.348,21,60.39,36.98,22.67,23.63,0.194,0.184,"DM_CM",0.95
3191,"Montpellier","Ramy Bensebaini","Left Back",0.663,1401.5,50.027,37.568,10.018,0,0,34.293,0.706,0.128,0.029,1.349,0.642,15.541,6.037,2.055,4.046,2.312,4.881,3.211,2.505,0.578,0.963,34.036,0.751,0.476,20.48,54.73,16.39,25.58,15.04,0.158,0.277,"FB",0.663
31911,"Gazélec Ajaccio","Damjan Đoković","Left Center Midfield",0.538,2389.1,47.579,32.586,14.202,1.695,0.151,31.719,1.545,0.075,0.095,0.264,0.151,20.531,4.822,0.753,1.959,1.733,3.202,1.733,2.411,0.716,0.979,40.421,0.685,0.571,24.02,62.43,25.1,24.43,18.47,0.242,0.187,"DM_CM",0.847
3193,"AS Monaco","Bernardo Mota Veiga de Carvalho e Silva","Right Wing",0.383,2333.6,39.532,30.006,6.672,1.62,0.039,40.419,1.543,0.27,0.188,3.51,2.044,25.647,5.515,0.733,0.54,2.738,4.32,1.774,1.311,3.163,2.275,54.419,0.759,0.582,18.68,75.21,47.07,24.42,25.76,0.466,0.093,"AM_W",0.965
3195,"Rennes","Mehdi Zeffane","Right Back",0.374,856,48.993,38.375,6.098,0.526,0.105,36.692,1.367,0.105,0.06,1.156,0.315,15.876,5.467,1.682,0.946,2.523,5.257,2.944,0.841,1.262,1.577,41.318,0.783,0.273,17.47,59.45,53.94,27.28,28.07,0.257,0.273,"FB",0.773
3196,"Bordeaux","Wahbi Khazri","Center Attacking Midfield",0.307,1626.5,42.22,27.833,11.344,2.656,0.387,38.292,2.269,0.277,0.294,2.767,1.494,20.861,5.146,0.775,0.443,2.545,3.873,2.158,1.549,3.32,2.822,52.347,0.659,0.54,21.56,74.95,37.49,24.46,25.34,0.425,0.084,"AM_W",0.948
3196,"Sunderland","Wahbi Khazri","Left Midfield",0.885,1104.8,34.296,22.077,11.079,2.444,0.081,30.793,2.037,0.163,0.064,2.851,1.385,23.462,5.214,1.466,0.733,1.548,4.318,2.77,1.711,2.525,1.955,39.266,0.644,0.486,23.81,71.63,27.43,27.51,23.9,0.412,0.149,"AM_W",1
3200,"Saint-Étienne","Renaud Cohade","Left Center Midfield",0.369,1089.4,58.323,39.901,11.565,1.239,0.165,41.305,0.909,0,0.03,1.404,0.33,29.575,6.691,0.661,0.661,2.313,7.765,4.461,2.478,0.991,1.983,56.671,0.684,0.235,19.49,66.68,40.41,23.13,24.63,0.281,0.133,"DM_CM",0.697
3203,"Angers","Yoann Andreu","Left Back",0.89,2827.4,50.388,38.229,8.117,0.318,0.032,32.627,0.159,0,0.006,1.432,0.732,12.955,4.329,1.719,2.578,2.928,3.279,2.005,1.273,0.764,0.796,32.085,0.759,0.511,19.59,52.39,16.98,27.66,20.66,0.18,0.376,"FB",1
32037,"Frosinone","Nicola Leali","Goalkeeper",1,3105.5,28.431,15.534,22.982,0.058,0,9.854,0,0,0,0,0,0.058,3.768,0,0,0,0,0,0,0,0,7.042,0.546,0,52.44,8.44,40.59,7.17,7.46,0,0.991,"GK",1
3204,"AS Monaco","Almamy Touré","Right Back",1,791.4,52.765,37.527,8.756,0.682,0.227,31.955,1.137,0.341,0.179,2.161,0.91,13.305,3.298,1.251,4.435,2.729,3.639,1.819,1.592,1.706,1.023,38.209,0.711,0.421,20.83,61.34,69.34,29.08,9.98,0.291,0.245,"FB",1
3205,"Tottenham Hotspur","Kyle Walker","Right Back",0.999,3070.3,50.77,38.547,11.842,0.938,0.059,32.391,0.586,0.029,0.026,1.407,0.586,14.275,5.306,1.905,3.283,1.495,3.899,2.609,0.967,0.674,0.967,33.622,0.759,0.417,22.58,58.02,68.72,29.06,10.62,0.258,0.298,"FB",0.999
3207,"Gazélec Ajaccio","Pablo Jean Antoine Martínez","Left Back",0.639,2279.1,43.044,32.579,9.715,0.237,0.039,26.577,0.355,0,0.012,0.553,0.434,13.703,4.107,1.777,4.304,2.369,3.515,2.29,1.106,0.474,0.632,27.564,0.757,0.786,22.52,50.54,14.48,25.25,12.65,0.14,0.366,"FB",0.645
3210,"OGC Nice","Valère Germain","Right Center Forward",0.483,3185.7,31.104,22.742,2.712,1.074,0.17,25.341,1.865,0.396,0.291,1.61,0.678,12.883,2.514,0.424,1.271,1.215,4.944,0.904,0.565,1.158,2.514,54.355,0.731,0.421,15.41,76.32,42.62,23.11,22.95,0.461,0.071,"FW",0.905
3211,"Lille","Florent Balmont","Right Center Midfield",0.786,1979.9,61.093,50.866,9.819,0.682,0.045,52.866,1.364,0,0.034,1.364,0.682,18.273,6.091,0.818,0.5,1.227,2.318,1.727,1.909,1.364,1.273,60.275,0.833,0.5,19.67,60.9,49.82,20.81,19.37,0.186,0.159,"DM_CM",0.971
32119,"Hellas Verona","Leandro Greco","Center Defensive Midfield",0.297,1963.9,45.645,37.625,9.12,0.917,0,39.504,0.504,0.046,0.024,1.65,0.871,22.868,5.82,1.146,0.779,1.512,3.345,2.429,2.2,1.1,0.917,42.345,0.824,0.528,20.8,59.76,36.54,22.29,20.06,0.189,0.19,"DM_CM",0.961
3213,"Guingamp","Jimmy Briand","Right Center Forward",0.581,3056.4,31.243,21.761,2.68,1.09,0.236,29.182,1.914,0.206,0.234,2.091,0.618,16.137,4.682,0.236,0.559,1.472,5.212,0.677,1.237,3.445,3.239,57.48,0.697,0.296,14.83,75.39,37.3,23.74,22,0.444,0.081,"FW",0.922
3218,"Lille","Marcos Paulo Mesquita Lopes","Right Wing",0.765,548.5,39.052,28.387,6.399,1.969,0.164,41.677,3.282,0.328,0.145,3.774,2.625,23.792,3.61,0.656,0.164,1.805,6.071,2.954,1.477,4.102,3.446,54.64,0.727,0.696,17.94,72.27,48.3,25.21,24.09,0.384,0.118,"AM_W",0.992
3220,"Saint-Étienne","Franck Tabanou","Left Back",0.829,654.7,48.94,33.68,8.661,0.55,0,31.206,0.55,0,0.009,1.375,0.412,10.585,3.849,1.375,2.062,2.612,3.299,1.65,1.1,0.55,1.512,37.53,0.688,0.3,20.88,58.78,10.51,27.25,10.75,0.253,0.247,"FB",0.913
3229,"OGC Nice","Maxime Le Marchand","Left Center Back",0.953,2289.4,58.535,50.122,12.855,0.039,0,40.648,0.236,0.039,0.03,0.393,0.275,10.653,4.403,1.297,4.246,1.966,3.145,1.494,1.455,0.275,0.039,44.382,0.856,0.7,22.16,37.79,23.47,18.85,13.03,0.025,0.589,"CB",0.953
3230,"OGC Nice","Alassane Pléa","Left Center Forward",0.644,1430.3,33.099,24.1,2.643,0.629,0.252,36.56,2.957,0.378,0.424,3.587,1.573,17.43,3.461,0.252,0.189,1.259,4.531,1.259,2.014,3.461,3.398,57.577,0.728,0.439,14.91,77.63,39.04,22.91,23.84,0.484,0.065,"FW",0.842
3233,"Manchester City","Raheem Sterling","Left Wing",0.689,1988.1,40.924,32.911,1.992,1.494,0.091,46.311,2.309,0.272,0.29,3.757,2.173,14.079,5.478,1.268,0.317,1.403,2.897,1.539,1.222,2.852,3.124,57.855,0.804,0.578,14.04,80.19,24.17,23.58,20.08,0.565,0.074,"AM_W",0.862
3235,"Guingamp","Ludovic Blas","Right Midfield",0.465,673.4,29.938,19.914,6.014,0.668,0.267,30.339,1.47,0.134,0.121,3.742,1.871,25.928,6.148,1.604,0.535,2.807,4.811,2.673,2.272,2.807,2.005,36.62,0.665,0.5,20.34,64.39,45.23,26.27,25.64,0.292,0.18,"AM_W",0.73
3236,"Lyon","Sergi Darder Moll","Left Center Midfield",0.562,1518.5,58.201,47.414,8.949,1.245,0.059,49.607,1.837,0.119,0.162,1.719,0.889,20.21,3.912,0.593,0.178,1.008,3.438,2.43,1.304,0.889,1.422,62.883,0.815,0.517,19.29,67.23,40.43,20.53,21.18,0.274,0.087,"DM_CM",1
3237,"Manchester City","Sergio Leonel Agüero del Castillo","Center Forward",0.589,2422.9,27.488,22.696,1.82,0.892,0.074,35.289,4.383,0.892,0.656,4.123,2.377,10.327,4.643,0.334,0.037,0.817,2.006,0.817,0.817,4.16,3.232,60.846,0.826,0.577,14.03,84.91,39.44,20.41,20.82,0.653,0.029,"FW",1
3240,"Valencia","Mathew Ryan","Goalkeeper",1,752.4,33.375,21.412,24.642,0,0,16.986,0,0,0,0,0,0.12,4.546,0,0,0,0,0,0,0,0,12.919,0.642,0,47.82,10.93,40.53,7.56,9.62,0,0.99,"GK",1
3244,"Everton","John Stones","Right Center Back",0.925,2910,49.361,43.732,10.268,0.124,0,37.825,0.247,0,0.021,0.557,0.34,9.155,5.103,1.113,3.649,2.289,2.66,1.361,0.402,0.649,0.278,39.123,0.886,0.611,22.33,41.5,54.82,21.56,13.57,0.044,0.502,"CB",0.925
3245,"AS Monaco","Thomas Lemar","Left Wing",0.346,1864.7,45.804,33.448,9.846,1.207,0.145,42.956,1.738,0.241,0.119,3.475,2.172,26.642,6.323,0.724,0.531,2.124,4.199,1.882,0.772,3.041,1.496,52.03,0.73,0.625,20.31,70.53,35.04,24.69,24.6,0.363,0.112,"AM_W",0.796
3246,"AS Monaco","Guido Marcelo Carrillo","Center Forward",0.895,1683.9,27.9,18.172,1.71,0.374,0.053,17.424,2.565,0.214,0.342,0.855,0.534,17.584,2.298,0.16,1.55,1.497,5.665,0.481,1.924,1.176,2.726,59.648,0.651,0.625,14.66,80.69,38.99,21.75,19.62,0.527,0.03,"FW",0.991
3247,"AS Monaco","Fábio Henrique Tavares","Right Back",0.542,3190.6,48.856,38.983,8.914,0.592,0.113,34.949,0.79,0.169,0.154,1.241,0.677,16.501,5.106,1.157,2.51,2.2,4.598,2.99,2.172,0.621,0.762,36.924,0.798,0.545,20.6,58.6,58.92,24.85,17.48,0.193,0.234,"FB",0.569
3248,"Stade de Reims","Hamari Traoré","Right Back",0.666,3036.9,53.699,39.859,8.92,0.978,0.03,36.244,0.593,0.059,0.015,1.63,1.008,16.359,5.957,2.519,2.667,3.23,4.771,2.786,1.511,0.741,1.304,38.022,0.742,0.618,19.53,59.56,69.18,27.39,10.18,0.25,0.259,"FB",0.968
3250,"Rennes","Edson André Sitoe","Center Back",0.421,1350.7,39.115,32.984,9.862,0.067,0,28.32,0.333,0,0.023,0.466,0.333,6.464,4.931,1.732,4.998,1.466,2.266,1.199,0.6,0.4,0.067,27.254,0.843,0.714,24.23,35.81,41.52,17.3,17.37,0.018,0.599,"CB",1
32525,"Carpi","Fabrizio Poli","Left Back",0.363,885.1,32.641,22.574,7.016,0.203,0,16.371,0,0,0,0.203,0,14.236,1.932,1.119,3.457,2.542,3.051,1.83,2.237,0.203,0.407,19.422,0.692,0,21.92,51.78,28.91,26.71,22.77,0.156,0.342,"FB",0.579
3253,"Sevilla","Adil Rami","Right Center Back",0.955,2516.8,39.3,30.789,12.23,0.143,0.036,25.818,0.572,0,0.057,0.179,0.107,4.863,3.969,0.966,3.898,1.287,1.573,0.679,0.966,0.25,0.215,26.426,0.783,0.6,26.4,38.18,53.3,22.75,16.1,0.053,0.592,"CB",0.999
3254,"Newcastle United","Florian Thauvin","Left Wing",0.316,466.8,41.647,23.715,9.64,0.771,0,44.153,1.542,0,0.079,5.013,1.928,13.497,6.17,0.964,0.578,1.542,3.471,1.35,1.157,3.663,2.507,48.781,0.569,0.385,19.38,70.38,40.23,27.42,27.05,0.406,0.153,"AM_W",0.767
3254,"Olympique de Marseille","Florian Thauvin","Right Wing",0.582,594.8,42.974,27.539,9.836,1.967,0,44.335,1.664,0.303,0.243,5.75,2.572,17.401,3.783,0.303,0.757,1.967,2.572,1.513,1.059,3.178,3.632,54.322,0.641,0.447,21.11,78,48.83,23.59,26.22,0.481,0.069,"AM_W",0.917
3256,"Bordeaux","Nicolas Pallois","Left Center Back",0.893,1433.8,48.146,38.291,12.868,0.126,0.063,34.587,0.565,0.063,0.035,0.879,0.502,7.972,5.649,1.507,5.085,1.883,3.264,2.009,0.942,0.377,0.439,33.96,0.795,0.571,24.47,42.02,24.73,21.3,14.62,0.054,0.486,"CB",0.893
32608,"Carpi","Jerry Uche Mbakogu","Center Forward",0.621,1749.5,23.355,15.073,1.235,1.08,0.103,23.149,1.8,0.103,0.291,1.852,0.772,12.603,3.087,0.206,1.543,1.595,7.922,1.132,1.955,1.492,4.527,65.898,0.645,0.417,13.13,82.35,38.71,21.5,20.35,0.567,0.029,"FW",0.993
3261,"Marseille","Benjamin Mendy","Left Back",1,596.5,50.092,37.117,9.204,1.207,0,34.401,0.151,0,0.001,1.961,0.905,15.541,5.583,1.056,3.168,1.509,3.47,1.811,2.263,2.263,0.754,35.608,0.741,0.462,21.2,54.26,11.68,26.85,9.52,0.191,0.313,"FB",1
3261,"Olympique de Marseille","Benjamin Mendy","Left Back",0.989,1452.4,63.514,50.068,10.1,1.239,0.062,46.66,0.434,0.062,0.007,3.098,1.921,14.128,7.746,1.673,1.983,1.797,4.09,2.355,0.806,1.487,1.301,47.155,0.788,0.62,19.27,58.19,10.3,26.91,9.71,0.214,0.257,"FB",1
3262,"Swansea City","Łukasz Fabiański","Goalkeeper",1,3492.2,31.235,19.793,20.489,0.077,0.026,14.174,0.026,0,0.003,0,0,0.129,4.252,0,0.052,0.026,0,0,0.026,0.026,0,11.958,0.634,0,45.63,9.94,40.65,7.88,8.29,0.001,0.99,"GK",1
3263,"Watford","Craig Cathcart","Right Center Back",0.522,3186.1,29.66,21.157,11.017,0.085,0,17.768,0.169,0.028,0.016,0.141,0.113,4.887,2.655,0.65,6.13,1.384,3.135,1.412,0.339,0.198,0.113,19.66,0.713,0.8,27.66,40.45,43.16,19.66,20.15,0.031,0.497,"CB",0.939
3265,"Stoke City","José Luis Sanmartín Mato","Center Forward",0.925,1163.5,29.085,20.731,2.862,0.619,0.077,20.731,2.243,0.309,0.199,1.934,0.774,20.498,3.636,0.309,0.696,1.779,5.26,0.851,1.702,1.547,2.475,52.6,0.713,0.4,15.31,75.32,41.98,22.7,22.75,0.433,0.069,"FW",0.943
3267,"Manchester United","Luis Antonio Valencia Mosquera","Right Back",0.998,905.7,70.452,60.118,8.844,0.497,0.298,52.665,0.497,0,0.019,2.584,2.186,14.408,5.366,1.192,1.987,1.789,4.173,2.782,1.888,0.795,0.994,56.441,0.853,0.846,17.38,67.97,69.39,27.34,9.37,0.356,0.165,"FB",0.999
3270,"Leicester City","Danny Simpson","Right Back",1,2763.6,39.176,27.681,6.513,0.195,0,19.311,0.228,0,0.027,0.554,0.326,11.17,3.973,1.987,4.852,2.866,3.81,1.628,1.042,0.195,0.456,19.377,0.707,0.588,19.41,54.48,67.69,28.18,10.84,0.2,0.303,"FB",1
3272,"Southampton","Oriol Romeu Vidal","Left Defensive Midfield",0.359,1710.4,43.673,36.885,7.945,0.579,0,33.413,1.526,0.053,0.132,1.421,1,22.521,5.209,1.368,1.631,2.736,6.419,4.209,1.736,0.737,0.737,35.359,0.845,0.704,20.77,55.41,38.03,21.56,18.46,0.132,0.241,"DM_CM",0.968
3277,"Crystal Palace","Yohan Cabaye","Right Defensive Midfield",0.439,2773.5,46.501,36.052,12.071,1.558,0.032,33.521,2.239,0.162,0.214,1.266,0.617,22.098,6.522,2.888,0.681,1.947,4.024,3.31,1.59,1.428,0.584,35.63,0.775,0.487,22.26,59.08,41.17,25.01,21,0.212,0.239,"DM_CM",0.936
3278,"AFC Bournemouth","Benik Afobe","Center Forward",0.475,958.6,21.031,17.745,1.127,1.033,0,21.688,1.314,0.376,0.183,1.878,0.751,18.496,2.441,0.282,0.845,1.127,5.258,0.563,1.502,1.69,3.286,50.512,0.844,0.4,13.26,79.52,41.99,22.17,23.16,0.506,0.04,"FW",0.896
32807,"Inter Milan","Fredy Alejandro Guarín Vásquez","Right Center Midfield",0.578,1026.1,43.33,31.138,8.333,1.14,0.088,39.997,2.544,0.088,0.135,2.895,1.93,20.963,5.789,0.965,1.228,2.368,3.07,1.842,2.281,1.754,1.403,44.382,0.719,0.667,20.48,66.29,53.47,24.5,17.77,0.312,0.15,"DM_CM",0.923
3286,"Norwich City","Nathan Redmond","Right Midfield",0.544,2461.9,39.627,27.82,6.251,1.353,0.11,38.238,1.938,0.219,0.098,3.509,2.23,15.719,4.825,0.621,0.585,2.084,3.729,1.462,1.024,2.193,1.755,49.022,0.702,0.635,18.15,75.42,52.89,24.78,22.39,0.469,0.1,"AM_W",0.961
3288,"Watford","Miguel Ángel Britos Cabrera","Left Center Back",1,2170.9,32.005,21.931,11.774,0,0,18.49,0.29,0,0.027,0.332,0.29,7.089,3.026,1.119,7.379,1.451,2.943,1.244,0.871,0.249,0.124,21.185,0.685,0.875,27.76,37.53,26.78,20.09,14.64,0.031,0.572,"CB",1
3289,"Everton","Romelu Lukaku Menama","Center Forward",0.941,3299.5,30.332,21.931,1.882,1.173,0.164,28.559,3.164,0.491,0.495,2.4,1.255,8.319,2.646,0.082,0.136,0.927,4.855,0.464,0.955,2.591,3.328,61.837,0.723,0.523,14.15,82,43.24,19.96,19.03,0.542,0.02,"FW",1
3290,"Swansea City","Federico Fernández","Right Center Back",0.972,3018.5,52.029,43.919,11.211,0.239,0.03,38.463,0.507,0.03,0.051,0.149,0.119,9.303,3.399,1.461,6.619,1.908,4.353,2.027,1.163,0.179,0.209,40.58,0.844,0.8,22.55,41.06,55.23,19.66,12.94,0.031,0.482,"CB",1
3291,"Manchester City","Joe Hart","Goalkeeper",1,3241.4,23.545,13.938,16.16,0.056,0,9.718,0,0,0,0.028,0.028,0.111,3.998,0,0.028,0.056,0,0,0,0,0,8.58,0.592,1,48.07,9.53,40.26,7.05,9.42,0,0.993,"GK",1
3292,"Granada","Abdoulaye Doucouré","Left Defensive Midfield",0.629,1206.8,43.031,35.946,6.936,0.671,0.149,35.349,0.746,0,0.057,1.342,0.746,21.329,7.532,1.715,1.119,2.014,3.953,1.864,1.492,1.119,0.746,36.02,0.835,0.556,18.99,56.37,37.17,21.75,20.02,0.142,0.217,"DM_CM",0.996
3292,"Rennes","Abdoulaye Doucouré","Center Attacking Midfield",0.555,999.1,51.976,44.589,5.585,1.621,0.18,46.481,1.802,0.18,0.17,1.892,1.081,27.294,4.864,0.721,0.54,1.802,4.144,2.162,0.811,2.522,1.892,60.894,0.858,0.571,17.32,66.17,38.79,22.45,20.66,0.3,0.136,"AM_W",0.639
3293,"Manchester United","Jesse Lingard","Right Wing",0.24,1701.4,40.785,33.591,2.909,0.741,0.053,37.188,1.64,0.212,0.169,1.851,0.635,20.895,4.496,1.058,0.688,1.799,4.02,2.063,1.428,1.746,2.169,51.841,0.824,0.343,15.1,74.09,47.54,25.32,25.02,0.459,0.111,"AM_W",0.686
3294,"Manchester United","Juan Manuel Mata García","Right Wing",0.494,3060.8,56.279,48.046,8.704,1.353,0.147,48.399,1.705,0.176,0.173,1.794,1.176,11.644,4.675,0.676,0.5,1,1.735,0.912,0.794,1.5,1.147,59.955,0.854,0.656,18.34,73.8,50.52,23.8,21.32,0.424,0.086,"AM_W",0.89
3295,"Paris Saint-Germain","Thiago Emiliano da Silva","Right Center Back",0.779,2706.1,82.048,77.159,15.897,0.233,0,62.293,0.532,0.033,0.071,0.2,0.1,6.652,4.191,1.563,4.656,2.095,2.794,1.763,0.798,0.1,0.166,68.445,0.94,0.5,21.31,41.68,48.12,16.71,16.54,0.016,0.453,"CB",1
3296,"Manchester United","Marouane Fellaini-Bakkioui","Right Center Midfield",0.241,1107.6,48.838,40.143,4.876,0.813,0,38.355,1.788,0.081,0.245,1.706,0.975,18.202,7.313,0.813,1.706,2.113,7.07,1.788,3.088,2.275,1.788,58.508,0.822,0.571,16.69,67.79,38.1,25.51,21.9,0.309,0.131,"DM_CM",0.752
3297,"Newcastle United","Andros Townsend","Right Wing",0.734,1127.8,35.672,24.899,4.948,2.075,0.16,39.503,1.835,0.319,0.089,5.427,3.272,21.228,5.506,1.835,0.798,2.235,3.91,2.235,0.718,3.272,2.634,47.563,0.698,0.603,16.85,72.2,56.94,26.54,23.4,0.446,0.145,"AM_W",1
3300,"Southampton","Maya Yoshida","Left Center Back",0.546,1095.7,46.574,36.225,11.828,0.164,0,30.146,0.164,0.082,0.043,0.657,0.493,8.214,3.039,1.561,5.093,2.3,2.546,1.314,0.657,0.493,0.246,31.707,0.778,0.75,23.86,45.42,43.19,23.44,24.96,0.082,0.448,"CB",0.611
3301,"Guingamp","Nicolas Benezet","Left Midfield",0.803,1338.1,36.655,23.069,8.609,2.354,0.269,32.889,1.547,0.269,0.149,3.565,2.152,20.11,5.65,1.211,0.538,1.211,4.237,2.152,1.278,2.354,2.556,42.843,0.629,0.604,20.55,72.46,25.68,26.95,21.9,0.413,0.131,"AM_W",0.893
3302,"Málaga","Nordin Amrabat","Right Center Forward",0.297,1037.5,27.151,17.089,4.25,1.301,0.087,36.259,2.429,0,0.204,3.296,2.082,15.093,5.031,0.347,0.26,0.781,4.25,1.041,3.383,3.99,3.383,52.307,0.629,0.632,18.19,82.7,44.31,22.76,25.13,0.599,0.051,"FW",0.631
3302,"Watford","Nordin Amrabat","Left Midfield",0.252,541.8,32.061,22.094,5.98,0.664,0,39.038,1.163,0,0.058,3.156,2.326,17.941,5.648,1.495,0.332,1.661,4.153,0.997,2.824,4.817,3.655,53.656,0.689,0.737,18.84,78.23,35.26,24.88,25.3,0.538,0.087,"AM_W",0.744
3304,"AFC Bournemouth","Harry Arter","Left Center Midfield",0.588,1701.7,55.111,46.966,9.679,1.269,0,47.336,1.904,0.053,0.054,2.01,1.111,24.752,6.558,0.899,0.74,1.692,3.861,3.068,1.375,1.481,1.587,53.789,0.852,0.553,20.01,63.94,33.59,20.89,19.7,0.25,0.132,"DM_CM",0.803
3306,"Watford","Nathan Aké","Left Back",0.945,2010.1,40.52,27.536,5.283,0.313,0,20.372,0.761,0.045,0.082,0.537,0.313,13.522,3.537,1.075,5.015,3.268,4.567,3.537,1.388,0.582,0.716,24.223,0.68,0.583,18.95,53.4,12.3,29.98,11.14,0.215,0.363,"FB",0.946
3307,"Leicester City","Marc Albrighton","Left Midfield",0.81,2834.6,38.545,21.305,12.033,1.746,0.222,32.513,1.334,0.064,0.075,3.175,1.937,19.368,5.62,0.73,1.016,2.445,3.429,2.254,0.857,1.238,1.461,39.148,0.553,0.61,23.27,69.33,24.61,29.01,25.23,0.406,0.189,"AM_W",0.995
3308,"Tottenham Hotspur","Kieran Trippier","Right Back",0.826,482.3,66.243,47.023,13.622,0.933,0.187,43.291,0.373,0.187,0.122,1.306,0.373,12.875,6.904,1.12,4.292,2.239,5.971,3.172,0.56,0.187,1.12,45.903,0.71,0.286,20.75,67.02,70.87,29.99,9.07,0.386,0.217,"FB",1
3309,"Watford","Sebastian Prödl","Right Center Back",0.995,1864.5,25.969,19.163,8.351,0.097,0,13.612,0.579,0.097,0.057,0.048,0,6.034,1.593,1.11,5.165,1.545,3.524,1.448,1.11,0.048,0.097,17.618,0.738,0,26.01,40.71,51.31,22.29,13.25,0.053,0.492,"CB",1
3310,"Tottenham Hotspur","Tom Carroll","Left Defensive Midfield",0.598,570.8,56.92,46.198,9.618,1.261,0,43.991,0.788,0.158,0.033,1.104,0.631,25.385,4.888,0.946,0.946,3.311,5.203,2.996,1.419,1.734,1.419,51.559,0.812,0.571,20.07,65.56,42.62,23.4,22.21,0.296,0.147,"DM_CM",0.757
3311,"Manchester United","Daley Blind","Left Center Back",0.888,3245.8,61.417,49.522,17.884,0.749,0.028,41.897,0.111,0.028,0.003,0.471,0.36,15.001,4.492,1.858,4.159,2.024,4.631,2.523,0.915,0.305,0.305,44.475,0.806,0.765,24.8,46.2,22.12,23.95,15.58,0.085,0.429,"CB",0.888
3314,"Manchester United","Phil Jones","Right Center Back",0.914,559.3,51.657,43.933,9.495,0,0,35.082,0.161,0,0.008,0.161,0,9.334,4.345,1.126,4.828,1.287,2.575,1.609,0.644,0.161,0.322,37.013,0.85,0,21.24,45.9,57.57,21.46,14.12,0.066,0.399,"CB",0.922
3316,"West Ham United","James Tomkins","Right Back",0.506,2048.9,42.301,32.813,9.269,0.439,0,24.335,0.351,0,0.022,0.395,0.22,11.904,3.426,0.922,5.667,2.152,4.085,2.943,0.791,0.307,0.22,25.961,0.776,0.556,21.78,46.88,61.51,25.87,15.59,0.117,0.44,"FB",0.53
33178,"Lorient","Benjamin Moukandjo Bilé","Right Center Forward",0.345,2303.1,27.198,19.304,3.83,0.782,0.078,27.862,2.227,0.508,0.422,2.618,1.368,14.419,3.165,0.352,0.547,0.938,5.783,0.664,1.25,2.657,3.712,54.278,0.71,0.522,17.8,78.69,39.77,21.31,23.09,0.499,0.043,"FW",0.87
3318,"Manchester United","Marcus Rashford","Center Forward",0.954,876.8,21.453,15.91,1.026,0.513,0.308,25.765,1.642,0.513,0.185,3.695,1.334,13.139,2.874,0.308,0.924,1.026,3.695,1.026,0.513,2.874,3.182,49.168,0.742,0.361,12.79,85.14,39.69,22.59,24.86,0.614,0.029,"FW",0.954
3319,"Nantes","Yacine Bammou","Center Attacking Midfield",0.764,1606.5,38.992,28.179,5.21,0.784,0.056,33.445,2.409,0.224,0.166,1.569,0.784,23.697,4.482,0.728,1.008,1.625,6.218,1.232,2.689,2.073,2.689,58.095,0.723,0.5,17.13,73.99,41.74,22.93,21.78,0.39,0.068,"AM_W",0.829
3321,"Sunderland","Patrick van Aanholt","Left Back",0.844,3114.7,40.945,30.167,7.05,0.751,0.116,28.173,1.329,0.116,0.069,1.907,1.185,12.772,5.317,1.503,2.08,1.994,2.976,2.369,0.52,0.78,0.954,27.566,0.737,0.621,20.4,58.29,14.98,30.27,13.43,0.279,0.312,"FB",0.975
3322,"Guingamp","Jonas Lössl","Goalkeeper",1,3472.6,28.898,15.861,22.522,0,0,11.222,0,0,0,0.026,0.026,0.052,5.417,0.026,0,0.026,0,0,0,0,0.026,7.646,0.549,1,53.12,9.48,40.34,6.97,8.77,0,0.99,"GK",1
3324,"Villarreal","Eric Bertrand Bailly","Right Center Back",0.77,2127.6,35.448,27.495,8.206,0.127,0,24.83,0.169,0,0.017,0.592,0.465,7.952,4.061,1.946,5.414,1.65,3.426,2.157,1.523,0.381,0.338,23.688,0.776,0.786,22.66,39.37,51.46,20.67,17.83,0.038,0.531,"CB",0.821
3325,"Stoke City","Marko Arnautović","Left Wing",0.916,2900.7,36.022,27.769,4.282,1.365,0.186,37.294,2.234,0.341,0.344,4.158,2.389,15.203,4.809,0.993,0.527,1.272,2.451,1.8,1.52,1.582,2.451,46.509,0.771,0.575,17.45,72.9,18.5,26.44,16.23,0.463,0.132,"AM_W",0.974
3328,"Southampton","James Ward-Prowse","Right Center Midfield",0.275,1655.8,43.865,33.429,10.925,1.468,0.217,29.352,1.576,0.109,0.123,0.761,0.544,16.578,5.707,0.544,1.794,2.066,2.663,0.87,1.576,1.141,0.924,36.092,0.762,0.714,21.84,65.04,44.54,25.18,20.95,0.279,0.17,"DM_CM",0.609
3329,"Southampton","Cédric Ricardo Alves Soares","Right Back",0.755,2047.4,50.772,33.892,12.528,1.011,0.088,35.123,0.44,0,0.013,1.626,1.231,15.429,5.011,0.923,3.209,2.769,4.748,3.033,1.011,1.143,0.659,36.661,0.668,0.757,21.53,62.57,70.13,30.53,9.4,0.327,0.249,"FB",0.994
33311,"Lazio","Ogenyi Eddy Onazi","Right Defensive Midfield",0.415,1222.6,50.719,40.855,9.128,0.663,0.074,39.309,0.883,0.074,0.05,1.251,0.81,25.249,6.625,1.399,1.619,2.061,3.313,2.061,1.472,0.883,1.251,45.64,0.806,0.647,19.7,57.99,48.86,21.13,18.61,0.161,0.194,"DM_CM",0.987
3333,"Manchester United","David de Gea Quintana","Goalkeeper",1,3198.2,26.903,16.772,19.417,0,0,11.453,0,0,0,0,0,0.028,3.743,0,0.028,0,0.028,0,0,0,0,11.679,0.623,0,48.59,7.54,40.71,5.32,7.41,0,0.996,"GK",1
3337,"Sunderland","Jermain Defoe","Center Forward",0.725,2673.2,14.78,10.74,1.414,0.606,0.034,17.709,2.963,0.505,0.445,1.448,0.673,11.716,2.761,0.168,0.034,1.044,3.434,0.741,0.64,1.178,1.818,43.802,0.727,0.465,16.04,80.38,36.87,21.65,19.66,0.545,0.038,"FW",0.909
3339,"Chelsea","Asmir Begović","Goalkeeper",1,1476.7,24.988,13.774,17.674,0,0,10.605,0,0,0,0,0,0.366,3.352,0,0,0,0,0,0,0,0,9.142,0.551,0,49.07,9.57,40.11,6.01,7.87,0,0.996,"GK",1
3340,"Swansea City","Kyle Naughton","Right Back",0.909,1935.6,64.536,50.309,9.16,0.744,0.139,43.706,0.418,0,0.019,1.023,0.511,13.53,4.324,0.883,3.069,1.72,4.138,2.232,1.116,0.883,0.837,48.495,0.78,0.5,19.63,59.77,65.94,25.95,16.53,0.223,0.224,"FB",0.968
3341,"AFC Bournemouth","Steve Cook","Left Center Back",0.809,3347.6,44.119,35.274,13.308,0.108,0,28.982,0.699,0.108,0.063,0.027,0,5.081,3.549,1.613,6.802,1.667,2.85,1.075,0.538,0.134,0.108,32.639,0.8,0,26.07,39.14,31.81,19.92,17.42,0.033,0.557,"CB",1
3343,"AFC Bournemouth","Dan Gosling","Right Center Midfield",0.517,2569.5,43.082,36.042,4.869,0.981,0.035,35.832,1.401,0.105,0.108,2.067,1.191,22.627,4.869,0.911,1.016,2.487,4.378,2.627,1.611,1.926,1.926,44.553,0.837,0.576,17.14,63.14,41.24,23.24,20.5,0.248,0.159,"DM_CM",0.989
3344,"AFC Bournemouth","Andrew Surman","Center Defensive Midfield",0.353,3591.6,57.861,49.366,12.204,1.052,0.075,38.691,0.401,0,0.019,0.652,0.426,13.507,5.463,1.403,2.055,1.629,3.032,1.253,0.802,0.601,0.626,45.657,0.853,0.654,21.59,56.39,39.7,20.94,19.45,0.13,0.218,"DM_CM",1
3345,"AFC Bournemouth","Charlie Daniels","Left Back",1,3444,58.51,46.123,8.937,0.81,0.131,40.897,0.601,0.078,0.077,1.751,1.228,11.158,4.939,0.627,2.247,1.411,3.057,2.091,0.287,1.15,0.941,43.484,0.788,0.701,19.32,59.58,10.48,28.74,9.42,0.269,0.271,"FB",1
3346,"AFC Bournemouth","Joshua King","Center Forward",0.448,1976.3,20.811,15.392,1.23,0.956,0.091,27.323,2.55,0.273,0.266,4.691,2.596,27.005,4.736,0.455,0.865,1.275,4.873,1.503,1.639,3.461,4.554,50.912,0.74,0.553,13.67,79.66,43.25,23.29,22.24,0.506,0.052,"FW",0.884
3347,"Swansea City","André Ayew Pelé","Right Wing",0.437,3019.3,32.73,26.291,2.951,0.507,0.06,31.21,2.057,0.358,0.226,2.474,1.222,17.855,3.398,0.477,0.477,1.997,4.889,1.878,1.133,2.176,1.908,50.794,0.803,0.494,15.57,71.85,49.35,23.42,21.52,0.356,0.088,"AM_W",0.67
3348,"Guingamp","Younousse Sankharé","Left Defensive Midfield",0.745,3085.3,39.906,30.338,6.563,0.35,0.058,33.459,0.875,0.175,0.078,1.984,1.225,21.966,6.651,1.371,1.254,2.188,3.938,2.742,1.575,1.284,0.788,35.472,0.76,0.618,19.8,55.67,34.64,20.79,18.3,0.117,0.215,"DM_CM",0.934
3349,"West Ham United","Michail Antonio","Right Back",0.328,2138.4,29.797,19.36,6.902,0.8,0.126,29.04,2.357,0.337,0.236,3.956,2.483,14.352,5.261,2.146,2.525,2.357,4.419,2.104,1.136,2.399,2.946,36.11,0.65,0.628,20.82,69.03,56.89,30.56,21.52,0.424,0.211,"FB",0.577
3354,"Rennes","Benoît Guy Robert Costil","Goalkeeper",1,2903.4,28.239,16.987,20.985,0,0,11.128,0,0,0,0,0,0.062,4.278,0,0.062,0.031,0,0,0,0,0,9.206,0.602,0,49.46,9.07,41.74,6.36,7.98,0,0.995,"GK",1
3356,"Bordeaux","Valentín Vada","Left Center Midfield",0.642,885.8,65.025,54.661,10.77,1.524,0.203,53.036,1.118,0,0.062,1.422,0.61,18.898,7.112,1.829,0.508,1.93,2.337,1.727,1.219,1.626,1.829,61.062,0.841,0.429,19.11,63.91,32.39,20.86,20.05,0.225,0.112,"DM_CM",0.93
3357,"Lille","Baptiste Guillaume","Center Forward",0.555,576.7,19.977,11.549,0.936,0.312,0,14.671,1.561,0,0.103,1.717,0.312,14.202,3.121,1.092,1.873,0.936,6.555,0.78,1.249,1.092,4.526,52.595,0.578,0.182,12.85,77.94,40.92,23.59,22.65,0.471,0.053,"FW",0.82
3359,"OGC Nice","Jean Michaël Seri","Left Center Midfield",0.755,3197,79.135,67.93,14.189,1.351,0.169,67.283,1.436,0.084,0.108,1.745,1.07,19.143,5.321,0.985,0.816,1.464,2.59,1.408,0.985,1.689,1.858,79.642,0.858,0.613,19.79,58.97,32.46,20.37,17.03,0.153,0.159,"DM_CM",0.88
3361,"Lyon","Clément Grenier","Left Center Midfield",0.39,1063,66.549,49.615,10.329,1.355,0.254,54.864,1.185,0.169,0.07,2.625,1.101,17.78,4.995,0.847,0.762,1.524,2.709,2.032,2.286,1.355,2.455,69.851,0.746,0.419,19.01,67.01,34.3,21.39,21.25,0.267,0.098,"DM_CM",0.716
3363,"Guingamp","Marcus Coco","Right Midfield",0.662,1785.7,22.73,13.86,2.722,0.756,0.05,28.073,1.109,0.05,0.086,4.385,1.966,27.468,5.494,1.109,0.504,2.318,7.056,2.318,3.578,4.284,4.637,43.444,0.61,0.448,16.35,71.39,51.91,28.04,24.38,0.429,0.162,"AM_W",0.855
3364,"Guingamp","Jonathan Martins-Pereira","Right Back",0.997,1434.9,50.303,36.63,8.154,0.314,0.188,28.225,0.314,0,0.038,0.564,0.314,16.057,5.206,2.07,2.697,2.383,4.202,3.011,1.38,0.69,0.439,30.42,0.728,0.556,19.54,53.58,68.43,28.45,11.11,0.202,0.342,"FB",1
3364,"Troyes","Jonathan Martins-Pereira","Right Back",0.981,927,74.47,61.265,9.224,1.262,0.194,49.809,0.194,0,0.009,1.068,0.777,15.729,4.466,1.262,2.039,1.845,3.495,2.719,1.845,1.262,0.874,59.518,0.823,0.727,18.29,57.36,70.22,29.07,8.71,0.238,0.312,"FB",0.981
3365,"Nantes","Valentin Rongier","Right Defensive Midfield",0.463,766.4,55.43,45.918,12.331,0.705,0.117,42.865,0.822,0.117,0.025,1.879,1.409,26.423,7.633,1.527,1.409,1.879,6.811,4.697,1.644,1.879,1.057,45.448,0.828,0.75,21.69,56.17,39.22,23.12,21.83,0.16,0.257,"DM_CM",1
3371,"AC Milan","Mario Barwuah Balotelli","Left Center Forward",0.514,905.3,35.887,22.765,8.052,2.286,0.099,36.186,4.275,0.099,0.351,3.579,2.286,13.321,3.38,0,0.398,1.094,4.076,0.994,2.585,1.988,2.883,57.658,0.634,0.639,20.35,80.57,37.87,20.2,24.72,0.541,0.033,"FW",0.988
3372,"Lyon","Rachid Ghezzal","Right Wing",0.711,1670.4,54.255,38.415,10.291,2.047,0.377,54.794,2.963,0.431,0.264,4.526,2.586,17.888,5.873,0.97,0.323,1.886,3.448,1.616,1.509,3.287,3.233,67.078,0.708,0.571,19,76.13,56.98,23.41,21.37,0.465,0.078,"AM_W",0.963
3374,"AS Monaco","Andrea Raggi","Right Center Back",0.42,2720.2,39.207,29.182,8.867,0.132,0.033,23.259,0.265,0.066,0.03,0.099,0.033,10.025,2.845,1.357,3.639,1.886,2.184,1.224,0.529,0.331,0.199,26.072,0.744,0.333,23.29,46.23,44.82,24.79,25.45,0.102,0.445,"CB",0.505
3375,"Nantes","Adrien Thomasson","Right Wing",0.326,2588.8,52.913,38.972,8.587,1.53,0.174,46.968,1.356,0.07,0.085,1.773,1.182,29.064,7.996,0.8,0.8,2.746,4.172,2.503,1.738,2.19,1.634,54.859,0.737,0.667,18.87,67.21,48,25.1,24.12,0.33,0.153,"AM_W",0.684
3379,"Villarreal","Alphonse Areola","Goalkeeper",1,2992.3,25.897,14.467,19.611,0,0,9.926,0,0,0,0.03,0.03,0.06,4.812,0,0.03,0.06,0,0,0.03,0,0,5.444,0.559,1,50.91,8.7,40.29,6.02,7.71,0,0.997,"GK",1
3380,"Liverpool","Christian Benteke Liolo","Center Forward",0.871,1635.5,27.129,18.93,1.761,1.266,0.165,17.664,3.522,0.495,0.606,1.156,0.605,8.915,2.641,0.165,0.77,0.33,7.154,0.66,1.761,2.146,3.302,57.669,0.698,0.524,14.52,81.76,37.67,21.41,19.51,0.531,0.03,"FW",0.99
3381,"Chelsea","Nemanja Matić","Left Defensive Midfield",0.666,2592.2,57.391,49.614,8.228,0.486,0.069,45.066,1.18,0.069,0.082,1.146,0.937,16.874,6.77,1.632,2.014,1.805,4.548,3.055,1.319,1.423,0.799,47.774,0.864,0.818,18.9,58.08,34.15,22.39,18.17,0.169,0.201,"DM_CM",0.975
3382,"Manchester United","Luke Shaw","Left Back",1,470.1,67.194,55.708,7.657,0.574,0.191,49.007,0.191,0,0.018,1.34,1.149,13.018,3.829,0.191,3.446,1.914,4.786,1.914,1.531,1.34,0.383,51.113,0.829,0.857,18.37,63.98,9.79,24.53,9.07,0.292,0.159,"FB",1
3385,"Arsenal","Alexis Alejandro Sánchez Sánchez","Left Wing",0.71,2519.1,53.163,40.765,7.681,1.894,0.143,58.414,3.966,0.464,0.402,5.895,3.68,14.291,7.11,0.5,0.214,1.536,3.751,1.393,1.322,3.537,3.215,68.775,0.767,0.624,18.09,78.12,30.89,23.62,22.31,0.523,0.083,"AM_W",0.996
3389,"Manchester City","Eliaquim Mangala","Left Center Back",1,2091,43.515,38.48,7.661,0,0,32.281,0.258,0,0.034,0.344,0.258,10.244,4.089,1.42,5.552,1.248,2.841,1.593,1.765,0.473,0.215,33.228,0.884,0.75,20.96,43.45,27.25,18.68,13.35,0.026,0.424,"CB",1
3394,"Arsenal","Laurent Koscielny","Left Center Back",1,2971.6,50.61,44.159,10.419,0.273,0,36.648,0.606,0.121,0.097,0.242,0.151,8.147,4.907,1.848,6.603,2.15,3.877,1.605,1.03,0.333,0.212,37.617,0.873,0.625,22.38,43.49,28.74,20.07,11.9,0.039,0.429,"CB",1
3404,"Nantes","Youssouf Sabaly","Right Back",0.83,2604.5,61.337,47.307,8.777,0.898,0.035,42.988,0.449,0.069,0.016,2.419,1.624,15.516,6.186,1.486,2.937,2.039,4.665,2.73,1.866,1.693,1.175,45.649,0.771,0.671,18.27,61.33,59.25,28.54,24.48,0.296,0.255,"FB",1
3405,"Bastia","François Kamano","Right Wing",0.518,1528.7,23.785,16.131,2.355,0.942,0,31.38,2.414,0.177,0.219,4.18,1.825,17.309,5.652,0.353,0.235,1.648,4.945,1.236,1.825,3.65,3.532,50.69,0.678,0.437,15.87,72.26,44.59,23.82,25.47,0.382,0.101,"AM_W",0.894
3406,"AS Monaco","Jérémy Toulalan","Right Defensive Midfield",0.532,2316.1,57.238,45.891,10.297,0.389,0.039,39.674,0.233,0,0.007,0.894,0.544,15.893,5.751,1.399,2.409,2.759,4.896,2.953,1.166,0.622,0.583,42.316,0.802,0.609,21.22,51.3,40.67,19.97,20.69,0.077,0.285,"DM_CM",0.894
3407,"Crystal Palace","Scott Dann","Right Center Back",1,3306,30.245,22.786,9.964,0.218,0,18.294,0.871,0.136,0.074,0.299,0.218,5.798,3.457,1.034,5.717,2.042,3.185,0.871,0.817,0.109,0.327,20.907,0.753,0.727,26.93,43.19,52.17,25.6,14.59,0.096,0.531,"CB",1
3408,"Bordeaux","Thomas Touré","Left Midfield",0.304,935.7,38.666,28.47,6.156,1.347,0.096,40.685,2.789,0.192,0.201,5.098,2.789,23.95,6.733,0.866,0.673,1.635,6.06,3.366,1.443,4.232,2.597,49.727,0.736,0.547,17.7,72.14,38.78,26.08,26.08,0.414,0.129,"AM_W",0.883
3412,"Empoli","Assane Dioussé El Hadji","Center Defensive Midfield",0.899,860.2,74.917,63.094,10.149,0.314,0,58.281,0.523,0,0.007,0.628,0.523,21.973,8.057,0.628,1.569,1.674,2.302,1.256,2.616,1.256,0.837,68.325,0.842,0.833,18.63,54.3,34.76,17.74,17.9,0.064,0.222,"DM_CM",1
3413,"Saint-Étienne","Kévin Théophile-Catherine","Right Back",0.773,1964.9,45.849,31.558,9.802,0.641,0.046,28.673,0.321,0.046,0.023,1.008,0.687,12.229,4.58,0.779,3.115,2.382,4.26,1.374,1.328,1.145,0.779,30.642,0.688,0.682,21.91,57.5,67.8,28,10.85,0.236,0.291,"FB",0.796
3414,"Saint-Étienne","Vincent Pajot","Left Defensive Midfield",0.377,1847.7,42.474,35.168,4.968,0.731,0.049,29.177,1.12,0.049,0.087,0.925,0.39,19.922,4.725,1.413,2.582,2.143,4.579,2.241,1.997,1.315,1.12,41.305,0.828,0.421,17.48,59.88,36.28,23.08,20.42,0.197,0.187,"DM_CM",0.998
3416,"Carpi","Gabriel Moisés Antunes da Silva","Left Back",0.485,1346.4,38.37,25.335,7.955,0.401,0.134,25.268,0.668,0,0.044,1.337,0.936,14.84,4.813,1.805,1.872,2.674,3.276,2.273,1.671,0.869,0.802,28.477,0.66,0.7,20.66,58.06,12.13,28.49,10.61,0.239,0.28,"FB",0.953
3416,"Genoa","Gabriel Moisés Antunes da Silva","Left Wing Back",0.765,807.7,40.671,27.188,6.24,0.334,0,28.86,0.334,0,0.011,1.114,0.669,15.823,5.683,1.671,2.897,4.011,4.346,2.674,1.56,1.337,1.671,33.317,0.668,0.6,18.51,60.46,15.63,28.89,17.39,0.269,0.24,"FB",0.886
3420,"Marseille","Rémy Cabella","Center Attacking Midfield",0.645,785.9,53.477,45.461,2.748,1.374,0.115,49.011,1.489,0.115,0.165,2.405,0.687,23.475,6.069,0.344,0.229,3.206,4.809,2.634,1.832,2.29,2.748,65.844,0.85,0.286,13.86,68.09,38.08,22.73,23.5,0.291,0.098,"AM_W",0.929
3420,"Olympique de Marseille","Rémy Cabella","Center Attacking Midfield",0.76,1846.3,54.984,46.015,3.753,1.414,0.049,52.254,1.755,0.195,0.15,3.851,2.194,23.641,5.411,0.585,0.146,1.901,4.143,2.096,1.365,2.73,2.145,64.928,0.837,0.57,14.42,71.33,36.14,21.73,23.96,0.345,0.07,"AM_W",0.956
3421,"Montpellier","Bryan Dabo","Right Center Midfield",0.305,2951.3,52.055,40.711,6.16,0.579,0.03,44.736,1.067,0.152,0.097,3.629,1.738,18.938,6.373,1.22,1.311,1.891,3.324,2.013,1.952,1.616,2.379,52.696,0.782,0.479,17.43,63.58,55.52,23.74,19.39,0.248,0.164,"DM_CM",0.525
3423,"Saint-Étienne","Alexander Toft Søderlund","Center Forward",0.968,861.9,17.126,10.86,0.94,0.731,0.209,14.202,2.089,0.209,0.342,1.044,0.835,14.306,2.089,0,0.313,1.044,6.057,0.627,2.193,1.253,3.446,52.318,0.634,0.8,13.64,82.9,40.17,20.96,18.88,0.545,0.025,"FW",0.982
3424,"Rennes","Cheikh M'Bengue","Left Back",0.952,1969.5,54.609,45.424,6.443,0.411,0,34.822,0.228,0,0.021,0.548,0.274,11.379,3.839,1.462,2.833,2.605,3.519,2.285,1.599,0.731,0.548,40.169,0.832,0.5,17.74,53.86,11.12,25.98,9.54,0.163,0.307,"FB",0.994
3425,"Lille","Morgan Amalfitano","Right Wing",0.614,1004.2,41.317,30.562,6.274,1.793,0,35.94,1.255,0.179,0.159,2.868,1.703,10.486,5.915,1.613,0.269,2.42,2.958,1.165,1.165,1.882,2.151,49.832,0.74,0.594,17.42,70.84,55.15,25.17,20.77,0.374,0.109,"AM_W",0.808
3431,"Angers","Vincent Manceau","Right Back",0.836,2472.8,43.821,32.939,8.699,0.473,0.036,26.133,0.218,0,0.002,0.619,0.328,12.812,3.712,1.31,2.621,1.856,2.73,1.82,0.546,0.473,0.437,26.933,0.752,0.529,21.31,51.41,59.48,26.85,23.7,0.167,0.384,"FB",1
3432,"Angers","Alexandre Letellier","Goalkeeper",1,1585.2,26.741,16.124,20.325,0.114,0,10.219,0,0,0,0,0,0,3.974,0,0,0,0,0,0,0,0,7.381,0.603,0,50.46,9.27,41.05,6.26,8.36,0,0.995,"GK",1
3433,"Bastia","Lassana Coulibaly","Right Defensive Midfield",0.463,747.6,29.978,21.31,3.251,0.482,0,26.366,1.324,0.12,0.059,1.565,0.963,26.487,6.02,0.963,1.565,2.528,6.02,3.13,1.565,2.408,1.686,29.978,0.711,0.615,17.33,58.84,46.89,22.01,19.84,0.164,0.203,"DM_CM",0.938
3434,"Inter Milan","Stevan Jovetić","Left Center Forward",0.476,1573.3,51.027,36.611,4.805,1.716,0.114,48.739,4.004,0.343,0.443,3.661,1.773,14.931,5.263,0.286,0.629,0.801,4.634,1.373,1.888,2.917,2.975,74.252,0.717,0.484,15.36,79.32,32.98,19.7,22.23,0.527,0.034,"FW",0.694
34355,"Genoa","Riccardo Fiamozzi","Right Wing Back",0.681,499.3,39.658,31.186,5.408,0.721,0,30.465,0,0,0,0.721,0.18,13.7,6.67,1.803,2.704,2.163,2.524,1.082,0.541,1.622,1.622,31.727,0.786,0.25,18.41,55,67.17,28.66,12.91,0.212,0.313,"FB",0.832
3436,"Aston Villa","Idrissa Gana Gueye","Left Center Midfield",0.507,3203.4,53.55,45.177,6.883,0.73,0.028,45.542,0.843,0,0.031,3.034,2.079,28.123,8.288,2.248,1.405,2.332,5.507,4.299,2.22,1.573,1.405,44.362,0.844,0.685,18.24,57.61,35.24,22.22,19.99,0.167,0.221,"DM_CM",0.969
3437,"Arsenal","Francis Joseph Coquelin","Left Defensive Midfield",0.469,1747.5,56.859,50.885,7.416,0.309,0,47.589,0.464,0,0.012,1.854,1.545,18.799,7.416,2.678,1.494,2.163,4.79,4.017,1.7,1.185,0.618,46.765,0.895,0.833,18.19,59.08,39.05,20.18,18.36,0.141,0.162,"DM_CM",0.979
3443,"Crystal Palace","Joel Ward","Right Back",0.973,2819,42.398,31.352,8.141,0.415,0.032,26.052,0.543,0.064,0.037,0.99,0.543,13.728,5.427,1.501,3.831,1.979,3.767,2.107,1.437,0.798,0.479,25.892,0.739,0.548,19.84,56.99,64.96,28.37,14.65,0.221,0.291,"FB",1
3444,"AS Monaco","Danijel Subašić","Goalkeeper",1,3375.9,25.886,15.302,19.408,0.027,0,10.344,0,0,0,0.08,0.08,0.133,3.999,0.027,0.027,0.053,0,0,0,0.027,0.027,8.078,0.591,1,51.34,8.65,40.32,6.68,8.3,0,0.993,"GK",1
3446,"Lille","Djibril Sidibé","Left Back",0.787,3426.3,54.741,43.157,6.357,0.893,0.079,36.564,1.077,0.105,0.075,2.338,1.156,16.995,4.807,2.206,1.839,2.522,5.332,3.625,1.261,1.55,1.996,41.791,0.788,0.494,18,61.84,18.34,28.15,21.4,0.29,0.229,"FB",1
3448,"Crystal Palace","Martin Kelly","Right Back",0.689,1097.4,44.286,32.231,8.119,0.246,0,22.963,0.082,0,0.002,0.492,0.328,11.728,3.527,0.984,4.101,0.902,4.429,2.87,0.902,0.328,0.164,24.604,0.728,0.667,19.72,52.83,51.25,27.69,29.27,0.187,0.349,"FB",1
3449,"Swansea City","Wayne Routledge","Right Wing",0.332,1726.4,37.64,26.118,4.64,1.408,0.052,35.346,0.938,0.104,0.143,2.19,1.251,17.256,4.118,0.573,0.626,1.564,4.483,1.46,1.564,2.815,3.076,51.455,0.694,0.571,16.68,74.37,44.86,24.97,27.17,0.446,0.105,"AM_W",0.761
3450,"Aston Villa","Jordan Ayew","Left Wing",0.316,2535,29.254,22.97,2.201,0.497,0,35.148,2.166,0.249,0.186,5.609,3.018,24.817,4.828,0.639,0.391,2.308,6.036,1.527,1.882,3.55,3.799,52.793,0.785,0.538,15.49,74.82,33.13,23.09,23.62,0.434,0.077,"AM_W",0.536
3451,"Lyon","Alexandre Lacazette","Center Forward",0.61,3072.5,30.669,23.229,1.875,1.055,0.059,29.497,2.783,0.615,0.583,2.607,1.289,15.818,3.017,0.176,0.088,1.465,3.691,0.967,1.552,2.08,3.427,58.848,0.757,0.494,13.66,83.91,39.24,20.4,20.02,0.611,0.031,"FW",0.994
3454,"Watford","Troy Deeney","Right Center Forward",0.392,3449.7,33.968,20.663,3.835,1.278,0.183,22.698,2.452,0.339,0.315,1.304,0.757,15.888,4.226,0.209,1.331,1.696,9.105,1.148,1.513,2.009,3.026,58.023,0.608,0.58,16.46,75.78,36.77,23.22,20.11,0.442,0.078,"FW",0.862
3456,"Chelsea","Kurt Happy Zouma","Right Center Back",0.862,2019.6,32.799,27.184,7.086,0,0,20.054,0.713,0.045,0.069,0.357,0.178,6.818,2.362,1.07,7.531,1.56,2.941,1.248,0.446,0.134,0.223,25.134,0.829,0.5,22.78,40.87,52.97,22.82,13.19,0.063,0.535,"CB",0.903
34565,"Bologna","Anthony Mounier","Right Wing",0.668,1992.4,32.749,22.043,4.698,1.265,0.09,31.936,0.949,0.181,0.146,3.297,1.445,23.85,4.427,0.497,0.452,2.304,5.059,1.897,1.852,2.439,2.981,51.495,0.673,0.438,17.53,74.44,51.72,25.28,23.92,0.446,0.107,"AM_W",0.908
3457,"Marseille","Michy Batshuayi Tunga","Center Forward",0.821,892.5,23.294,17.647,1.613,0.403,0.202,24,3.832,0.605,0.523,1.613,1.008,15.832,3.227,0.101,0.504,1.008,4.134,0.202,1.815,2.723,2.723,57.076,0.758,0.625,13.42,79.85,41.68,21.44,18.94,0.484,0.03,"FW",1
3457,"Olympique de Marseille","Michy Batshuayi Tunga","Center Forward",0.929,2160.1,18.582,13.791,0.917,0.542,0.167,20.957,3.542,0.458,0.563,1.75,1,14.416,2.917,0.125,0.25,1.25,4.333,0.5,2,2.833,3.292,53.039,0.742,0.571,13.63,81.57,41.25,22.22,18.73,0.536,0.038,"FW",0.999
3461,"Arsenal","Petr Čech","Goalkeeper",1,3197.5,29.16,18.408,20.941,0.056,0,12.948,0,0,0,0.056,0.056,0.084,4.841,0,0.056,0.056,0,0,0,0.028,0,10.837,0.631,1,50.41,9.53,38.82,7.2,8.82,0,0.994,"GK",1
3462,"Swansea City","Jack Frank Porteous Cork","Right Center Midfield",0.483,2675.8,58.727,49.074,8.308,0.908,0.034,47.527,0.639,0.034,0.03,2.052,1.379,20.686,6.559,2.153,2.455,2.455,5.55,2.792,1.514,1.379,1.177,51.563,0.836,0.672,18.49,58.61,49.47,21.75,19.93,0.15,0.196,"DM_CM",0.999
3463,"AFC Bournemouth","Junior Stanislas","Left Midfield",0.665,1493.2,46.77,32.968,6.449,1.868,0.121,41.828,2.772,0.181,0.145,3.737,2.049,15.972,5.003,0.904,0.964,1.989,3.375,1.507,0.964,2.23,1.808,53.099,0.705,0.548,17.67,74.09,30.14,24.68,24.85,0.453,0.1,"AM_W",0.922
3464,"Crystal Palace","James McArthur","Left Defensive Midfield",0.368,2265.8,42.383,35.749,7.269,0.755,0.079,32.492,0.636,0.079,0.047,1.311,0.794,20.496,7.269,1.509,1.152,2.939,4.369,2.026,1.787,1.351,0.675,33.565,0.843,0.606,19.71,57.24,38.89,22.87,19.79,0.167,0.228,"DM_CM",0.929
3467,"Stoke City","Erik Pieters","Left Back",1,3231.4,54.478,40.803,9.637,0.501,0.028,34.369,0.139,0,0.002,0.696,0.334,16.683,4.707,2.061,3.454,2.674,4.818,3.314,1.838,0.585,0.668,35.26,0.749,0.48,20.81,52.73,12.05,26.56,10.61,0.167,0.339,"FB",1
3469,"Crystal Palace","Bakary Sako","Right Wing",0.302,1148.7,33.143,22.957,7.13,0.627,0.078,31.968,2.742,0.157,0.166,3.212,1.645,14.104,5.015,0.705,1.019,1.175,3.526,1.567,1.254,2.977,1.88,42.075,0.693,0.512,20.52,72.87,31.63,27.69,25.62,0.443,0.143,"AM_W",0.882
3471,"Liverpool","Dejan Lovren","Left Center Back",0.509,1991.2,48.724,41.447,10.622,0.362,0,31.187,0.994,0,0.068,0.136,0.09,9.537,2.983,1.175,7.638,1.944,2.938,1.718,1.085,0.136,0.226,34.577,0.851,0.667,23.35,41.69,39.7,19.85,20.15,0.037,0.49,"CB",0.998
3472,"Chelsea","Willian Borges da Silva","Right Wing",0.675,2851,55.086,41.133,11.901,2.399,0.221,46.847,1.863,0.158,0.118,3.283,2.21,15.279,5.714,0.694,0.41,0.694,2.62,1.515,0.915,2.083,1.736,56.917,0.747,0.673,20.16,73.81,50.94,24.84,23.33,0.425,0.101,"AM_W",0.966
3473,"Liverpool","James Philip Milner","Right Center Midfield",0.319,2539.8,57.052,41.531,13.359,1.772,0.39,44.118,1.382,0.177,0.141,1.453,0.744,22.537,5.634,0.921,1.169,2.764,3.792,2.126,1.878,2.764,1.595,52.658,0.728,0.512,20.98,70.73,49.09,26.91,24.94,0.378,0.131,"DM_CM",0.673
3475,"Arsenal","Per Mertesacker","Right Center Back",1,2211.6,50.38,45.415,9.482,0.041,0,33.532,0.326,0,0.05,0.081,0.081,3.54,2.482,0.651,5.534,1.017,1.75,0.814,0.326,0.081,0.285,39.27,0.901,1,21.03,41.05,56.14,18.56,12.35,0.022,0.475,"CB",1
3476,"Everton","Muhamed Bešić","Right Center Midfield",0.378,597,53.064,45.225,8.14,0.603,0,48.089,0.603,0,0.029,2.412,1.658,20.803,8.593,1.357,2.713,2.864,4.673,3.919,1.357,2.11,0.452,46.129,0.852,0.688,19.38,55.3,42.97,24.58,20.69,0.174,0.272,"DM_CM",0.766
3477,"Juventus","Álvaro Borja Morata Martín","Left Center Forward",0.557,1533.7,30.397,22.769,2.523,1.174,0.352,34.212,2.875,0.411,0.407,3.345,1.35,20.304,3.638,0.469,0.528,1.526,3.228,0.939,2.641,3.345,4.049,57.215,0.749,0.404,15.34,77.59,32.27,22.32,21.2,0.484,0.048,"FW",0.886
3478,"Chelsea","Francesc Fàbregas i Soler","Right Defensive Midfield",0.348,3037.4,87.32,71.29,17.808,1.837,0.207,64.031,1.422,0.148,0.119,1.244,0.711,22.993,5.659,0.978,0.681,2.163,4.652,3.496,1.274,1.244,0.77,80.031,0.816,0.571,20.54,64.42,38.57,24.01,20.9,0.278,0.159,"DM_CM",0.763
3480,"Stoke City","Geoff Cameron","Right Center Back",0.438,2469.8,43.255,32.979,9.219,0.328,0,31.229,0.583,0,0.033,1.13,0.765,14.54,5.211,1.931,4.591,1.713,3.899,1.822,1.057,0.875,0.729,31.995,0.762,0.677,21.92,47.39,51.79,22.95,18.39,0.085,0.392,"CB",0.492
3481,"Paris Saint-Germain","Serge Aurier","Right Back",0.836,1854.2,66.936,56.451,7.184,0.388,0.049,50.724,1.116,0.097,0.119,1.505,1.019,19.124,5.97,1.602,2.427,1.699,5.145,3.543,1.699,1.602,1.262,54.898,0.843,0.677,17.72,58.53,66.3,27.58,11.73,0.239,0.28,"FB",0.836
3482,"West Ham United","James Collins","Right Center Back",0.717,1525.3,32.747,25.667,8.851,0.059,0,18.999,0.767,0,0.056,0.236,0.177,6.195,2.242,1.416,10.149,2.419,3.009,1.062,0.767,0.059,0.177,21.418,0.784,0.75,25.76,39.64,45.54,21.49,16.46,0.047,0.547,"CB",0.998
3483,"Liverpool","Mamadou Sakho","Left Center Back",0.999,1940.8,57.688,50.639,9.043,0.185,0,41.225,0.278,0.046,0.043,0.139,0.139,5.797,6.26,1.484,6.956,2.087,3.895,1.577,0.464,0.417,0.371,41.921,0.878,1,20.65,41.56,25.17,18.68,12.35,0.025,0.488,"CB",1
3486,"Sevilla","Fernando Llorente Torres","Center Forward",0.685,1192,29.37,18.876,1.737,1.057,0.227,16.837,2.341,0.302,0.366,1.51,0.755,15.402,2.114,0.68,0.906,0.982,6.72,0.906,2.869,1.284,2.643,51.795,0.643,0.5,13.8,80.09,38.89,23.87,17.46,0.508,0.059,"FW",0.961
3488,"Crystal Palace","Wayne Hennessey","Goalkeeper",1,2736.7,28.579,14.174,23.185,0,0,10.392,0,0,0,0,0,0.099,4.374,0,0,0,0,0,0,0,0,9.471,0.496,0,58,9.35,41.37,7.97,9.12,0,0.988,"GK",1
34881,"Torino","Daniele Padelli","Goalkeeper",1,3305,29.219,21.295,15.821,0.027,0,12.091,0,0,0,0.054,0.054,0.082,4.03,0,0.027,0.027,0,0,0,0,0.027,11.138,0.729,1,37.88,7.96,40.02,5.29,6.45,0,0.995,"GK",1
3490,"West Bromwich Albion","James Morrison","Left Center Midfield",0.325,1395.9,39.651,31.979,5.674,1.032,0.129,34.493,1.547,0.193,0.158,2.321,1.289,16.247,6.641,1.032,1.032,1.934,3.546,1.934,0.645,1.547,1.418,37.975,0.807,0.556,19.02,66.25,38.35,25.46,20.26,0.321,0.179,"DM_CM",0.613
3491,"West Ham United","Dimitri Payet","Left Wing",0.571,2687.6,52.642,36.936,13.529,3.349,0.402,46.514,2.311,0.301,0.17,3.684,2.512,10.147,5.793,0.603,0.134,1.105,1.574,1.005,0.502,2.411,1.942,51.771,0.702,0.682,21.5,75.35,30.6,23.93,23.92,0.45,0.084,"AM_W",0.964
3493,"Liverpool","Emre Can","Left Center Midfield",0.452,2606.2,61.537,50.28,10.394,0.898,0,48.277,1.071,0.035,0.073,1.968,1.381,19.684,6.043,1.554,1.761,1.485,5.042,3.073,1.727,1.416,1.796,55.943,0.817,0.702,20.1,59.22,37.22,22.43,19.37,0.18,0.193,"DM_CM",0.9
3495,"Liverpool","Joe Gomez","Left Back",0.91,453.1,54.222,43.299,9.931,0.397,0.199,40.518,0.199,0,0.003,1.589,0.794,10.328,7.15,1.589,4.171,2.185,4.568,2.582,1.986,1.589,0.397,35.95,0.799,0.5,19.59,56.24,15.31,25.49,17.44,0.191,0.268,"FB",0.91
34953,"Troyes","Denis Petrić","Goalkeeper",1,842.7,28.408,16.981,18.583,0,0,11.107,0,0,0,0,0,0.214,4.699,0,0.107,0,0,0,0,0,0,7.903,0.598,0,45.53,7.81,39.32,5.15,7.42,0,0.998,"GK",1
3496,"Arsenal","Mesut Özil","Center Attacking Midfield",0.973,3135.3,72.08,58.847,10.879,3.531,0.545,59.392,1.407,0.172,0.171,2.641,1.55,13.406,4.421,0.545,0.172,0.718,1.636,0.976,0.689,1.895,2.469,76.874,0.816,0.587,17.51,76.07,37.84,22.46,24.1,0.456,0.071,"AM_W",0.985
3497,"Sevilla","Vicente Iborra De La Fuente","Center Attacking Midfield",0.46,1796.8,32.558,22.139,3.857,0.551,0.1,19.935,1.603,0.351,0.346,0.551,0.301,13.624,2.605,0.902,1.402,2.104,5.911,1.402,2.504,0.852,1.402,39.52,0.68,0.545,17.37,65.76,38.82,27.25,19.45,0.285,0.173,"AM_W",0.494
3498,"Arsenal","Ignacio Monreal Eraso","Left Back",1,3397.8,59.835,49.479,6.331,0.662,0.079,38.486,0.344,0,0.032,0.689,0.318,11.337,3.602,1.748,3.258,2.278,3.92,2.198,0.795,0.238,0.53,43.36,0.827,0.462,17.26,62.4,11.71,29.01,9.69,0.299,0.239,"FB",1
3501,"Liverpool","Philippe Coutinho Correia","Left Wing",0.514,2104.8,49.045,37.286,8.766,1.839,0.214,48.147,4.746,0.342,0.305,3.977,2.181,16.377,5.944,1.026,0.342,2.095,2.95,1.368,0.599,2.566,2.224,58.538,0.76,0.548,19.3,74.35,26.73,22.07,17.61,0.432,0.076,"AM_W",0.89
3507,"Crystal Palace","Wilfried Zaha","Right Wing",0.432,2592.2,24.269,16.943,3.368,1.215,0.035,37.67,1.146,0.069,0.084,6.874,4.132,17.985,7.326,1.285,0.486,1.736,3.402,1.701,1.493,4.687,4.062,40.969,0.698,0.601,17.81,72.88,51.41,28.72,24.78,0.456,0.161,"AM_W",0.999
3509,"Chelsea","Thibaut Courtois","Goalkeeper",1,2179.9,26.341,15.276,18.001,0,0,9.331,0,0,0,0,0,0.165,4.624,0,0.083,0.041,0,0,0.083,0,0,9.785,0.58,0,48.43,7.88,39.12,5.11,7.73,0,0.996,"GK",1
3511,"Arsenal","Héctor Bellerín Moruno","Right Back",1,3384.3,55.687,46.14,5.212,0.505,0.133,41.22,0.346,0.027,0.016,2.739,1.782,9.733,4.042,1.064,2.287,1.808,2.978,1.649,0.638,1.197,0.904,43.986,0.829,0.65,16.71,64.09,69.11,27.27,9.56,0.299,0.196,"FB",1
3514,"West Bromwich Albion","James McClean","Left Midfield",0.508,2597,28.487,17.085,6.377,1.04,0.069,22.873,1.074,0.069,0.074,2.357,1.213,19.095,4.02,0.658,2.183,1.837,4.99,2.53,1.456,1.594,1.56,33.478,0.6,0.515,20.36,69.85,23.11,30.31,23.08,0.423,0.194,"AM_W",0.93
3515,"Liverpool","Alberto Moreno Pérez","Left Back",0.879,2680.2,58.53,45.803,11.148,1.813,0.134,38.919,1.142,0.034,0.049,1.478,0.772,14.506,4.164,1.444,2.418,2.015,3.694,2.854,1.175,1.075,0.672,43.721,0.783,0.523,20.56,63.32,11.72,28.84,11.07,0.315,0.241,"FB",0.989
351521,"Paris Saint-Germain","Ezequiel Iván Lavezzi","Left Wing",0.616,470.5,48.774,38.063,5.929,1.53,0,45.14,2.487,0.383,0.25,1.148,0.383,14.537,2.869,0.191,0,0.383,3.252,2.104,1.148,2.678,1.913,67.137,0.78,0.333,16.99,78.03,32.57,22.84,23.6,0.514,0.067,"AM_W",0.81
3517,"Arsenal","Aaron Ramsey","Left Defensive Midfield",0.414,2740.7,72.147,60.916,9.031,1.117,0.131,64.298,2.2,0.164,0.242,2.233,1.346,22.856,7.651,1.051,1.018,1.872,4.105,2.89,2.003,2.069,2.003,74.216,0.844,0.603,18.35,66.32,41.1,23.66,20.97,0.293,0.133,"DM_CM",0.71
3518,"Everton","Leighton Baines","Left Back",0.996,1556.3,59.16,45.859,12.26,1.157,0.058,38.515,0.463,0.116,0.068,0.925,0.463,16.597,3.181,1.388,3.412,2.371,2.892,1.735,0.347,0.463,0.463,44.471,0.775,0.5,21.28,59.21,11.65,28.26,12.65,0.25,0.263,"FB",1
3520,"Leicester City","Jeffrey Schlupp","Left Back",0.475,1470.8,34.084,23.865,6.915,0.918,0.122,30.841,1.53,0.061,0.131,2.998,1.897,11.933,4.834,0.796,1.775,2.57,4.528,2.876,1.101,1.897,2.019,34.268,0.7,0.633,20.2,67.09,19.06,29.95,16.97,0.374,0.209,"FB",0.492
352172,"Carpi","Raffaele Bianco","Left Defensive Midfield",0.577,1975.1,39.143,29.483,8.886,0.638,0.091,28.845,0.866,0.046,0.062,1.367,0.729,25.017,6.926,1.413,1.686,2.37,3.554,2.278,2.278,1.002,0.911,31.442,0.753,0.533,21.31,58.79,34.56,23.65,19.61,0.199,0.215,"DM_CM",1
3522,"Watford","Heurelho da Silva Gomes","Goalkeeper",1,3554.1,28.665,15.016,24.183,0,0,9.395,0,0,0,0,0,0.177,5.622,0,0.051,0.025,0,0,0.051,0.025,0,6.077,0.524,0,57.19,9.15,40.55,6.49,8.66,0,0.993,"GK",1
3523,"West Bromwich Albion","Craig Dawson","Right Back",0.929,3548.7,42.05,26.604,9.815,0.583,0,19.731,0.964,0.101,0.087,0.761,0.38,11.235,3.094,1.116,4.793,2.663,4.311,1.927,0.938,0.457,0.533,25.209,0.633,0.5,22.47,60.5,66.13,31.64,14.12,0.304,0.302,"FB",0.949
3525,"Arsenal","Alex Oxlade-Chamberlain","Right Wing",0.732,984,45.275,34.574,8.232,1.555,0,47.562,2.104,0.091,0.135,4.573,3.293,17.195,5.945,1.006,0.457,2.561,2.835,2.195,0.915,2.744,2.378,51.952,0.764,0.72,19.62,72.28,52.96,25.04,22.16,0.408,0.117,"AM_W",0.937
3529,"Liverpool","Daniel Andre Sturridge","Center Forward",0.512,1022.3,28.788,22.01,3.433,0.44,0.088,32.398,4.226,0.704,0.451,3.257,1.761,8.716,2.641,0.352,0.352,0.792,2.993,0.44,0.088,2.377,2.377,56.521,0.765,0.541,15.76,81.93,43.26,20.18,21.16,0.54,0.021,"FW",1
3531,"AS Roma","Mohamed Salah","Right Wing",0.6,2797,38.484,30.89,1.963,1.705,0.193,38.967,2.349,0.45,0.274,3.186,1.512,14.576,4.698,0.483,0.129,0.708,2.124,0.676,0.837,2.735,2.606,60.494,0.803,0.475,13.91,80.53,56.09,23.18,19.73,0.568,0.063,"AM_W",0.783
3532,"Liverpool","Jordan Brian Henderson","Right Center Midfield",0.503,1342.8,67.496,52.281,15.818,1.072,0.134,50.739,1.743,0.134,0.148,1.475,0.804,20.376,6.368,1.206,1.944,1.743,3.619,2.815,0.737,0.603,1.139,59.721,0.775,0.545,22.15,64.84,48.99,22.16,19.8,0.245,0.123,"DM_CM",0.933
3533,"Stoke City","Xherdan Shaqiri","Right Wing",0.864,2057.8,36.52,25.236,8.835,1.881,0.219,37.176,1.706,0.131,0.108,3.761,1.837,11.065,5.423,0.481,0.219,0.525,1.793,0.831,1.312,2.143,2.668,45.399,0.691,0.488,21.72,75.34,58.1,25.45,19.88,0.461,0.106,"AM_W",0.984
3535,"Liverpool","Roberto Firmino Barbosa de Oliveira","Center Attacking Midfield",0.384,2045.5,45.98,34.232,4.092,1.628,0.308,42.724,2.86,0.44,0.323,3.96,2.42,27.016,5.412,0.572,0.484,2.508,6.556,3.256,1.408,3.124,2.772,64.02,0.744,0.611,15.38,73.91,43.88,24.12,22.27,0.414,0.086,"AM_W",0.585
3537,"Stoke City","Jack Butland","Goalkeeper",1,2916.7,31.258,17.002,23.112,0.031,0,13.299,0,0,0,0.031,0.031,0.185,5.894,0,0,0,0.031,0,0.031,0,0.062,10.491,0.544,1,53.03,8.98,40.5,6.64,8.26,0,0.995,"GK",1
3538,"Manchester United","Wayne Mark Rooney","Center Forward",0.484,2502.7,42.974,34.343,9.062,1.259,0.18,38.73,2.553,0.288,0.248,1.798,1.079,10.321,4.171,0.324,0.539,0.863,3.632,0.935,1.223,1.798,2.409,59.983,0.799,0.6,20.66,75.62,35.22,21.57,19.39,0.437,0.053,"FW",0.536
3539,"Liverpool","Simon Mignolet","Goalkeeper",1,3210.7,26.182,17.268,15.417,0,0,12.306,0,0,0,0.112,0.112,0.084,4.513,0,0.028,0.112,0,0,0,0,0,10.764,0.66,1,43.23,9.78,41.19,6.91,8.9,0,0.994,"GK",1
3541,"West Bromwich Albion","Chris Brunt","Left Back",0.855,1884,40.652,26.894,12.086,0.764,0.143,22.261,0.812,0,0.029,0.812,0.525,9.793,3.439,0.717,3.869,2.102,2.341,1.433,1.099,0.573,0.621,24.506,0.662,0.647,25.47,57.83,17.41,30.01,17.71,0.25,0.306,"FB",0.855
3543,"Marseille","Steve Mandanda","Goalkeeper",1,1029.6,39.771,26.397,23.95,0,0,21.415,0,0,0,0,0,0,4.72,0,0,0.087,0,0,0.175,0,0.087,19.929,0.664,0,41.05,9.47,40.95,6.27,8.29,0,0.993,"GK",1
3543,"Olympique de Marseille","Steve Mandanda","Goalkeeper",1,2340.4,35.686,24.765,21.15,0,0,18.92,0,0,0,0,0,0.231,5.153,0,0,0,0,0,0.038,0,0,17.382,0.694,0,41.26,9.82,40.9,6.98,8.08,0.001,0.989,"GK",1
3546,"Montpellier","Morgan Sanson","Right Center Midfield",0.244,589.4,43.213,30.54,8.398,0.611,0,40.618,1.222,0.458,0.122,2.443,0.916,29.623,5.497,1.222,0.763,2.596,3.97,2.29,1.374,2.596,2.901,50.696,0.707,0.375,19.32,69.54,45.44,23.33,20.29,0.32,0.096,"DM_CM",0.604
3549,"Angers","Romain Thomas","Left Center Back",1,3337.7,35.296,29.984,8.898,0.108,0,22.569,0.351,0.054,0.032,0.054,0.027,11.918,3.424,1.159,5.123,2.427,3.451,1.78,1.375,0.162,0.189,24.16,0.85,0.5,24.1,35.43,25.16,19.61,12.38,0.033,0.656,"CB",1
3552,"Lorient","Benjamin Jeannot","Right Center Forward",0.419,1843.1,32.912,24.269,3.418,0.781,0.049,28.664,3.125,0.342,0.323,1.514,0.83,21.193,3.223,0.391,0.781,0.732,6.739,1.123,2.002,3.321,3.223,65.483,0.737,0.548,15.69,74.56,39.12,21.96,22.64,0.391,0.064,"FW",0.898
3553,"AS Monaco","Lacina Traoré","Center Forward",0.966,920.4,19.166,10.463,1.369,0.782,0.098,18.579,1.76,0.293,0.35,1.76,0.684,17.405,3.422,0.098,0.978,1.858,6.356,0.587,3.422,3.227,4.596,55.443,0.546,0.389,14.53,82.61,37.67,23.28,20.08,0.566,0.045,"FW",0.995
3556,"Genoa","Serge Gakpé","Center Forward",0.315,819,21.979,15.605,1.978,0.989,0.11,24.287,2.198,0.33,0.263,2.308,0.769,16.155,2.967,0.22,0.44,2.747,5.495,1.099,1.648,2.637,3.187,52.64,0.71,0.333,15.56,80.66,47.46,22.84,21.87,0.531,0.058,"FW",0.61
3567,"Newcastle United","Georginio Wijnaldum","Center Attacking Midfield",0.334,3305.1,34.42,28.728,3.703,1.035,0.109,32.595,1.47,0.3,0.21,3.186,2.206,11.246,6.1,0.626,0.762,1.116,2.723,1.144,0.517,1.906,1.879,40.465,0.835,0.692,16.4,66.08,34.1,25.69,19.98,0.316,0.162,"AM_W",0.799
3568,"Arsenal","Mohamed Naser Elsayed Elneny","Right Defensive Midfield",0.921,821.3,81.528,75.062,8.657,0.219,0.11,67.83,1.425,0,0.107,0.877,0.438,18.3,5.15,1.644,2.411,1.644,2.082,0.986,1.096,0.548,1.096,73.857,0.921,0.5,17.82,62.49,46.08,21.64,18.69,0.214,0.142,"DM_CM",0.971
3569,"Arsenal","Daniel Nii Tackie Mensah Welbeck","Center Forward",0.703,595.6,21.912,17.832,0.907,0.756,0.302,27.352,3.022,0.604,0.457,5.138,2.569,16.774,3.173,0.453,1.058,2.116,6.8,2.72,0.756,2.72,3.325,49.113,0.814,0.5,14.37,81.05,34.13,25.13,22.14,0.574,0.076,"FW",0.703
3576,"Norwich City","Martin Olsson","Left Back",0.924,1873.1,34.74,21.43,8.505,0.288,0.096,20.998,0.336,0.048,0.01,0.769,0.288,9.706,4.324,1.345,3.748,2.066,3.171,1.682,1.345,0.865,0.865,21.286,0.617,0.375,22.13,57.65,11.75,31.44,10.85,0.275,0.334,"FB",0.966
3577,"Udinese","Molla Wagué","Right Center Back",0.947,1797.3,31.398,25.188,4.657,0.2,0,19.279,0.551,0,0.046,0.1,0.05,14.422,3.455,1.703,4.807,2.103,3.605,1.953,1.602,0.15,0.3,21.833,0.802,0.5,19.49,45.73,56.55,24.71,15.05,0.092,0.434,"CB",1
3579,"Juventus","Roberto Maximiliano Pereyra","Right Center Midfield",0.572,823.3,48.316,42.632,5.466,2.842,0.109,46.13,1.093,0,0.073,2.296,0.874,19.457,5.903,0.765,0.219,1.421,2.296,1.421,1.312,1.968,1.749,53.563,0.882,0.381,17.41,70.94,44.72,25.42,23.04,0.368,0.122,"DM_CM",0.581
3583,"Aston Villa","Ashley Westwood","Right Center Midfield",0.303,2845.1,51.437,41.187,12.654,1.265,0.063,38.815,1.202,0.063,0.066,0.854,0.506,20.689,4.808,1.139,1.455,1.487,2.752,1.771,1.265,0.506,0.38,43.939,0.801,0.593,22.8,60.03,39.22,22.94,20.58,0.197,0.184,"DM_CM",0.996
3585,"Tottenham Hotspur","Erik Lamela","Right Wing",0.712,2439.6,41.208,30.51,5.497,2.361,0.295,37.704,2.177,0.184,0.217,2.804,1.328,23.869,5.165,0.664,0.443,2.509,4.501,2.767,2.619,2.693,3.173,50.321,0.74,0.474,17.35,74.24,46.14,25.21,23.88,0.444,0.105,"AM_W",0.989
3588,"Lazio","Wesley Hoedt","Left Center Back",0.715,2144.6,45.322,37.811,14.856,0,0,30.173,0.504,0,0.029,0.378,0.294,8.015,4.616,1.217,4.574,1.721,3.105,1.553,1.133,0.21,0.21,32.481,0.834,0.778,27.09,41.32,34.44,18.42,18.81,0.022,0.472,"CB",1
3589,"Crystal Palace","Yannick Bolasie Yala","Left Wing",0.433,2174.9,27.022,16.635,4.883,0.952,0.124,33.146,2.4,0.207,0.179,5.586,3.021,11.628,5.545,0.414,1.159,1.407,3.352,1.076,1.324,2.731,2.897,43.739,0.616,0.541,18.42,77.98,32.28,26.48,25.04,0.534,0.101,"AM_W",0.715
3590,"Southampton","Rhu-endly Martina","Right Back",0.965,1140.6,45.843,33.297,9.468,0.868,0.079,29.826,0.237,0.079,0.01,0.395,0.237,13.808,3.708,2.446,3.156,2.288,3.866,2.683,1.184,0.473,0.473,30.22,0.726,0.6,21.38,62.02,67.07,29.03,14.11,0.28,0.23,"FB",1
35923,"Atalanta","Carlos Emilio Carmona Tello","Right Center Midfield",0.499,519.9,42.063,36.178,5.02,0.519,0,28.734,0.173,0,0.008,0.692,0.346,33.235,3.635,0.692,1.039,2.077,4.847,3.462,2.596,0.519,1.039,39.986,0.86,0.5,17.84,57.72,44.18,22.99,21.02,0.159,0.227,"DM_CM",0.984
3594,"Tottenham Hotspur","Danny Rose","Left Back",0.952,2212.4,58.293,43.811,10.333,0.814,0.122,40.272,1.058,0.041,0.037,2.115,1.098,12.163,5.126,1.302,3.173,1.953,4.027,2.848,1.709,0.854,0.976,43.12,0.752,0.519,20.43,60.93,11.01,27.66,10.46,0.268,0.234,"FB",1
3595,"West Ham United","Manuel Lanzini","Left Center Midfield",0.316,1975,50.993,44.157,6.015,1.458,0.091,51.13,2.187,0.228,0.157,3.919,2.324,12.668,6.881,1.139,0.228,1.139,2.871,1.641,0.592,2.051,1.23,53.408,0.866,0.593,17.03,67.08,33.36,23.97,22.34,0.306,0.123,"DM_CM",0.578
3596,"West Bromwich Albion","Gareth McAuley","Right Center Back",0.985,3209.9,23.748,16.486,9.729,0.168,0,15.084,0.224,0.028,0.024,0.224,0.224,9.869,3.813,1.093,7.346,1.991,3.477,1.486,0.925,0.28,0.224,14.524,0.694,1,29.22,40.41,52.99,22.21,14.97,0.051,0.537,"CB",1
3598,"Manchester City","Wilfried Guemiand Bony","Center Forward",0.561,1294.8,27.666,22.035,1.043,0.556,0.209,25.65,4.24,0.278,0.506,1.738,1.043,6.812,3.337,0.139,0.556,0.973,5.005,0.695,1.251,2.085,2.989,54.497,0.796,0.6,13.66,78.56,41.58,20.49,20.05,0.463,0.033,"FW",0.938
3600,"Manchester United","Morgan Schneiderlin","Right Defensive Midfield",0.415,2311.1,57.791,51.443,9.229,0.35,0,44.044,0.428,0.039,0.047,1.013,0.74,19.861,5.647,2.453,1.986,1.363,4.206,2.648,2.337,0.974,0.545,48.562,0.89,0.731,19.4,56.97,40.99,20.47,19.25,0.124,0.201,"DM_CM",1
3601,"Real Betis","Charly Musonda Junior","Left Midfield",0.411,1271.1,27.897,20.109,4.107,0.779,0.071,36.181,0.991,0.071,0.048,6.372,3.682,17.206,4.815,1.062,0.354,1.204,3.257,1.699,1.416,2.124,2.549,40.005,0.721,0.578,17.24,70.86,37.9,24.87,28.26,0.401,0.127,"AM_W",0.963
3602,"Manchester United","Faustino Marcos Alberto Rojo","Left Back",0.895,1291,62.88,45.243,11.572,0.627,0.07,37.993,0.558,0,0.02,0.139,0.07,15.685,3.625,1.325,3.834,1.673,5.159,3.067,1.534,0.906,0.139,42.733,0.72,0.5,20.53,60.47,10.81,27.69,10.27,0.268,0.253,"FB",0.895
3603,"Stoke City","Mame Biram Diouf","Center Forward",0.456,1361.8,17.976,13.152,2.049,0.463,0.066,16.456,2.115,0.33,0.321,1.388,0.793,14.011,3.503,0.529,1.124,1.322,5.221,1.19,1.52,0.859,3.106,38.067,0.732,0.571,15.92,75.12,42.22,26.4,23.79,0.459,0.104,"FW",0.493
3604,"Arsenal","Olivier Giroud","Center Forward",0.98,2550.2,29.115,20.151,1.376,0.918,0.212,20.433,3.635,0.565,0.459,1.023,0.494,15.034,2.012,0.141,0.847,1.412,6.352,1.447,1.588,1.694,3.529,56.183,0.692,0.483,13.02,80.31,36.45,23.14,19.78,0.516,0.054,"FW",0.98
3605,"Swansea City","Sung-Yeung Ki","Left Center Midfield",0.544,1942.4,55.093,49.764,10.935,0.973,0.046,46.057,1.112,0.093,0.105,0.927,0.602,15.383,5.746,0.834,1.066,1.066,2.687,1.436,1.066,1.158,0.88,51.432,0.903,0.65,20.86,59.81,35.85,22.76,20.03,0.189,0.186,"DM_CM",0.952
3606,"Manchester United","Ander Herrera Agüera","Center Attacking Midfield",0.533,1596.9,63.236,51.795,8.792,1.127,0.113,52.696,1.353,0.169,0.159,1.973,1.184,20.515,5.467,1.409,1.522,1.747,4.283,3.213,1.747,1.973,1.973,64.814,0.819,0.6,17.96,68.47,45.1,23.28,20.99,0.345,0.123,"AM_W",0.539
3607,"Everton","James McCarthy","Right Defensive Midfield",0.499,2571,48.623,41.832,8.226,0.49,0.07,37.001,0.595,0.07,0.036,0.56,0.315,20.058,4.866,1.19,1.925,2.52,3.746,2.87,1.68,0.455,0.7,40.992,0.86,0.563,20.33,58.63,45.72,22.18,19.09,0.172,0.193,"DM_CM",0.986
3608,"AFC Bournemouth","Simon Francis","Right Back",0.548,3591.6,61.494,48.138,14.76,0.802,0.1,39.969,0.15,0,0.005,1.228,0.852,10.099,3.809,1.504,5.338,1.453,4.761,2.731,0.952,0.501,0.652,44.579,0.783,0.694,22.73,51.88,64.37,26.86,13.02,0.165,0.358,"FB",0.548
3610,"Las Palmas","Roque Mesa Quevedo","Right Defensive Midfield",0.43,2893.3,64.514,56.053,8.336,0.435,0.062,57.64,1.027,0.031,0.056,2.084,1.213,14.993,7.403,1.555,0.964,1.182,2.706,1.555,1.524,1.4,1.618,59.631,0.869,0.582,18.37,57.39,44.18,20.87,17.24,0.133,0.207,"DM_CM",0.969
3611,"Tottenham Hotspur","Kevin Wimmer","Left Center Back",1,851.5,57.393,51.474,14.058,0.106,0,40.482,0.106,0,0.01,0,0,5.39,2.325,1.903,4.545,1.585,2.22,0.846,1.163,0.317,0,44.604,0.897,0,23.51,39.32,23.17,15.22,13.57,0.005,0.527,"CB",1
3612,"Manchester United","Ashley Young","Right Back",0.581,1118.6,62.437,45.943,11.989,0.644,0.161,45.299,0.563,0.08,0.068,3.057,1.126,11.184,6.195,1.207,2.092,1.368,2.977,1.77,1.448,1.287,0.644,50.77,0.736,0.368,19.95,71.08,50.75,27.25,29.88,0.398,0.142,"FB",0.804
3616,"AFC Bournemouth","Callum Wilson","Center Forward",0.408,812,15.849,11.527,0.997,0.887,0,22.167,1.995,0.554,0.364,3.657,1.219,16.182,3.547,0.222,0.111,1.552,4.101,0.665,1.33,2.882,2.992,44.555,0.727,0.333,13.17,83.99,42.25,21.42,22.46,0.585,0.035,"FW",0.997
3619,"Crystal Palace","Alex McCarthy","Goalkeeper",1,663.5,29.842,13.293,26.451,0,0,11.665,0,0,0,0,0,0.136,3.798,0,0.271,0,0,0,0,0,0,10.58,0.445,0,59.96,8.98,41.74,7.19,7.87,0,0.996,"GK",1
3621,"Chelsea","Eden Hazard","Left Wing",0.561,2311.8,57.461,48.585,5.995,2.414,0.117,57.15,1.401,0.156,0.093,4.321,2.92,8.993,5.723,0.506,0.156,1.285,1.908,0.818,0.662,2.881,2.453,73.228,0.846,0.676,16.58,77.78,30.04,22.16,22.94,0.497,0.054,"AM_W",0.9
3623,"West Ham United","Adrián San Miguel del Castillo","Goalkeeper",1,3025.8,29.685,16.538,23.141,0,0,12.047,0,0,0,0.03,0.03,0.059,5.057,0,0.119,0.03,0,0,0.03,0.03,0.03,10.381,0.557,1,51.14,9.75,40.37,7.39,8.63,0,0.992,"GK",1
3625,"Lille","Sofiane Boufal","Left Wing",0.617,2430.9,40.503,28.804,7.479,2.406,0.148,46.908,1.962,0.407,0.19,8.256,5.035,16.808,5.924,0.259,0.296,1.814,3.961,2.369,2.518,4.48,4.332,55.016,0.711,0.61,18.17,75.77,31.31,23.47,24.98,0.441,0.076,"AM_W",0.915
3626,"Watford","Ben Watson","Left Defensive Midfield",0.419,2959.6,48.624,36.065,12.529,1.064,0,27.368,0.487,0.03,0.016,0.517,0.365,18.489,4.227,1.277,2.737,2.25,3.862,2.098,1.429,0.365,0.699,32.082,0.742,0.706,22.4,55.72,36.06,23.43,19.29,0.138,0.244,"DM_CM",1
3629,"Southampton","Sadio Mané","Center Attacking Midfield",0.363,2697.8,34.795,27.189,3.636,1.234,0.2,40.967,2.869,0.367,0.402,4.904,2.669,16.847,7.673,0.701,0.4,2.035,3.937,1.835,1.768,2.635,3.169,52.643,0.781,0.544,16.37,76.73,45.23,24.3,23.48,0.485,0.087,"AM_W",0.958
3633,"Everton","Gareth Barry","Left Defensive Midfield",0.492,2972.1,63.531,51.782,13.627,0.999,0,45.635,0.515,0,0.033,0.757,0.575,19.956,5.935,1.181,2.665,2.392,4.482,3.119,1.726,0.787,0.363,51.116,0.815,0.76,22.08,55.01,37.31,22.16,19.49,0.138,0.262,"DM_CM",0.992
3635,"Liverpool","Jordon Ibe","Right Wing",0.548,1253.7,40.13,31.731,4.379,1.292,0.072,43.074,2.154,0.072,0.091,5.528,3.159,14.573,6.461,0.359,0.144,0.861,2.154,0.933,0.933,3.159,2.154,49.965,0.791,0.571,16.77,75.79,49.36,24.4,26.49,0.485,0.089,"AM_W",0.964
3636,"Stoke City","Charlie Adam","Left Defensive Midfield",0.233,1167.5,45.483,33.303,15.649,0.694,0.077,35.153,2.159,0.077,0.075,1.465,0.771,15.803,6.938,0.54,1.233,1.542,2.39,1.696,2.698,0.54,0.694,39.085,0.732,0.526,26.54,57.33,33.06,22.68,18.99,0.171,0.231,"DM_CM",0.753
36364,"Sampdoria","Dávid Ivan","Right Center Midfield",0.304,1188.2,41.434,34.162,3.181,0.757,0,29.39,0.379,0.076,0.022,0.606,0.151,26.133,3.181,1.288,1.969,2.197,5.908,4.393,1.591,0.682,1.288,40.525,0.824,0.25,15.8,61.93,53.58,25.77,20.17,0.266,0.212,"DM_CM",0.599
3637,"Sevilla","Grzegorz Krychowiak","Left Defensive Midfield",0.529,2354.5,47.016,39.027,9.327,0.191,0,34.517,0.841,0,0.071,0.612,0.459,13.837,5.16,2.829,3.211,1.835,4.09,2.752,1.988,0.573,0.535,35.854,0.83,0.75,21.63,50.07,38.91,23.31,19.31,0.107,0.346,"DM_CM",0.969
3638,"Valencia","Shkodran Mustafi","Right Center Back",0.997,2779.9,48.206,39.044,14.569,0.097,0,32.537,0.777,0.065,0.064,0.453,0.227,11.59,4.63,2.655,5.73,2.266,4.791,2.849,1.36,0.227,0.227,33.54,0.81,0.5,25.42,39.21,54.83,20.28,13.26,0.036,0.548,"CB",1
3639,"Marseille","Georges-Kévin Nkoudou Mbida","Left Wing",0.853,596.7,32.581,23.531,6.034,0.151,0,42.235,1.508,0,0.117,4.374,2.112,19.006,4.676,0.453,0.603,1.961,2.866,1.508,1.358,4.374,4.374,51.285,0.722,0.483,19.46,73.78,18.92,25.43,19.92,0.464,0.129,"AM_W",0.922
3639,"Olympique de Marseille","Georges-Kévin Nkoudou Mbida","Left Wing",0.885,1557,31.677,22.024,5.087,1.272,0.058,41.042,2.197,0.289,0.173,4.162,1.965,22.66,7.052,0.347,0.058,2.081,3.584,1.85,1.214,4.335,4.162,50.291,0.695,0.472,18.34,74.12,15.97,25.19,17.15,0.451,0.112,"AM_W",0.969
3643,"Stoke City","Phil Bardsley","Right Back",0.997,857.5,40.092,30.331,9.026,0.21,0.105,24.769,0.735,0,0.01,0.42,0.21,13.014,2.519,1.469,4.303,1.994,3.778,2.834,1.364,0.525,0.63,27.078,0.757,0.5,22.14,58.12,66.26,26.77,10.9,0.235,0.255,"FB",0.997
3644,"Swansea City","Ashley Williams","Left Center Back",0.973,3398.1,49.898,42.377,14.329,0.265,0.026,35.755,0.424,0.053,0.054,0.159,0.132,7.125,3.178,1.827,8.581,2.331,3.761,1.88,0.901,0.185,0.079,39.278,0.849,0.833,25.15,41.86,26.72,20.1,12.65,0.035,0.477,"CB",1
3645,"Chelsea","Gary Cahill","Right Center Back",0.73,2069.1,32.319,27.969,5.916,0.087,0,21.401,0.609,0.087,0.047,0.174,0.174,8.352,3.567,0.739,6.525,2.479,3.654,1.348,1.044,0.261,0.13,24.098,0.865,1,20.43,41.91,44.79,23.97,17.96,0.08,0.519,"CB",1
3646,"AFC Bournemouth","Marc Pugh","Left Midfield",0.98,1411.7,35.384,25.948,3.698,0.765,0.128,36.659,1.403,0.191,0.171,3.825,1.785,14.345,4.463,0.765,1.02,1.594,3.953,1.913,0.765,3.124,2.805,44.629,0.733,0.467,16.45,70.31,14.07,27.35,11.48,0.396,0.136,"AM_W",0.998
3647,"Arsenal","Alex Iwobi","Left Wing",0.919,645.8,52.404,43.902,4.181,1.394,0.279,54.216,2.091,0.279,0.24,2.648,1.672,14.077,3.763,1.394,0.279,1.533,2.509,1.394,0.279,2.369,2.787,64.111,0.838,0.632,16.3,74.14,26.24,22.52,20.12,0.434,0.078,"AM_W",0.959
3649,"Newcastle United","Karl Darlow","Goalkeeper",1,849.2,26.072,12.612,22.574,0,0,9.856,0,0,0,0,0,0.212,4.027,0,0,0,0.106,0.106,0,0,0.106,8.267,0.484,0,55.93,9.45,41.35,9.32,8.45,0.003,0.995,"GK",1
3650,"Newcastle United","Daryl Janmaat","Right Back",0.943,2930,53.171,38.826,9.922,0.676,0.123,32.161,0.645,0.061,0.037,2.058,1.413,12.655,4.239,0.952,3.41,1.966,3.932,2.795,1.044,0.891,0.768,39.072,0.73,0.687,19.98,62.96,69.62,29.46,9.46,0.336,0.243,"FB",1
3651,"Southampton","Matt Targett","Left Back",0.453,1105.9,45.166,33.529,8.626,0.326,0.081,28.565,0.244,0,0.012,0.407,0.244,10.01,4.72,1.383,3.174,2.116,2.441,1.383,0.326,0.732,0.326,31.087,0.742,0.6,20.21,61.41,9.4,28.89,8.57,0.282,0.252,"FB",0.835
36553,"Troyes","Matthieu Dreyer","Goalkeeper",1,1308.4,30.679,20.155,19.329,0.069,0,9.699,0,0,0,0,0,0,5.159,0,0.069,0,0,0,0,0,0,7.429,0.657,0,42.46,8.45,40.97,6.02,7.9,0,0.996,"GK",1
3658,"Sunderland","DeAndre Yedlin","Right Back",0.871,1903.3,37.688,24.684,8.275,0.52,0.047,20.759,0.189,0,0.022,1.939,1.088,17.496,3.547,1.229,3.547,3.499,3.641,1.986,1.419,0.804,1.04,21.61,0.655,0.561,21.51,58.09,67.3,29.98,11.03,0.274,0.309,"FB",1
3660,"Torino","Davide Zappacosta","Right Wing Back",0.98,1342.5,50.278,36.334,10.927,0.871,0.067,37.407,1.006,0.067,0.039,2.95,0.804,19.977,4.827,0.804,1.14,2.212,2.078,1.274,1.81,1.14,1.408,43.507,0.723,0.273,20.97,65.66,71.41,31.14,8.79,0.365,0.247,"FB",1
3662,"Leicester City","Danny Drinkwater","Left Center Midfield",0.292,3173,57.665,44.135,12.282,0.964,0.199,41.072,1.191,0.057,0.05,1.305,0.794,22.096,7.772,1.049,2.042,2.099,4.538,3.092,1.532,1.049,0.681,46.574,0.765,0.609,20.99,60.62,43.3,23.19,21.11,0.204,0.182,"DM_CM",1
3665,"Leicester City","Andrew Philip King","Right Defensive Midfield",0.36,1167.8,37.608,28.9,6.165,0.617,0.077,22.966,1.464,0.154,0.162,0.771,0.385,14.565,4.701,0.694,2.697,1.927,4.701,1.464,0.617,0.694,0.539,30.133,0.768,0.5,18.83,63.24,40.34,26.41,21.77,0.252,0.197,"DM_CM",0.716
3666,"Chelsea","Robert Kenedy Nunes do Nascimento","Left Back",0.428,606.6,47.925,39.765,6.232,0.742,0,44.81,1.929,0.148,0.064,5.045,3.264,15.134,7.419,1.781,1.187,1.929,3.858,2.374,1.039,3.116,1.929,47.184,0.83,0.647,16.42,65.99,21.13,25.75,19.44,0.333,0.165,"FB",0.515
3668,"Arsenal","Theo Walcott","Left Wing",0.521,1432.7,20.919,15.642,1.759,0.817,0.126,25.316,2.89,0.314,0.421,3.015,1.633,9.549,3.706,0.565,0.565,1.256,2.324,0.754,0.188,2.576,1.759,37.818,0.748,0.542,15.72,76.66,37.21,27.51,24.38,0.5,0.123,"AM_W",0.671
3669,"Southampton","Virgil van Dijk","Left Center Back",0.752,3213.1,39.55,33.22,11.316,0.224,0,26.469,0.812,0.084,0.084,0.364,0.28,7.619,3.529,1.933,8.179,1.429,3.725,1.849,0.868,0.28,0.224,28.878,0.84,0.769,24.99,43.75,35.59,22,18.92,0.061,0.448,"CB",1
3670,"Stoke City","Jonathan Walters","Center Forward",0.459,1823.2,26.509,16.932,2.715,0.938,0.099,21.029,1.629,0.247,0.273,1.678,0.79,10.959,3.406,0.494,0.938,1.53,7.355,0.444,0.691,1.481,2.419,50.846,0.639,0.471,15.98,77.42,47.31,25.52,22.35,0.501,0.094,"FW",0.507
3671,"Leicester City","José Leonardo Ulloa","Right Center Forward",0.756,1077.3,33.082,23.391,2.172,0.752,0.084,26.733,2.757,0.501,0.537,2.506,1.42,21.219,5.514,0.167,1.838,2.506,12.113,2.172,1.754,2.673,3.342,56.724,0.707,0.567,13.37,76.71,43.11,26.08,23.78,0.489,0.109,"FW",0.909
3672,"Paris Saint-Germain","Zlatan Ibrahimović","Center Forward",0.954,2526.2,48.452,37.657,5.201,1.14,0.463,42.003,5.273,1.283,0.809,1.318,0.713,7.268,3.563,0.249,0.891,0.748,1.461,0.606,0.926,1.924,2.529,71.858,0.777,0.541,16.32,78.33,37.92,20.47,17.03,0.471,0.024,"FW",1
3673,"Lille","Yassine Benzia","Center Forward",0.565,1370.7,28.495,19.96,2.232,0.985,0,29.349,2.429,0.328,0.231,2.823,2.035,22.586,4.465,0.591,0.591,1.707,5.647,1.444,2.692,2.495,3.808,55.218,0.7,0.721,14.58,77.04,41.09,22.63,22.73,0.459,0.059,"FW",0.631
3674,"Montpellier","Vitorino Hilton da Silva","Right Center Back",1,3346.9,42.944,31.623,17.963,0.188,0.027,28.557,0.618,0.027,0.049,0.43,0.242,10.111,5.62,1.64,5.19,2.017,3.576,1.775,0.834,0.215,0.134,28.638,0.736,0.563,29.41,38.82,51.58,20.79,13.74,0.038,0.57,"CB",1
3676,"Montpellier","Jérôme Roussillon","Left Back",0.85,2734.5,45.453,34.954,6.352,0.658,0.066,32.419,0.527,0.099,0.049,1.646,0.856,13.692,4.707,0.987,1.744,2.337,2.765,1.777,0.757,1.382,0.79,36.895,0.769,0.52,18.31,61.01,13.1,28.88,14.33,0.284,0.25,"FB",0.85
3677,"Lille","Bakary Adama Soumaoro","Left Center Back",0.723,2435.5,36.215,30.93,5.137,0.037,0,22.911,0.48,0.037,0.046,0.259,0.185,7.169,4.471,1.183,4.841,2.291,2.402,1.256,1.109,0.222,0.48,24.353,0.854,0.714,19.47,40.34,34.15,23.34,21.86,0.067,0.564,"CB",0.863
36770,"Atalanta","Mauricio Ricardo Pinilla Ferreira","Center Forward",0.978,1439.5,21.945,14.505,2.501,0.938,0.125,19.444,2.688,0.313,0.269,1.313,0.5,16.255,3.001,0.313,1.375,1,7.002,1.188,3.001,1.313,3.001,54.206,0.661,0.381,16.6,76.61,37.77,22.97,20.44,0.426,0.055,"FW",1
3679,"Montpellier","Souleymane Camara","Right Wing",0.377,2053,26.083,18.192,2.762,0.614,0.263,23.234,2.06,0.307,0.298,1.271,0.482,15.036,3.332,0.482,0.789,0.745,4.428,1.096,1.184,1.534,2.718,51.728,0.697,0.379,16.39,76.91,48.85,22.82,20.64,0.448,0.066,"AM_W",0.534
3682,"Montpellier","Paul Lasne","Right Defensive Midfield",0.456,536.6,45.621,38.241,7.212,0.168,0,40.757,0.503,0,0.035,1.174,0.671,19.624,3.69,1.51,0.335,2.18,3.354,1.677,1.845,1.51,2.013,50.485,0.838,0.571,17.64,65.8,54.08,20.77,17.51,0.229,0.111,"DM_CM",0.777
3683,"Everton","Tom Cleverley","Left Wing",0.356,1714.9,51.116,40.305,9.551,0.945,0.21,39.151,1.26,0.105,0.076,1.207,0.735,22.882,5.143,0.84,1.102,1.574,4.408,2.886,0.735,0.63,0.735,47.233,0.789,0.609,19.98,66.44,35.94,25.48,24.3,0.344,0.166,"AM_W",0.564
3684,"West Ham United","Cheikhou Kouyaté","Right Center Midfield",0.336,3179.2,35.528,28.252,4.02,0.396,0.057,28.082,1.302,0.142,0.154,1.274,0.906,15.343,5.69,1.331,2.689,2.208,4.529,2.604,1.132,0.934,1.161,31.706,0.795,0.711,17.16,58.29,41.61,24.84,21.38,0.189,0.227,"DM_CM",0.943
3693,"Crystal Palace","Damien Delaney","Left Center Back",1,3016.9,31.98,23.418,11.426,0.149,0.089,19.6,0.626,0.06,0.074,0.119,0.119,7.1,2.715,1.134,6.533,2.118,3.64,1.223,0.686,0.179,0.179,22.046,0.732,1,28.46,36.63,26.04,21.88,13.35,0.048,0.628,"CB",1
36983,"Watford","Juan Carlos Paredes Reasco","Right Back",0.771,824.3,41.491,27.952,8.189,0.328,0,28.934,0.546,0,0.014,1.529,0.764,15.832,5.896,0.873,2.73,2.075,2.511,1.529,1.092,1.638,1.092,29.917,0.674,0.5,20.64,61.84,69.09,28.99,10.26,0.309,0.25,"FB",0.771
3708,"Manchester City","Kelechi Promise Iheanacho","Right Center Forward",0.661,841.3,37.334,28.669,1.926,1.284,0.107,35.943,3.102,0.856,0.54,1.819,1.605,17.33,4.921,0.428,0.642,1.07,6.525,1.712,2.139,3.209,4.6,61.937,0.768,0.882,14.18,79.55,44.03,20.76,20.18,0.529,0.048,"FW",0.774
3721,"Watford","Etienne Capoue","Right Center Midfield",0.35,2933.7,48.931,38.194,8.743,0.675,0.031,39.636,1.074,0,0.085,2.853,1.657,19.296,7.056,1.871,1.718,1.902,3.804,2.914,1.963,1.718,1.35,43.716,0.781,0.581,19.75,61.07,40.18,23.7,23.06,0.212,0.196,"DM_CM",0.843
3722,"Newcastle United","Steven Taylor","Right Center Back",1,846.4,33.602,29.03,7.231,0.106,0,26.159,0.106,0,0.007,0.213,0.106,3.296,2.765,1.17,5.849,2.339,1.17,0.319,0.319,0,0.213,27.329,0.864,0.5,22.43,38.81,56.89,18.6,10.98,0.03,0.563,"CB",1
3725,"Watford","José Holebas","Left Back",1,984.9,48.523,35.273,8.864,0.64,0,35.273,1.188,0,0.051,3.198,1.553,10.874,6.214,1.645,3.838,1.645,3.381,2.376,1.005,1.371,1.188,34.085,0.727,0.486,19.37,55.86,11.73,27.68,10.9,0.213,0.304,"FB",1
3726,"Everton","Gerard Deulofeu Lázaro","Right Wing",0.948,1447,42.98,26.622,10.014,1.742,0.56,45.655,0.746,0.124,0.097,4.105,2.239,12.689,5.536,0.871,0.187,1.12,1.617,0.871,0.249,3.172,2.737,49.2,0.619,0.545,20.69,79.33,63.99,24.06,17.71,0.543,0.078,"AM_W",0.995
3742,"Udinese","Orestis Karnezis","Goalkeeper",1,3568.3,27.618,14.982,21.363,0,0,8.576,0,0,0,0,0,0.151,4.49,0,0.025,0.025,0,0,0,0,0,6.381,0.542,0,51.45,8.15,40.65,6.37,7.62,0,0.994,"GK",1
3745,"Paris Saint-Germain","Lucas Rodrigues Moura da Silva","Right Wing",0.516,2311.1,50.119,40.578,5.802,1.986,0.117,49.691,2.414,0.35,0.355,3.894,2.298,10.982,5.218,0.896,0.078,0.935,3.076,1.752,1.168,3.31,3.271,63.827,0.81,0.59,16.6,73.8,42.85,20.84,24.33,0.377,0.062,"AM_W",0.998
3753,"Rennes","Pedro Filipe Teodósio Mendes","Right Center Back",0.815,1929.5,43.938,36.195,10.075,0.233,0,33.863,0.42,0,0.019,0.98,0.7,11.521,4.758,1.493,4.664,2.286,3.265,1.912,1.353,0.187,0.653,34.796,0.824,0.714,23.53,41.6,54.59,22.6,16.29,0.075,0.548,"CB",0.821
3767,"Montpellier","Ellyes Joris Skhiri","Center Defensive Midfield",0.628,845.3,40.993,34.711,6.601,0.426,0,28.748,0.532,0.213,0.043,0.852,0.426,21.402,3.727,1.917,2.662,3.088,3.194,1.81,1.81,0.532,0.426,30.984,0.847,0.5,20.16,52.49,41.8,21.65,19.43,0.101,0.261,"DM_CM",0.748
3769,"Lorient","Wesley Lautoa","Left Center Back",0.983,1045.1,44.61,36.687,8.009,0.086,0,31.347,0.431,0,0.026,0.431,0.344,10.334,5.942,1.808,6.028,2.067,3.703,1.636,0.861,0.603,0.431,31.261,0.822,0.8,21.69,39.94,27.35,18.92,13.09,0.031,0.542,"CB",1
3779,"Bordeaux","Cédric Yambéré","Left Center Back",0.463,2358.7,40.98,34.112,8.242,0.076,0,29.343,0.801,0.114,0.074,0.305,0.229,11.256,3.778,1.488,5.838,1.45,3.625,1.946,1.488,0.382,0.382,32.243,0.832,0.75,21.71,45.42,37.98,20.44,18.23,0.047,0.388,"CB",0.745
3810,"Leicester City","Shinji Okazaki","Right Center Forward",0.719,2116.1,22.158,16.544,0.68,0.723,0,20.457,1.871,0.213,0.303,1.914,0.978,21.903,3.658,0.468,0.723,1.829,9.272,1.574,1.361,2.892,3.062,45.932,0.747,0.511,11.67,74.75,41.61,24.9,22.53,0.443,0.098,"FW",0.905
3812,"Leicester City","Christian Fuchs","Left Back",0.99,2845.1,52.669,35.682,16.006,1.36,0.127,24.642,0.601,0,0.032,0.538,0.348,15.722,4.049,2.309,4.808,3.638,4.555,3.195,1.202,0.348,0.506,27.489,0.677,0.647,23.69,53.54,13.1,29.56,13.79,0.208,0.351,"FB",0.99
3813,"Leicester City","Wes Morgan","Right Center Back",0.728,3594,21.26,16.227,4.482,0.075,0,12.521,0.526,0.05,0.074,0.275,0.225,6.836,2.404,1.152,6.11,2.179,3.105,1.327,0.801,0.225,0.25,13.047,0.763,0.818,22.15,42.15,46.41,23.89,17.91,0.066,0.489,"CB",1
3814,"Leicester City","Riyad Mahrez","Right Midfield",0.839,3107.4,34.003,23.634,5.764,1.622,0.29,37.131,2.52,0.492,0.352,6.314,3.563,17.002,6.053,0.956,0.724,2.462,3.823,1.506,0.84,3.128,2.694,45.646,0.695,0.564,18.39,73.5,58.5,25.93,19.27,0.452,0.125,"AM_W",0.981
3815,"Leicester City","Kasper Schmeichel","Goalkeeper",1,3594,30.551,11.945,28.222,0.15,0,12.12,0,0,0,0.025,0.025,0.15,5.334,0,0.2,0.025,0,0,0,0,0,10.342,0.391,1,63.4,10.77,41.45,9.06,8.79,0,0.986,"GK",1
38237,"Atalanta","Gabriel Alejandro Paletta","Left Center Back",0.855,2201,32.998,25.229,10.427,0.123,0,19.954,0.368,0.041,0.016,0.204,0.123,11.326,3.803,0.818,4.661,1.799,3.435,2.085,1.513,0.164,0.082,21.713,0.765,0.6,26.4,38.53,32.87,20.07,15.14,0.035,0.574,"CB",1
3828,"Southampton","Steven Davis","Center Attacking Midfield",0.359,2698.2,54.503,43.363,10.741,1.534,0.067,40.994,0.667,0.167,0.069,1.201,0.767,18.512,6.071,0.7,1.368,1.935,3.936,2.135,0.734,1.468,1.134,51.168,0.796,0.639,20.22,68.5,40.62,24.46,23.16,0.34,0.139,"AM_W",0.731
3831,"Southampton","Dušan Tadić","Left Wing",0.61,2348.2,42.313,27.289,8.125,2.53,0.422,37.906,2.146,0.268,0.26,2.3,1.456,14.718,5.213,0.537,0.498,1.878,2.568,1.38,1.188,2.338,1.993,50.094,0.645,0.633,19.11,81.39,33.83,23.73,26.66,0.587,0.065,"AM_W",0.98
38312,"Genoa","Eugenio Lamanna","Goalkeeper",1,1218.4,26.224,17.064,17.064,0.074,0,9.012,0,0,0,0,0,0.148,4.063,0,0,0.148,0,0,0,0,0,7.609,0.651,0,42.2,7.94,41.03,6.02,7.92,0,0.991,"GK",1
38389,"Palermo","Alberto Gilardino","Center Forward",0.686,2433.9,19.931,14.865,0.777,0.74,0.037,16.455,1.812,0.37,0.3,0.887,0.333,10.723,3.032,0.037,0.629,1.146,5.99,0.148,1.775,2.293,3.809,53.987,0.746,0.375,11.71,80.78,40.18,21.86,19.78,0.499,0.029,"FW",0.998
38412,"Liverpool","Kolo Habib Touré","Right Center Back",0.659,894,46.009,38.66,8.356,0.101,0,33.727,0.403,0.101,0.029,0.503,0.403,7.953,3.926,2.416,6.745,1.409,4.228,2.114,0.302,0,0.201,33.727,0.84,0.8,21.98,41.17,44.18,18.23,19.41,0.02,0.471,"CB",0.983
3842,"Southampton","Shane Long","Center Forward",0.524,2215.9,26.36,16.978,2.315,1.218,0.162,20.227,2.559,0.406,0.324,1.178,0.487,14.581,2.965,0.609,0.731,1.381,6.742,0.975,1.706,1.625,3.29,51.542,0.644,0.414,14.74,81.39,38.74,22.45,22.01,0.56,0.049,"FW",0.737
3843,"West Ham United","Angelo Obinze Ogbonna","Left Center Back",0.991,2448.7,35.064,27.897,7.976,0.074,0,24.038,0.221,0,0.019,0.331,0.221,8.748,3.565,1.691,6.322,1.617,3.161,1.764,0.845,0.294,0.221,23.78,0.796,0.667,22.87,39.5,24.23,19.88,12.79,0.026,0.506,"CB",0.991
386509,"Frosinone","Adriano Russo","Right Center Back",0.915,916.3,22.493,17.189,6.581,0.491,0,13.162,0.098,0.098,0.012,0,0,14.537,1.473,0.393,7.858,3.143,4.322,2.947,0.884,0.295,0.295,14.537,0.764,0,23.47,33.64,53.03,19.39,13.1,0.029,0.696,"CB",1
386512,"Frosinone","Alessandro Frara","Left Center Midfield",0.581,1212.8,33.319,22.188,6.604,0.519,0,22.856,0.89,0.148,0.078,0.742,0.445,18.552,5.788,0.519,1.855,3.414,3.043,1.484,1.113,0.668,1.262,30.499,0.666,0.6,20.64,59.19,28.88,28.11,21.2,0.246,0.264,"DM_CM",0.85
386607,"Atalanta","Gianpaolo Bellini","Right Back",0.662,987.2,46.133,37.289,5.835,0.091,0,26.075,0.547,0.091,0.081,0.456,0.365,13.949,3.92,1.459,3.829,2.735,3.009,2.279,2.006,0.365,0.547,29.175,0.808,0.8,18.45,55.7,50.05,26.18,28.36,0.175,0.265,"FB",0.993
386641,"Lazio","Stefano Mauri","Center Attacking Midfield",0.414,532.8,34.294,24.664,5.406,0.676,0.169,27.705,1.014,0.169,0.071,0.845,0.338,14.022,2.703,0.338,0.507,1.52,3.885,0.845,1.183,0.845,1.689,48.991,0.719,0.4,17.93,73.45,40.92,22.16,21.07,0.371,0.054,"AM_W",0.85
386650,"Hellas Verona","Michelangelo Albertazzi","Left Back",0.909,720.2,41.741,29.619,8.998,0.375,0,23.745,0,0,0,0.5,0.375,15.997,6.124,1.5,2.375,2.499,3.999,2.999,2,0.375,0.375,22.37,0.71,0.75,21.9,50.49,11.99,27.54,10.51,0.136,0.382,"FB",1
386651,"Hellas Verona","Juan Ignacio Gómez Taleb","Left Wing",0.345,1934.6,30.332,20.795,1.675,1.023,0,22.098,1.675,0.047,0.126,1.396,0.93,16.701,3.954,0.326,0.698,1.721,6.234,1.117,1.675,0.977,1.721,52.43,0.686,0.667,14.13,75.25,32.78,25.29,22.11,0.462,0.092,"AM_W",0.588
386657,"Chievo","Giampiero Pinzi","Center Defensive Midfield",0.346,1035.4,42.418,35.029,7.214,0.435,0,30.162,0.261,0,0.011,0.522,0.174,28.423,4.346,0.782,1.912,3.129,5.041,3.738,2.955,0.608,0.782,37.289,0.826,0.333,19.22,55.62,42.13,22.21,20.49,0.13,0.249,"DM_CM",0.999
387300,"Carpi","Cristian Zaccardo","Right Back",0.515,2515.3,34.207,24.51,6.727,0.286,0,18.606,0.644,0.036,0.05,0.573,0.322,12.917,3.936,1.36,4.186,2.433,3.757,2.397,1.002,0.25,0.25,20.61,0.717,0.563,20.78,49.61,61.45,27.82,15.03,0.152,0.407,"FB",0.515
3874,"West Ham United","Mark Noble","Left Center Midfield",0.302,3346.8,52.25,44.694,9.896,1.156,0.108,39.719,0.914,0.188,0.108,1.076,0.753,16.216,6.562,1.237,0.699,1.829,3.388,2.501,1.264,1.21,0.753,44.989,0.855,0.7,20.38,60.65,42.56,22.58,22.09,0.191,0.185,"DM_CM",0.981
387417,"Sampdoria","Mattia Cassani","Right Back",0.424,2156.7,47.156,37.308,9.264,0.292,0.042,32.425,0.125,0,0.011,0.668,0.417,9.723,3.589,1.461,3.464,1.586,1.878,1.252,1.586,0.167,0.376,34.512,0.791,0.625,21.5,51.01,53.99,25.05,24.67,0.145,0.349,"FB",0.529
387472,"Carpi","Lorenzo Pasciuti","Right Midfield",0.641,1624.7,46.754,28.307,13.516,1.385,0.166,30.911,0.332,0.111,0.028,1.274,0.776,18.779,6.426,1.163,1.163,2.382,3.767,1.551,1.773,0.776,0.831,39.94,0.605,0.609,22.82,66.84,56.23,29.14,23.14,0.351,0.196,"AM_W",0.765
387474,"Carpi","Igor Bubnjić","Left Center Back",0.509,755.7,28.344,22.151,9.051,0.119,0,17.507,1.072,0,0.101,0.119,0.119,9.527,3.692,0.953,5.478,1.429,2.977,1.667,1.191,0,0.119,19.888,0.782,1,26.48,41,37.71,23.46,19.6,0.064,0.517,"CB",1
387476,"Carpi","Raphael Martinho Alves de Lima","Left Center Midfield",0.672,691.6,30.322,20.301,6.767,0.521,0,24.466,1.301,0,0.08,2.603,1.171,23.294,4.425,0.781,0.781,1.822,2.993,2.212,1.692,1.431,2.212,33.705,0.67,0.45,20.76,65.14,22.04,26.76,18.52,0.316,0.202,"DM_CM",0.672
387847,"Frosinone","Leonardo Blanchard","Left Center Back",0.995,2555.8,32.256,22.361,12.959,0.176,0,17.924,0.739,0.106,0.066,0.282,0.246,8.134,3.275,1.092,6.655,3.064,2.782,1.127,1.303,0.176,0.141,20.6,0.693,0.875,29.99,37.77,27.13,22.81,14.15,0.05,0.595,"CB",1
3897,"West Ham United","Pedro Mba Obiang Avomo","Center Defensive Midfield",0.416,1174.5,36.629,28.43,6.36,0.153,0.077,28.047,0.69,0,0.025,1.149,0.69,21.916,5.364,1.303,2.376,2.605,4.828,3.295,1.763,0.69,0.383,27.51,0.776,0.6,19.92,53.95,40.04,22.05,21.02,0.112,0.258,"DM_CM",0.901
3944,"Swansea City","Gylfi Þór Sigurðsson","Center Attacking Midfield",0.683,3042.6,39.815,28.663,6.863,1.686,0.089,30.645,2.633,0.325,0.222,1.597,0.858,21.978,3.579,0.799,0.592,2.1,2.573,1.213,1.124,1.42,1.597,43.838,0.72,0.537,17.51,74.25,38.64,22.76,20.34,0.421,0.075,"AM_W",0.779
3949,"Napoli","Manolo Gabbiadini","Center Forward",0.675,619.1,23.259,17.153,1.599,1.454,0.436,19.915,4.361,0.727,0.546,1.018,0.291,15.118,2.181,0,0.145,0.727,1.89,0.145,1.454,1.163,0.872,47.535,0.738,0.286,14.25,80.07,42.28,20,16.88,0.521,0.015,"FW",0.853
3951,"Juventus","Mario Lemina","Center Defensive Midfield",0.754,758.4,54.824,48.534,11.392,0.593,0,46.28,0.593,0.237,0.041,1.187,1.068,21.478,5.459,1.068,1.543,2.136,3.323,2.729,2.373,1.068,0.593,46.636,0.885,0.9,21,54.62,40.63,18.85,16.74,0.091,0.208,"DM_CM",1
3953,"Everton","Aaron Lennon","Right Wing",0.637,1617.9,28.703,22.362,2.336,1.168,0,28.759,1.001,0.278,0.109,2.169,1.057,18.19,3.504,0.779,0.668,1.78,2.614,1.669,0.89,1.001,1.279,35.156,0.779,0.487,16.23,72.79,52.55,26.07,22.67,0.446,0.124,"AM_W",0.971
3955,"AS Monaco","Tiemoué Bakayoko","Left Defensive Midfield",0.76,1425.8,47.973,40.461,5.176,0.379,0,37.747,1.01,0.063,0.049,1.767,1.01,27.332,6.249,1.894,1.831,2.02,5.618,3.535,2.272,1.515,1.515,39.893,0.843,0.571,17.9,55.48,36.4,19.77,20.01,0.108,0.217,"DM_CM",0.998
3956,"Paris Saint-Germain","David Luiz Moreira Marinho","Left Center Back",0.983,2160.6,78.519,71.771,16.579,0.208,0.042,64.648,0.583,0.042,0.047,0.583,0.292,7.956,4.207,1.458,3.249,1.916,2.291,1.458,0.958,0.125,0.666,69.98,0.914,0.5,22.5,41.75,28.02,17.91,13.54,0.028,0.477,"CB",0.988
3957,"Chelsea","César Azpilicueta Tanco","Left Back",0.67,3360.8,58.861,47.721,8.516,0.455,0.107,34.84,0.295,0.054,0.041,0.696,0.214,16.898,3.401,1.5,3.294,2.731,4.954,3.508,1.285,0.321,0.643,42.097,0.811,0.308,18.9,58.59,28.91,27.83,28.57,0.239,0.263,"FB",0.978
3958,"Chelsea","Pedro Eliezer Rodríguez Ledesma","Left Wing",0.623,2112.6,44.689,35.573,6.049,1.661,0.085,47.118,2.514,0.298,0.255,4.218,2.514,16.274,7.413,0.596,0.256,2.428,3.28,1.747,1.108,1.789,2.087,52.912,0.796,0.596,17.32,71.89,33.84,25.45,24.63,0.409,0.123,"AM_W",0.982
3960,"Southampton","José Miguel da Rocha Fonte","Right Center Back",0.781,3327.3,44.415,37.193,12.172,0.135,0,30.728,0.649,0.054,0.074,0.108,0.108,7.412,3.462,1.569,6.194,1.812,3.192,1.38,0.649,0.243,0.189,33,0.837,1,24.12,41.68,51.31,21.5,15.92,0.053,0.516,"CB",1
3961,"Leicester City","N'Golo Kanté","Left Defensive Midfield",0.333,3179.8,41.776,34.021,5.01,0.679,0.085,32.521,0.594,0.028,0.022,1.783,1.359,25.643,8.491,3.113,2.179,3.227,6.963,4.642,1.528,1.415,1.245,29.973,0.814,0.762,17.48,57.52,37.8,23.95,21.87,0.19,0.25,"DM_CM",0.968
3962,"West Ham United","Diafra Sakho","Center Forward",0.633,1571.8,20.614,12.998,2.176,0.687,0.057,22.217,2.634,0.286,0.421,2.863,1.26,14.601,4.409,0.344,1.202,1.374,9.162,0.859,1.145,3.55,4.123,50.446,0.631,0.44,15.33,79.87,45.16,24.26,21.79,0.508,0.058,"FW",0.781
3963,"West Ham United","Victor Moses","Right Wing",0.424,1025.6,26.853,20.271,2.633,1.229,0.176,32.82,1.843,0.088,0.161,4.124,2.018,11.759,5.002,0.527,0.176,1.667,3.949,1.492,1.667,2.896,2.633,42.035,0.755,0.489,16.56,78.02,44.4,24.88,27.33,0.509,0.089,"AM_W",0.928
3964,"Fiorentina","Marcos Alonso Mendoza","Left Wing Back",0.515,2456.2,62.438,50.31,9.38,1.356,0.147,48.514,2.052,0.11,0.109,2.089,1.173,16.819,6.119,1.136,2.308,3.225,3.518,1.905,1.392,1.502,1.466,57.492,0.806,0.561,19.66,65.26,12.25,28.65,12.96,0.34,0.208,"FB",0.92
3967,"West Bromwich Albion","Claudio Ariel Yacob","Left Defensive Midfield",0.345,2954.8,34.053,26.5,6.366,0.244,0.03,23.119,0.274,0,0.007,0.548,0.305,23.454,6.183,1.828,2.802,2.711,4.782,3.503,2.102,0.67,0.305,20.986,0.778,0.556,21.02,51.33,37.77,20.42,17.23,0.087,0.303,"DM_CM",1
3970,"Southampton","Fraser Forster","Goalkeeper",1,1701.8,25.756,13.539,21.895,0,0,10.101,0,0,0,0.053,0.053,0.053,2.856,0,0,0,0,0,0,0,0,10.366,0.526,1,57.68,8.32,40.89,6.2,8.38,0,0.999,"GK",1
3973,"Swansea City","Àngel Rangel Zaragoza","Right Back",0.99,1899.7,75.045,60.074,12.318,0.616,0,45.719,0.663,0,0.032,1.042,0.663,10.233,4.453,1.706,4.311,2.369,3.838,1.942,0.853,0.663,0.569,53.867,0.801,0.636,20.12,57.33,68.99,25.29,10.09,0.189,0.251,"FB",0.99
3980,"Stade de Reims","Johny Placide","Goalkeeper",1,1688.5,29.049,15.99,21.907,0.053,0,12.153,0,0,0,0,0,0.053,5.49,0,0,0,0,0,0,0,0,9.488,0.55,0,49.92,11.11,41.18,10.32,9.37,0.007,0.985,"GK",1
3990,"Real Madrid","Jesé Rodríguez Ruiz","Left Wing",0.346,887.2,40.476,31.144,3.652,2.029,0.609,41.288,2.13,0.507,0.323,3.348,2.029,12.275,4.768,1.014,0.304,1.116,3.043,1.826,1.42,1.522,2.638,49.606,0.769,0.606,15.62,80.65,35.35,24.61,26.27,0.563,0.078,"AM_W",0.703
3991,"Watford","Allan Romeo Nyom","Right Back",1,2575.2,42.917,28.064,9.751,0.245,0.035,27.435,0.245,0,0.012,1.258,0.769,11.953,4.718,1.083,3.215,2.202,4.264,3.32,1.328,0.839,0.454,27.051,0.654,0.611,21.57,55.81,68.46,30.58,10.42,0.237,0.334,"FB",1
40118,"Watford","Ikechi Anya","Left Back",0.441,1786.4,43.63,31.237,5.844,0.756,0.05,30.33,0.504,0,0.037,1.411,0.856,10.127,5.038,0.856,2.066,2.318,2.217,0.806,0.151,1.008,1.562,37.988,0.716,0.607,17.92,67.87,35.39,29.74,29.07,0.388,0.209,"FB",0.572
40119,"Bologna","Juan Camilo Zúñiga Mosquera","Right Midfield",0.384,478.7,29.139,23.124,3.384,0.376,0.188,26.507,1.504,0,0.031,1.692,0.752,11.656,3.948,1.128,0.376,0.564,2.068,0.94,0.376,2.632,1.316,36.659,0.794,0.444,17.8,69.29,47.85,27.67,28.01,0.392,0.173,"AM_W",0.68
401194,"Bastia","François Modesto","Left Center Back",0.769,2432.4,37.149,27.751,13.209,0.222,0,23.976,0.296,0,0.016,0.185,0.074,12.062,3.367,1.517,5.55,1.998,3.922,1.665,1.147,0.074,0.185,25.494,0.747,0.4,26.78,38.69,30.47,20.3,17.98,0.039,0.577,"CB",0.931
40121,"Stoke City","Philipp Wollscheid","Left Center Back",0.863,2806.6,38.448,32.355,9.652,0.128,0,26.102,0.096,0,0.004,0.289,0.257,11.32,3.527,2.116,6.349,1.7,4.553,2.565,0.673,0.128,0.192,27.257,0.842,0.889,24.14,37.2,30.09,18.44,16.01,0.022,0.595,"CB",0.995
40122,"Chelsea","Oscar dos Santos Emboaba Júnior","Center Attacking Midfield",0.627,1847.1,53.404,42.976,8.04,1.316,0.146,47.995,2.485,0.146,0.249,3.606,1.9,19.344,5.019,0.731,0.975,1.657,4.726,3.07,1.072,2.193,1.9,61.248,0.805,0.527,18.4,70.98,33.21,23.33,21.29,0.365,0.093,"AM_W",0.897
40123,"Leicester City","Robert Huth","Left Center Back",0.785,3313.3,21.568,16.624,4.699,0.027,0,10.594,0.815,0.081,0.071,0.109,0.109,6.845,2.255,1.25,8.475,1.738,3.341,1.005,0.978,0.081,0.217,11.626,0.771,1,22.26,41,35.1,23.96,15.98,0.062,0.51,"CB",1
40124,"West Bromwich Albion","Rickie Lambert","Right Center Forward",0.402,698.2,35.707,24.492,4.383,1.031,0.129,25.394,1.805,0.129,0.216,0.645,0.387,11.473,2.965,0.129,0.645,0.387,8.379,0.129,0.902,1.676,3.223,55.945,0.686,0.6,16.83,77.63,43.81,21.03,21.18,0.467,0.043,"FW",0.835
40127,"Tottenham Hotspur","Ryan Mason","Left Defensive Midfield",0.47,862.6,56.655,47.265,10.538,1.252,0,46.848,1.982,0.104,0.286,1.565,0.939,17.529,4.8,0.417,0.939,2.4,3.965,2.817,0.939,0.835,0.835,54.047,0.834,0.6,20.42,61.84,33.97,21.91,20.36,0.182,0.14,"DM_CM",0.765
401453,"Stade de Reims","David N'Gog","Center Forward",0.817,881.9,24.698,16.125,2.551,0.816,0,24.29,2.245,0.306,0.348,1.939,0.919,17.758,2.756,0.204,0.51,1.225,8.573,1.327,2.449,3.47,3.776,61.337,0.653,0.474,15.16,79.62,41.26,19.58,22.17,0.491,0.024,"FW",0.967
401454,"Stade de Reims","Kossi Agassa","Goalkeeper",1,938.8,32.21,20.898,23.007,0,0,12.271,0,0,0,0,0,0.288,4.793,0,0.096,0,0,0,0,0,0,9.395,0.649,0,47.49,10.27,42.14,7.54,8.3,0.001,0.979,"GK",1
401455,"Stade de Reims","Mohamed Fofana","Left Center Back",0.937,1019.1,33.381,28.524,7.065,0,0.088,23.579,0.265,0,0.043,0.265,0.088,9.449,3.267,1.943,5.828,1.59,3.091,1.148,0.706,0.088,0.177,24.462,0.854,0.333,22.04,41.43,29.18,19.28,15.7,0.029,0.495,"CB",1
401468,"Saint-Étienne","Moustapha Bayal Sall","Right Center Back",0.875,2356.1,46.106,37.091,14.936,0.115,0,32.087,0.535,0.115,0.068,0.306,0.191,8.136,5.883,0.688,6.608,1.643,3.209,2.177,1.49,0.115,0.191,33.386,0.804,0.625,26.15,41.15,50.94,19.71,14.6,0.031,0.5,"CB",1
401470,"Troyes","Fabien Camus","Left Wing",0.232,2379.1,44.413,31.323,9.344,1.513,0.038,39.154,2.459,0.189,0.17,1.929,0.946,18.764,4.842,0.87,0.227,1.173,3.178,1.513,1.059,1.929,2.724,55.194,0.705,0.49,19.94,69.69,37.34,25.74,25.85,0.356,0.136,"AM_W",0.796
401472,"Troyes","Carlos Eduardo de Castro Lourenço","Right Center Back",0.866,643.6,39.856,32.724,10.908,0.28,0,30.347,0.42,0,0.031,0.839,0.699,9.649,4.895,2.937,3.077,1.818,3.356,2.937,0.979,0,0,28.668,0.821,0.833,24.08,36.33,53.72,18.57,15.55,0.013,0.574,"CB",1
401477,"Nantes","Johan Audel","Left Wing",0.415,1362.7,34.873,23.447,5.218,0.727,0.198,30.183,2.114,0.132,0.185,1.783,0.594,18.031,4.161,0.264,0.859,1.651,5.548,2.18,1.783,1.849,3.104,52.573,0.672,0.333,17.54,73.47,30.04,26.01,23.04,0.446,0.12,"AM_W",0.813
401478,"Nantes","Rémi Gomis","Right Defensive Midfield",0.572,1241.3,49.666,42.996,6.743,0.29,0,38.21,0.363,0,0.039,0.218,0.073,18.779,5.003,1.16,1.523,0.943,3.77,2.61,1.885,0.87,0.508,40.821,0.866,0.333,18.19,54.32,43.57,19.19,19.1,0.091,0.224,"DM_CM",0.922
401479,"Troyes","Calvin Anele Ngcongca","Right Center Back",0.737,1763.5,35.673,29.651,8.115,0.255,0,23.731,0.204,0,0.017,0.102,0.102,8.012,2.297,1.531,5.155,1.429,2.45,1.021,0.408,0.153,0.357,25.568,0.831,1,22.17,40.12,57.62,22.5,13.62,0.07,0.574,"CB",0.737
401482,"Angers","Gaël Angoula","Right Back",1,1052.1,47.561,34.901,9.067,0.599,0,22.155,0.171,0,0.003,0.428,0.257,14.456,4.277,2.139,2.737,2.053,4.534,3.079,1.369,0.342,0.257,25.748,0.734,0.6,20.93,48.59,68.3,26.7,11.19,0.141,0.425,"FB",1
401484,"Angers","Charles Diers","Left Center Midfield",0.705,517.1,33.243,24.715,5.918,0.696,0,25.063,1.218,0.174,0.078,1.566,0.87,17.579,7.136,1.044,1.392,2.089,2.437,1.218,0.348,0.696,1.044,33.939,0.743,0.556,18.7,58.44,38.84,24.76,20.98,0.201,0.241,"DM_CM",0.976
401488,"Stade de Reims","Odaïr Junior Lopes Fortes","Right Midfield",0.663,522.8,41.658,29.436,3.271,1.549,0,40.108,1.205,0,0.102,4.648,2.238,20.829,4.992,0.689,0.689,1.894,3.959,1.721,1.205,1.549,3.787,55.429,0.707,0.481,16.1,73.95,59.66,25.03,18.41,0.449,0.115,"AM_W",0.956
401489,"Bordeaux","Jussiê Ferreira Vieira","Center Attacking Midfield",0.645,483.3,38.361,31.844,3.352,1.117,0,37.43,0.372,0,0.04,1.862,0.931,9.311,3.538,0.559,0.372,1.117,2.421,0.186,1.49,1.49,3.352,49.162,0.83,0.5,16.64,70.93,37.66,19.4,17.13,0.292,0.066,"AM_W",0.648
401505,"Gazélec Ajaccio","Jacques Zoua Daogari","Left Center Forward",0.65,2336.2,29.432,22.652,2.003,1.194,0.116,30.125,1.849,0.154,0.178,1.734,0.809,12.559,3.968,0.116,0.385,0.886,5.74,0.154,1.233,2.466,4.006,59.827,0.77,0.467,14.61,79.08,31.8,19.95,20.71,0.488,0.03,"FW",0.936
401506,"Gazélec Ajaccio","Grégory Pujol","Right Center Forward",0.357,1188.2,24.844,17.497,1.969,0.757,0,20.223,2.121,0.379,0.192,1.06,0.53,17.724,4.09,0.303,0.985,1.969,6.135,0.909,2.424,1.742,3.105,53.55,0.704,0.5,15.5,76.19,42.53,23.13,21.05,0.462,0.069,"FW",0.796
401507,"Gazélec Ajaccio","Jérôme Le Moigne","Center Defensive Midfield",0.608,2461.8,44.456,35.682,8.591,0.329,0.037,29.906,0.475,0,0.021,0.475,0.292,16.744,4.936,1.535,2.632,1.938,3.363,1.828,1.938,0.512,0.256,33.927,0.803,0.615,21.3,53.89,40.98,18.68,17.9,0.076,0.218,"DM_CM",1
401508,"Gazélec Ajaccio","Clément Maury","Goalkeeper",1,3089.2,37.029,21.938,28.551,0.029,0.029,19.025,0,0,0,0.058,0.029,0.408,7.167,0,0.029,0.029,0,0,0,0,0,14.013,0.592,0.5,50.97,12.32,39.55,8.92,11.15,0,0.98,"GK",1
401509,"Gazélec Ajaccio","David Ducourtioux","Right Center Midfield",0.471,2664.9,51.672,37.724,13.34,0.912,0.068,40.73,1.013,0,0.031,1.013,0.473,20.466,6.383,0.979,1.452,1.418,3.884,2.803,2.094,0.777,1.452,49.443,0.73,0.467,22.92,62.29,50.08,23.76,21.55,0.248,0.181,"DM_CM",0.863
401512,"Guingamp","Lionel Mathis","Right Defensive Midfield",0.626,1531.6,45.657,36.608,7.521,0.353,0.059,31.907,0.646,0,0.03,0.118,0.118,20.919,4.054,0.881,2.35,1.469,4.231,2.703,2.057,0.294,0.411,38.429,0.802,1,20.02,53.53,43.85,21.23,18.94,0.116,0.265,"DM_CM",0.999
401513,"Guingamp","Reynald Lemaître","Left Back",1,469.1,42.405,25.136,11.513,0,0,19.38,0.192,0,0.027,0.576,0.192,17.077,2.686,0.959,3.262,2.878,4.029,3.262,0.959,0.576,0.384,23.025,0.593,0.333,22.48,53.93,11.62,29.36,11.98,0.215,0.38,"FB",1
401525,"Guingamp","Julien Cardy","Right Defensive Midfield",0.568,546.9,41.143,29.459,7.9,0.329,0,26.496,0.823,0,0.127,0.165,0,21.559,5.266,1.646,2.139,1.646,4.773,3.456,2.139,0.658,0.329,34.396,0.716,0,20.74,53.87,43.83,21.26,21.28,0.122,0.255,"DM_CM",0.982
401541,"Bastia","Evaeverson Lemos da Silva Brandão","Center Forward",0.735,1833.5,21.991,11.732,0.982,0.344,0.098,13.597,1.276,0.098,0.133,0.589,0.147,18.899,2.798,0.098,0.54,1.571,9.523,0.687,2.553,1.669,2.454,53.8,0.533,0.25,14.21,78.66,38.8,20.62,21.41,0.453,0.038,"FW",0.997
40218,"AFC Bournemouth","Sylvain Distin","Left Center Back",0.998,892.6,48.299,39.728,10.487,0,0,28.838,0.202,0,0.017,0.302,0.302,7.663,4.033,0.403,4.638,1.412,3.63,1.714,0.504,0.202,0,31.964,0.823,1,21.94,40.6,25.18,18.92,14.15,0.029,0.522,"CB",0.998
4022,"West Bromwich Albion","Darren Fletcher","Right Center Midfield",0.489,3533.6,38.612,29.316,8.991,0.586,0.051,31.022,0.586,0.025,0.047,1.706,0.993,13.932,7.157,0.739,0.993,1.375,2.522,1.146,0.56,1.095,0.968,32.958,0.759,0.582,22.05,61.81,47.99,23.53,17.56,0.23,0.188,"DM_CM",0.94
40247,"Chievo","Simone Pepe","Center Attacking Midfield",0.462,860.4,53.241,37.342,11.924,1.987,0.314,39.852,2.092,0.314,0.075,1.36,0.418,17.363,6.485,0.209,0.314,1.674,3.556,1.987,2.092,1.464,1.883,53.554,0.701,0.308,20.36,71.46,39.87,24.34,25.7,0.377,0.107,"AM_W",0.724
40250,"Empoli","Marco Zambelli","Right Back",0.838,1308.6,54.263,42.227,7.703,0.206,0,37.688,0.069,0,0,1.032,0.619,9.353,4.952,1.857,2.751,1.032,2.407,1.307,1.169,0.757,0.688,39.476,0.778,0.6,18.16,55.21,59.99,26.46,22.4,0.184,0.306,"FB",1
40251,"Empoli","Daniele Croce","Left Center Midfield",0.791,1881.2,42.722,36.072,2.775,0.957,0.048,39.708,0.574,0,0.044,2.392,0.861,25.308,5.693,0.431,0.431,2.631,3.253,1.866,1.1,1.674,1.866,50.186,0.844,0.36,14.57,64.77,25.66,24.12,20.5,0.269,0.161,"DM_CM",0.902
40252,"Empoli","Massimo Maccarone","Left Center Forward",0.862,2830.4,20.605,13.959,1.622,0.986,0.159,22.322,2.607,0.413,0.291,1.622,0.509,14.118,2.576,0.159,0.763,0.763,3.402,0.731,1.463,2.671,2.003,45.502,0.677,0.314,14.03,81.17,32.03,22.44,20.74,0.566,0.048,"FW",0.995
40332,"Empoli","Alberto Pelagotti","Goalkeeper",1,564.4,28.861,20.729,15.307,0,0,9.408,0,0,0,0,0,0,4.465,0,0,0,0,0,0,0,0,7.494,0.718,0,36.85,7.72,39.58,4.89,6.21,0,1,"GK",1
40333,"Atalanta","Cristian Raimondi","Right Back",0.564,821.1,39.68,27.513,4.823,0.438,0,23.677,0.658,0,0.043,0.767,0.329,23.128,2.85,0.987,1.096,3.727,8.879,4.823,2.631,0.548,1.425,33.323,0.693,0.429,17.46,58.29,64.27,27.56,16.85,0.226,0.268,"FB",0.683
40349,"Palermo","Ivaylo Chochev","Left Center Midfield",0.859,1817.9,42.279,32.13,4.357,0.495,0.099,29.853,1.436,0,0.099,0.644,0.396,26.635,4.951,1.931,1.931,2.426,4.802,2.574,1.436,0.594,0.594,40.447,0.76,0.615,16.5,63.9,21.54,23.16,14.3,0.247,0.153,"DM_CM",0.956
4035,"Stoke City","Ryan Shawcross","Right Center Back",1,1820.1,29.174,22.152,7.912,0.049,0,18.543,0.396,0,0.048,0.346,0.198,8.95,2.126,1.286,6.527,1.582,4.252,2.176,0.989,0.049,0.198,20.224,0.759,0.571,24.61,38.42,53.14,20.72,14.96,0.033,0.565,"CB",1
40350,"Palermo","Siniša Anđelković","Left Center Back",0.963,2012.4,26.431,20.662,5.411,0.089,0.045,13.864,0.134,0,0.025,0.089,0.045,10.242,2.281,0.716,4.428,2.46,3.041,1.655,0.894,0.089,0.224,15.832,0.782,0.5,21.56,38.49,25.53,22.3,14.91,0.045,0.563,"CB",0.966
40351,"Torino","Alessandro Gazzi","Center Defensive Midfield",0.953,1027.6,53.253,44.845,9.897,0.876,0,31.181,0.175,0,0.013,0.35,0.263,12.788,4.905,2.715,3.066,2.365,3.854,1.139,2.628,0.613,0.35,36.699,0.842,0.75,20.97,51.37,36.92,20.02,16.32,0.071,0.305,"DM_CM",1
40366,"Sunderland","Wes Brown","Left Center Back",0.904,564.2,31.585,24.407,7.338,0,0,19.143,0,0,0,0.16,0.16,8.136,2.712,1.276,9.093,1.436,3.35,1.276,0.957,0,0,20.259,0.773,1,22.75,38.2,26.66,18.78,14.35,0.018,0.569,"CB",1
40367,"Udinese","Francesco Lodi","Center Defensive Midfield",0.886,1944.9,63.766,48.542,18.232,1.527,0.046,40.953,1.157,0.046,0.053,0.555,0.37,16.798,5.645,0.787,1.203,1.342,1.666,0.833,0.972,0.74,0.648,48.542,0.761,0.667,23.5,60.64,39.9,21.87,19.29,0.177,0.164,"DM_CM",0.955
40394,"Sampdoria","Djamel Eddine Mesbah","Left Back",0.941,611.5,40.621,31.791,4.857,0.589,0,26.345,0.294,0,0.007,1.03,0.147,8.095,3.238,0.883,2.649,2.502,2.208,1.472,1.03,0.589,0.589,32.968,0.783,0.143,18.58,55.92,11.18,28.95,11.04,0.225,0.308,"FB",0.969
4040,"Stoke City","Peter Crouch","Center Forward",0.865,504.1,27.849,16.245,1.25,0.536,0.179,13.032,1.607,0,0.104,0.536,0.179,12.139,1.428,0.357,1.428,1.428,7.855,0.714,2.321,1.428,2.678,52.663,0.583,0.333,13.87,79.13,38.72,22.19,21.53,0.502,0.04,"FW",0.903
4041,"West Bromwich Albion","José Salomón Rondón Giménez","Center Forward",0.696,2648.5,22.495,14.408,1.835,0.816,0.068,21,2.447,0.306,0.283,1.495,0.714,17.568,3.534,0.442,1.529,1.733,8.121,0.408,1.257,2.718,3.908,57.224,0.64,0.477,14.52,81.97,42.5,21.96,21.88,0.562,0.039,"FW",0.997
40426,"Atalanta","Guglielmo Stendardo","Right Center Back",0.984,1236,29.635,24.101,5.097,0.073,0,18.276,0.437,0.073,0.071,0.218,0.218,10.995,2.403,0.801,4.078,1.456,3.495,2.112,1.383,0,0.218,20.315,0.813,1,21.88,41.49,50.8,20.53,13.87,0.042,0.483,"CB",0.995
40427,"Torino","Cesare Bovo","Right Center Back",0.946,1873.6,63.648,52.359,23.874,0.673,0,46.931,0.48,0.096,0.02,0.384,0.336,11.192,3.459,1.393,3.699,1.537,2.498,1.585,1.681,0.096,0.192,52.167,0.823,0.875,28.73,41.46,57.6,20.37,13.3,0.033,0.471,"CB",0.998
40430,"Torino","Giuseppe Vives","Center Defensive Midfield",0.948,2678.4,48.32,40.121,9.98,0.571,0.034,35.417,0.538,0.034,0.016,0.504,0.37,23.353,6.25,1.344,2.52,1.546,5.712,3.394,2.016,0.672,0.571,37.567,0.83,0.733,21.84,53.08,40.82,20.86,16.91,0.106,0.271,"DM_CM",1
40431,"Toulouse","Aleksandar Pešić","Center Forward",0.34,685.8,18.372,11.155,0.919,0.525,0.131,19.291,1.968,0.262,0.173,0.656,0.262,16.929,2.625,0.131,0.262,1.706,7.349,0.656,1.968,1.837,3.018,49.605,0.607,0.4,13.66,78.55,31.28,23.12,20.29,0.485,0.053,"FW",0.724
4045,"Swansea City","Leroy Fer","Left Center Midfield",0.326,784.3,49.917,42.343,8.492,0.689,0.23,43.491,0.574,0,0.03,2.18,1.377,18.934,5.279,2.18,2.295,1.607,4.59,2.869,2.41,1.607,0.803,47.278,0.848,0.632,20.05,59.99,38.86,20.62,20.37,0.139,0.171,"DM_CM",0.857
40455,"Atalanta","Giulio Migliaccio","Center Defensive Midfield",0.328,618.7,34.765,22.546,2.909,0.436,0,18.328,0.436,0,0.023,0,0,18.328,3.782,0.582,4.364,1.455,9.164,3.636,2.618,0.582,1.018,31.128,0.649,0,16.35,57.5,46.5,26.05,20.44,0.193,0.249,"DM_CM",0.987
40457,"Genoa","Giovanni Marchese","Left Center Back",0.809,693,45.977,33.899,9.481,0.26,0,28.963,0.52,0,0.026,0,0,14.027,4.935,0.909,6.364,2.727,2.598,1.429,2.987,0,0.52,29.353,0.737,0,21.86,44.32,21.1,25.56,15.56,0.109,0.482,"CB",0.943
40484,"Lille","Vincent Enyeama","Goalkeeper",1,3293.5,29.895,17.762,21.014,0.027,0,12.488,0,0,0,0,0,0.246,4.864,0,0.055,0.082,0,0,0.027,0.027,0,10.603,0.594,0,46.4,10.17,40.32,6.81,8.84,0,0.992,"GK",1
40486,"Lille","Éric Bauthéac","Left Wing",0.461,2252.3,39.8,26.373,7.512,1.079,0.04,30.209,2.158,0.08,0.168,2.238,0.919,17.782,5.115,0.839,0.959,1.598,4.196,2.278,1.598,1.798,1.958,45.754,0.663,0.411,18.63,71.12,30.72,26.96,26.5,0.375,0.138,"AM_W",0.841
40517,"Bastia","Gilles Cioni","Right Back",0.775,1552.4,39.598,26.553,9.392,0.29,0,19.944,0.174,0,0.002,0.232,0.174,9.218,2.841,1.565,2.435,1.507,3.015,1.218,0.928,0.174,0.29,23.307,0.671,0.75,23.27,53.55,69.35,25.45,9.96,0.182,0.307,"FB",1
40521,"Stade de Reims","Franck Signorino","Left Back",0.789,2664.2,48.206,35.707,5.642,0.338,0.068,29.356,0.034,0,0.001,0.912,0.439,13.175,3.919,1.149,3.986,2.703,3.344,1.723,0.98,1.013,1.013,32.599,0.741,0.481,18.16,55.68,11.17,25.82,10.47,0.176,0.276,"FB",1
40522,"Lille","Rio Antonio Zoba Mavuba","Center Defensive Midfield",0.386,2937,44.279,36.649,8.335,0.368,0,33.83,0.337,0,0.014,0.735,0.368,18.692,5.73,0.981,0.766,1.471,3.279,1.992,0.797,0.919,0.613,36.894,0.828,0.5,20.8,53.27,38.55,19.07,19.52,0.086,0.231,"DM_CM",0.997
40523,"Lille","Marko Baša","Left Center Back",0.796,1389,41.017,36.222,9.396,0.065,0,27.215,0.972,0,0.079,0.324,0.13,6.026,4.017,0.972,4.341,1.685,1.49,0.778,0.972,0.194,0.259,29.742,0.883,0.4,21.71,41.44,31.57,20.85,17.74,0.05,0.496,"CB",0.994
40527,"Guingamp","Brou Benjamin Angoua","Right Center Back",0.446,1312.6,32.912,25.438,7.611,0.069,0,20.158,0.274,0.069,0.032,0.069,0.069,10.148,3.085,1.234,5.417,1.44,3.085,1.646,1.508,0.069,0.137,19.267,0.773,1,22.48,40.21,38.37,21.5,21.7,0.057,0.539,"CB",0.702
40528,"Bastia","Florian Marange","Left Back",0.798,1666.9,51.293,37.849,10.421,0.162,0.054,27.806,0.108,0,0.002,0.216,0.054,15.55,3.78,1.296,4.319,2.322,4.535,2.592,1.458,0.216,0.378,33.098,0.738,0.25,21.65,49.88,13.03,25.91,11.15,0.147,0.389,"FB",0.858
4053,"West Bromwich Albion","Ben Foster","Goalkeeper",1,1410.9,26.026,12.885,22.964,0,0,7.718,0,0,0,0,0,0.255,4.593,0,0.191,0.064,0,0,0,0,0,5.486,0.495,0,60.2,8.77,40.21,8.01,9.62,0.001,0.986,"GK",1
40530,"Montpellier","Jamel Saihi","Right Defensive Midfield",0.374,625.8,59.113,48.182,8.342,1.151,0,43.292,1.007,0,0.037,1.726,1.007,30.635,6.904,2.301,1.294,1.726,4.89,2.877,2.157,0.719,1.007,46.888,0.815,0.583,19.13,55.03,38.93,18.83,19.08,0.108,0.192,"DM_CM",0.983
40533,"Bordeaux","Cédric Carrasso","Goalkeeper",1,1791.1,29.194,17.587,21.255,0,0,13.115,0,0,0,0,0,0,4.975,0,0,0.1,0,0,0,0,0,11.205,0.602,0,46.95,11.13,40.19,8.27,9.11,0.001,0.984,"GK",1
40641,"Toulouse","Pavle Ninkov","Right Back",0.894,539.2,44.734,31.381,11.517,0.501,0.167,23.869,0.167,0,0.006,1.168,0.334,11.517,5.675,1.836,3.005,2.003,4.841,3.171,1.335,0.835,0.835,23.202,0.701,0.286,22.3,54.75,67.87,28.94,11.29,0.218,0.339,"FB",0.982
40645,"Montpellier","Laurent Pionnier","Goalkeeper",1,2338,26.253,14.743,19.632,0.077,0,10.201,0,0,0,0.038,0.038,0.115,4.889,0,0.038,0.038,0.038,0.038,0.038,0,0,8.045,0.562,1,49.55,9.83,40.56,6.45,8.72,0,0.994,"GK",1
40697,"Lille","Mounir Obbadi","Left Center Midfield",0.667,2392.6,64.248,54.204,11.059,1.806,0.15,51.045,1.166,0.038,0.085,1.392,1.016,27.046,6.733,1.279,0.865,2.031,3.724,2.784,1.918,1.317,0.752,58.643,0.844,0.73,20.09,61.8,31.73,20.92,18.18,0.196,0.147,"DM_CM",0.99
40698,"Caen","Nicolas Seube","Center Defensive Midfield",0.486,534.9,29.278,22.716,3.87,0,0,19.519,0.337,0,0.01,0.505,0.168,23.726,4.543,1.01,2.356,1.851,4.543,3.197,1.514,0,0.505,20.192,0.776,0.333,19.6,47.66,37.65,20.8,20.44,0.083,0.368,"DM_CM",0.835
40698,"Stade Malherbe Caen","Nicolas Seube","Center Defensive Midfield",0.668,1710.7,33.723,26.305,6.05,0.526,0.053,21.044,0.684,0,0.031,0.368,0.263,30.987,5.051,1.157,2.104,3.262,5.629,4.156,2.21,0.316,0.579,23.359,0.78,0.714,20.61,51.57,39.42,21.74,20.31,0.105,0.296,"DM_CM",0.98
40699,"Rennes","Sylvain Armand","Left Center Back",0.959,3115.8,50.317,41.45,15.136,0.347,0.029,35.99,0.404,0.029,0.07,0.433,0.404,7.683,5.69,1.618,4.708,1.618,2.686,1.646,0.693,0.231,0.058,35.904,0.824,0.933,25.66,39.29,26.27,19.76,13.99,0.033,0.557,"CB",0.959
40701,"Stade Malherbe Caen","Jordan Leborgne","Right Center Midfield",0.86,466,28.97,20.472,6.373,0.773,0.193,25.3,0.773,0,0.017,1.545,1.159,21.631,6.953,1.931,0.966,2.318,3.09,1.738,0.966,2.124,1.352,24.528,0.707,0.75,20.26,61.08,50.44,23.28,19.03,0.237,0.199,"DM_CM",0.938
40822,"Sporting Gijón","Daniel Arnaud N''Di	","Center Attacking Midfield",0.804,769.7,26.543,17.89,2.222,0.819,0,33.793,1.403,0.117,0.2,3.04,1.988,14.85,4.443,0.702,0.234,1.169,7.601,1.169,1.988,3.391,3.742,52.151,0.674,0.654,16.85,73.97,42.75,21.88,22.71,0.392,0.067,"AM_W",0.911
4090,"Liverpool","Adam David Lallana","Center Attacking Midfield",0.328,2189.3,43.001,33.587,3.988,1.809,0.288,38.972,1.727,0.164,0.16,3.001,1.768,24.954,5.509,0.699,1.398,2.261,4.769,2.508,1.357,2.014,2.549,55.17,0.781,0.589,15.21,72.42,43.3,26.38,22.54,0.421,0.13,"AM_W",0.93
40945,"AC Milan","Alex Rodrigo Dias da Costa","Right Center Back",1,2185.3,38.837,34.183,7.001,0.206,0.041,24.834,0.947,0.124,0.074,0.165,0.165,10.379,3.212,1.359,6.219,1.73,3.665,1.936,1.4,0.082,0.206,27.347,0.88,1,21.48,41.51,51.99,22.5,13.69,0.058,0.52,"CB",1
41385,"Toulouse","Ali Nadhoim Ahamada","Goalkeeper",1,560.3,19.596,9.798,14.938,0,0,9.156,0,0,0,0,0,0,5.14,0,0,0,0,0,0,0,0.161,5.461,0.5,0,49.4,7.96,39.33,5.53,8.24,0,0.997,"GK",1
42422,"Troyes","Dušan Veškovac","Right Center Back",0.532,1100,41.399,36.081,10.391,0,0,28.881,0.082,0,0.004,0,0,8.427,3.109,1.554,6.545,2.209,2.945,1.554,0.655,0.082,0.164,31.581,0.872,0,23.12,36.81,42.15,18.11,21.09,0.018,0.577,"CB",1
42428,"Montpellier","Jonathan Ligali","Goalkeeper",1,560.5,26.494,14.612,20.874,0,0,9.795,0,0,0,0,0,0.482,4.496,0,0,0.321,0.161,0.161,0.161,0,0.161,6.744,0.552,0,51.87,8.49,40.44,6.13,8.8,0,0.993,"GK",1
42430,"Bordeaux","Nicolas Maurice-Belay","Left Wing",0.433,1318.3,54.274,43.556,5.257,1.092,0.137,48.676,0.751,0.068,0.038,1.638,1.161,14.541,4.984,0.546,0.546,1.843,2.936,1.707,1.024,1.297,1.775,57.347,0.803,0.708,16.2,68.88,20.75,23.24,17.18,0.33,0.11,"AM_W",0.731
4249,"Nantes","Wilfried Moimbé","Left Back",0.936,1373.8,42.714,29.415,9.827,0.59,0.066,25.484,0.524,0,0.011,1.114,0.328,12.513,4.979,2.227,3.014,1.703,3.014,1.965,1.441,0.655,0.721,29.087,0.689,0.294,22.09,55.67,11.11,28.95,10.69,0.224,0.336,"FB",0.936
4254,"Saint-Étienne","Valentin Eysseric","Center Attacking Midfield",0.681,1807.6,47.399,32.064,10.605,1.942,0.199,38.039,1.942,0.299,0.196,1.543,0.697,19.667,4.83,0.797,0.548,1.743,4.083,1.344,2.191,1.792,3.087,54.32,0.676,0.452,19.48,74.06,37.51,22.21,23.36,0.393,0.067,"AM_W",0.888
4257,"OGC Nice","Yoan Cardinale","Goalkeeper",1,2393.4,26.924,18.463,15.229,0,0,12.033,0,0,0,0.038,0.038,0.188,4.55,0,0,0.038,0.038,0,0,0,0,10.115,0.686,1,40.14,9.58,40.18,6.68,7.73,0.001,0.989,"GK",1
4259,"Saint-Étienne","Stéphane Ruffier","Goalkeeper",1,3467.2,30.889,18.43,20.065,0.026,0,12.875,0,0,0,0,0,0.052,4.543,0,0.026,0.052,0.052,0,0.052,0,0,12.018,0.597,0,44.69,10.97,41.13,9.08,9.04,0.002,0.989,"GK",1
4260,"Saint-Étienne","Romain Hamouma","Right Wing",0.599,1661.2,31.639,20.804,5.309,1.679,0.163,29.255,2.059,0.163,0.194,2.98,0.867,14.682,4.659,0.379,0.596,1.3,2.871,1.084,1.354,2.817,2.6,47.675,0.658,0.291,18.62,76.25,47.13,26.14,24.45,0.466,0.104,"AM_W",0.84
4263,"Saint-Étienne","Loïc Perrin","Left Center Back",0.553,2203.7,51.786,44.679,10.21,0.245,0.041,34.02,0.694,0.123,0.113,0.123,0.123,10.904,3.676,0.98,7.147,1.593,4.86,2.41,0.858,0.123,0.368,38.267,0.863,1,21.61,41.92,38.32,20.23,20.15,0.04,0.478,"CB",1
4264,"OGC Nice","Vincent Koziello","Right Center Midfield",0.936,2769,57.141,51.518,3.413,0.845,0.195,49.893,0.455,0.098,0.038,1.463,0.943,34.388,5.526,0.813,0.585,1.95,5.428,3.705,2.015,1.3,1.56,56.491,0.902,0.644,14.81,59.18,53.46,21.98,16.26,0.173,0.188,"DM_CM",0.984
4265,"Saint-Étienne","Oussama Tannane","Right Wing",0.615,591,35.48,24.516,7.462,1.523,0.152,34.567,3.198,0.305,0.265,2.893,0.914,22.385,4.568,0.761,0.152,1.675,6.548,2.589,2.589,1.066,3.655,52.078,0.691,0.316,19.16,72.53,46.04,24.6,25.78,0.418,0.128,"AM_W",1
4269,"Newcastle United","Aleksandar Mitrović","Center Forward",0.716,2328.4,27.598,20.061,1.276,0.85,0.155,22.187,3.092,0.348,0.458,1.353,0.696,15.113,2.822,0.348,1.16,1.933,9.122,0.966,2.049,2.783,4.213,57.052,0.727,0.514,12.78,76.91,40.86,23.15,21.19,0.446,0.055,"FW",0.982
42699,"Aston Villa","Gabriel Imuetinyan Agbonlahor","Center Forward",0.534,1066.5,19.662,13.502,1.435,0.928,0.169,15.358,0.928,0.084,0.121,1.097,0.506,15.358,2.532,0.253,0.675,1.097,6.498,0.675,2.025,1.266,1.35,42.699,0.687,0.462,14.96,76.15,37.05,22.71,20.01,0.436,0.061,"FW",0.871
4270,"OGC Nice","Jérémy Pied","Right Back",0.741,3079.8,64.028,48.861,9.059,0.818,0.088,46.494,0.614,0,0.023,1.724,1.081,16.686,4.676,1.695,3.361,2.104,5.377,3.478,1.315,1.14,1.052,50.819,0.763,0.627,18.91,58.97,58.98,26.56,25.03,0.225,0.248,"FB",1
42700,"Aston Villa","Micah Richards","Right Center Back",0.765,2143.4,32.877,27.461,6.13,0.252,0.042,23.136,0.588,0.042,0.072,1.26,0.924,8.314,3.359,1.176,5.501,1.889,3.107,1.806,0.714,0.798,0.42,23.85,0.835,0.733,20.19,45,55.19,23.85,13.3,0.094,0.47,"CB",0.799
42701,"Aston Villa","Kieran Richardson","Left Back",0.683,768.5,40.639,30.45,4.919,0.351,0.234,25.648,0.82,0,0.018,1.405,0.937,14.874,3.982,1.054,2.342,1.405,3.748,2.225,2.108,1.523,1.405,30.684,0.749,0.667,18.48,55.84,12.96,26.86,11.69,0.214,0.297,"FB",0.683
4271,"West Ham United","Andy Carroll","Center Forward",0.676,1534.7,25.392,15.599,2.346,0.821,0.059,16.478,3.225,0.528,0.369,1.29,0.586,9.617,3.225,0.293,1.818,1.407,7.799,0.528,2.522,1.173,2.698,47.969,0.614,0.455,15.38,77.24,39.11,23.56,19.89,0.438,0.056,"FW",0.947
4275,"Everton","Ross Barkley","Center Attacking Midfield",0.751,3181.8,54.337,45.059,8.74,1.527,0.226,52.555,2.687,0.226,0.217,4.101,2.659,11.908,6.873,0.311,0.622,1.018,2.404,0.99,0.962,2.659,2.206,59.57,0.829,0.648,19.22,69.73,34.28,22.65,19.31,0.341,0.099,"AM_W",0.771
4280,"West Ham United","Winston Reid","Right Center Back",0.562,2241.5,33.165,27.745,9.677,0.161,0.04,21.602,0.723,0.04,0.063,0.08,0.08,9.958,2.57,1.646,7.107,2.048,3.774,1.967,0.964,0.201,0.12,23.408,0.837,1,25.62,39.74,42.34,21.16,18.06,0.041,0.532,"CB",1
42900,"Newcastle United","Cheik Ismaël Tioté","Right Center Midfield",0.354,1262.8,60.582,52.101,10.335,0.57,0,42.194,0.143,0,0.003,1.497,0.998,21.168,6.771,2.78,3.279,2.566,5.844,3.706,2.78,1.354,0.499,45.258,0.86,0.667,20.01,51.24,41.71,18.83,19.59,0.064,0.29,"DM_CM",0.999
42902,"Sunderland","Adam Johnson","Right Wing",0.327,1210.1,44.623,32.947,14.503,1.859,0.372,40.384,1.19,0.149,0.131,1.785,1.041,10.189,5.504,0.744,0.521,1.711,1.636,0.818,0.595,1.785,1.339,44.846,0.738,0.583,24.98,64.92,45.35,24.16,22.05,0.277,0.161,"AM_W",0.801
43081,"Watford","Almen Abdi","Right Midfield",0.437,2036.2,45.084,35.979,6.321,1.326,0,34.83,1.724,0.088,0.104,0.928,0.663,22.277,6.276,0.884,1.105,3.094,5.392,3.757,1.856,1.547,1.724,43.007,0.798,0.714,17.22,65.19,42.61,25.54,24.35,0.315,0.179,"AM_W",0.919
4317,"Everton","Kevin Mirallas","Left Wing",0.756,1144.1,30.049,23.284,6.057,1.101,0.157,31.15,3.225,0.315,0.253,2.91,1.652,11.878,4.641,1.337,0.472,0.787,2.675,1.18,1.18,1.967,2.124,42.714,0.775,0.568,20.13,74.39,30.95,27.2,23.21,0.465,0.131,"AM_W",0.961
4319,"Paris Saint-Germain","Edinson Roberto Cavani Gómez","Left Wing",0.646,2370.1,30.606,25.669,3.456,0.684,0.19,23.049,3.266,0.721,0.658,0.987,0.57,11.468,2.506,0.494,0.266,1.101,1.481,0.759,1.139,0.57,1.975,48.073,0.839,0.577,16.51,75.08,28.11,25.65,19,0.448,0.101,"AM_W",0.688
4320,"Barcelona","Neymar da Silva Santos Junior","Left Wing",0.98,3138.6,56.489,43.93,6.624,2.351,0.344,62.31,3.527,0.688,0.587,7.828,4.846,11.241,3.842,0.373,0.086,0.832,1.548,0.717,1.577,2.81,3.097,74.898,0.778,0.619,16.2,82.41,20.32,20.45,16.14,0.592,0.032,"AM_W",1
4324,"Barcelona","Daniel Alves da Silva","Right Back",1,2204.5,80.465,68.667,9.553,0.735,0.163,63.482,0.653,0,0.027,2.082,1.061,15.554,6.695,1.184,1.347,2.572,3.878,2.613,1.755,0.939,1.061,67.769,0.853,0.51,17.21,64.36,67.72,26.66,10.19,0.303,0.2,"FB",1
4325,"Paris Saint-Germain","Thiago Motta","Center Defensive Midfield",0.933,2316.5,113.292,103.89,13.132,0.505,0.039,89.165,0.466,0.039,0.079,0.932,0.622,19.076,3.38,0.816,1.282,1.515,3.885,2.331,1.321,0.66,1.049,106.882,0.917,0.667,18.14,55.37,39.43,17.84,15.84,0.087,0.194,"DM_CM",1
4326,"Paris Saint-Germain","Layvin Kurzawa","Left Back",1,1332.3,64.109,55.665,3.851,0.608,0.338,48.571,1.081,0.203,0.106,2.162,1.216,13.241,5.067,2.094,2.432,2.229,3.986,3.107,1.284,1.081,0.811,56.205,0.868,0.563,15.52,59.78,10.4,27.82,9.14,0.263,0.267,"FB",1
4345,"Olympique de Marseille","Lucas Ariel Ocampos","Right Wing",0.564,537.6,31.307,21.931,2.679,0.837,0,35.66,2.679,0.167,0.316,4.353,2.009,20.76,5.357,0.837,0.167,3.348,4.52,2.176,1.674,2.846,3.348,51.229,0.701,0.462,16.3,76.49,45.41,24.61,25.02,0.481,0.098,"AM_W",0.97
4346,"Stoke City","Gilbert Gianelli Imbula Wanga","Left Defensive Midfield",0.635,1320.9,53.076,46.467,7.018,0.749,0,49.669,1.431,0.136,0.053,4.156,2.725,16.488,6.541,0.818,0.477,1.09,2.112,1.022,1.635,1.703,1.295,53.485,0.875,0.656,18.33,62.24,36.29,20.21,16.92,0.192,0.142,"DM_CM",0.921
4347,"Aston Villa","Jordan Amavi","Left Back",0.948,884.6,53.823,40.494,9.361,0.61,0.203,40.087,0.407,0,0.008,4.985,1.831,15.669,6.105,1.424,3.968,2.238,5.799,4.07,1.831,1.628,1.221,38.256,0.752,0.367,19.76,56.91,9.74,30.27,9.24,0.272,0.322,"FB",1
4349,"Toulouse","Issa Diop","Right Center Back",0.946,1967.9,35.169,25.931,9.558,0.137,0,22.501,0.274,0.046,0.034,0.091,0.046,7.5,4.345,1.326,5.397,1.143,2.698,1.601,1.463,0.183,0.183,22.821,0.737,0.5,24.14,39.12,52.59,19.33,14.03,0.024,0.521,"CB",1
4350,"Bastia","Yannick Cahuzac","Right Defensive Midfield",0.547,2577,40.757,32.585,6.252,0.384,0,26.997,0.384,0.07,0.048,0.908,0.489,20.396,5.413,1.467,1.921,2.48,4.68,2.654,2.095,1.153,0.698,29.232,0.799,0.538,18.93,53.41,48.77,21.93,18.53,0.114,0.263,"DM_CM",0.936
4351,"Olympique de Marseille","Bouna Sarr","Right Wing",0.786,821.3,44.817,32.654,6.684,1.205,0,45.475,1.644,0.219,0.146,5.588,2.192,18.628,4.274,0.438,0.548,1.972,4.602,1.863,1.972,3.068,3.068,60.487,0.729,0.392,18.63,73.54,56.98,23.51,22.99,0.409,0.082,"AM_W",0.999
4352,"Gazélec Ajaccio","Issiaga Sylla","Left Back",0.595,2879.5,50.602,35.631,9.877,0.781,0.125,35.943,0.719,0,0.026,1.875,1.031,20.097,7.001,2.532,2.782,2.657,5.282,3.876,1.969,2.032,1.469,36.256,0.704,0.55,20.94,58.82,27.79,28.57,28.22,0.26,0.285,"FB",0.947
4353,"Athletic Club","Aymeric Laporte","Left Center Back",1,2333.2,51.574,42.162,14.041,0.193,0.039,33.213,0.771,0.116,0.115,0.733,0.424,9.065,4.05,1.929,3.973,1.736,3.009,1.852,1.196,0.309,0.27,36.414,0.818,0.579,24.58,42.38,23.2,20.69,13.63,0.044,0.463,"CB",1
4369,"Genoa","Issa Cissokho","Right Wing Back",0.694,731.9,51.772,42.18,5.78,0.861,0.123,38.86,0.123,0,0.004,0.738,0.492,12.051,4.919,1.722,2.214,2.091,3.197,1.353,0.984,1.23,0.984,43.41,0.815,0.667,18.2,62.17,63.81,27.05,18.59,0.296,0.237,"FB",0.816
43695,"Crystal Palace","Brede Hangeland","Left Center Back",0.874,662.5,35.998,29.478,7.064,0,0,20.92,0.679,0,0.094,0.408,0.408,5.841,2.717,0.543,6.249,0.951,3.532,1.358,1.766,0.272,0,24.316,0.819,1,23.1,38.45,30.56,22.06,16.64,0.053,0.592,"CB",1
4370,"Paris Saint-Germain","Javier Matías Pastore","Right Center Midfield",0.572,902,91.094,72.835,14.667,2.295,0.599,79.52,1.995,0.2,0.27,3.592,2.095,16.862,6.186,0.2,0,1.995,2.195,1.497,0.998,1.896,1.796,95.684,0.8,0.583,18.76,65.71,41.25,21.53,20.24,0.262,0.107,"DM_CM",0.863
4372,"Paris Saint-Germain","Marcos Aoás Corrêa","Right Center Back",0.597,1910.9,83.646,77.006,15.448,0.188,0,62.217,0.377,0.047,0.058,0.141,0.094,12.952,3.721,1.036,3.768,2.355,3.061,2.214,0.754,0.047,0.094,70.412,0.921,0.667,21.06,42.85,50.06,20.76,18.39,0.049,0.481,"CB",0.788
4373,"OGC Nice","Mathieu Bodmer","Right Center Back",0.427,1414.6,59.232,49.943,11.77,0.509,0.064,41.673,0.254,0.064,0.029,0.127,0.127,9.098,4.263,1.018,3.881,0.954,4.008,2.354,1.718,0.254,0.891,51.28,0.843,1,21.05,46.11,43.52,21.78,19.14,0.074,0.417,"CB",0.775
4375,"Paris Saint-Germain","Blaise Matuidi","Left Center Midfield",0.916,2033.7,72.222,65.186,5.399,0.841,0.266,63.725,0.708,0.177,0.089,1.46,0.841,24.915,4.293,0.974,0.752,2.08,4.071,2.699,1.903,1.637,2.036,77.532,0.903,0.576,16.23,61.65,26.55,21.97,16.89,0.199,0.139,"DM_CM",0.979
4377,"Nantes","Maxime Dupé","Goalkeeper",1,651,32.073,19.493,22.257,0,0,12.857,0,0,0,0,0,0.138,5.945,0,0,0,0,0,0,0,0,10.645,0.608,0,45.66,9.8,41.53,6.89,8.67,0,0.993,"GK",1
4380,"Nantes","Guillaume Gillet","Left Defensive Midfield",0.595,1782.5,51.803,43.775,8.987,0.454,0,36.757,1.111,0.05,0.065,1.161,0.808,19.287,5.604,2.272,1.919,1.565,5.251,3.231,1.616,1.01,0.858,46.451,0.845,0.696,20.09,58.52,42.16,21.45,20.3,0.164,0.175,"DM_CM",0.979
4382,"Saint-Étienne","Kévin Malcuit","Right Back",0.802,707.1,42.383,28.51,7.637,0.255,0.127,30.674,0.255,0,0.005,1.145,0.891,17.819,6.746,1.527,2.8,1.655,5.091,3.818,1.782,1.145,1.655,31.056,0.673,0.778,21.01,57.41,69,28.76,9.45,0.233,0.305,"FB",0.911
4383,"Stade de Reims","Nicolas de Roussel de Préville","Left Wing",0.277,3007,33.312,20.382,7.872,1.856,0.239,32.145,2.724,0.18,0.275,3.711,1.586,16.342,5.567,0.599,0.269,1.377,4.489,1.496,2.005,3.202,3.921,50.372,0.612,0.427,20.49,75.17,39.42,23.96,25.36,0.439,0.081,"AM_W",0.698
4386,"Caen","Damien Da Silva","Right Center Back",0.529,558.1,35.963,29.351,12.418,0,0,22.255,0.484,0,0.102,0.806,0.645,8.709,4.999,1.451,8.87,1.774,3.548,2.258,0.484,0,0,18.385,0.816,0.8,28.06,37.19,42,19.54,19.94,0.019,0.548,"CB",1
4386,"Stade Malherbe Caen","Damien Da Silva","Left Center Back",0.92,2027,33.123,27.262,9.679,0.133,0,21.446,0.666,0.089,0.076,0.222,0.133,10.168,4.929,1.687,7.459,2.176,4.396,2.442,0.888,0.311,0.222,20.602,0.823,0.6,25.27,37.27,27.1,21.87,16.44,0.041,0.591,"CB",1
4390,"Troyes","Charles Traoré","Left Back",1,470.9,44.723,32.109,6.307,0.191,0,31.535,0.191,0,0.002,1.338,0.382,20.068,3.631,1.72,4.396,3.44,7.263,4.587,1.338,1.147,1.529,33.638,0.718,0.286,17.25,50.47,10.12,28.53,9.37,0.179,0.377,"FB",1
4406,"Valencia","Aymen Abdennour","Left Center Back",0.988,1923.5,41.83,34.437,9.779,0.14,0,29.337,0.328,0,0.047,0.515,0.515,9.358,3.275,2.433,4.305,2.059,3.416,1.638,1.123,0.421,0.047,30.179,0.823,1,23.63,37.39,24.62,20.04,13.31,0.031,0.592,"CB",0.988
44065,"Toulouse","William Matheus da Silva","Left Back",0.95,1288.6,45.329,31.779,6.705,0.489,0.07,29.614,0,0,0,1.048,0.489,12.572,4.47,0.838,3.003,2.165,4.051,2.375,0.978,0.838,0.838,33.176,0.701,0.467,18.73,57.17,11.23,30.45,10.41,0.262,0.31,"FB",1
4410,"Lyon","Christophe Jallet","Right Back",1,1864.7,75.872,63.661,8.929,0.82,0.241,51.691,0.965,0.048,0.074,1.303,0.82,16.41,4.199,1.014,2.751,1.641,5.068,4.006,1.014,0.869,0.82,58.642,0.839,0.63,18.26,62.47,69.39,26.69,9.21,0.278,0.2,"FB",1
4413,"Troyes","Aloïs Confais","Right Back",0.54,1194.7,49.192,40.604,6.705,0.226,0.075,36.16,0.301,0,0.008,0.904,0.603,25.839,6.479,1.356,2.034,2.185,4.897,2.787,1.808,0.678,1.205,37.139,0.825,0.667,18.65,53.89,56.01,26.43,22.46,0.179,0.323,"FB",0.581
4416,"AFC Bournemouth","Max-Alain Gradel","Left Midfield",0.945,905.7,33.689,22.26,5.466,0.795,0.199,37.465,1.789,0.099,0.149,4.472,1.988,21.266,6.956,1.193,0.894,1.988,4.074,2.484,1.193,2.286,2.981,41.837,0.661,0.444,18.25,73.59,18.7,26.98,16.68,0.454,0.137,"AM_W",0.971
4417,"Sunderland","Ola Toivonen","Center Attacking Midfield",0.517,681.5,34.469,24.828,3.566,0.792,0.264,17.3,0.924,0,0.054,0.396,0.132,15.055,3.17,0,1.189,1.321,6.603,1.717,1.717,0.132,0.396,36.054,0.72,0.333,17.07,62.99,42.53,22.62,18.89,0.206,0.159,"AM_W",0.536
4418,"Granada","Matheus Dória Macedo","Left Center Back",1,648.9,23.44,15.673,8.599,0,0,13.315,0.277,0,0.017,0,0,8.183,2.219,2.219,4.3,1.11,2.635,0.971,1.11,0,0.277,14.702,0.669,0,28.55,40.52,25,21.89,13.34,0.043,0.527,"CB",1
4428,"Bordeaux","Mathieu Debuchy","Right Back",1,710.1,50.192,35.743,7.858,0.38,0,30.546,0.507,0,0.028,1.901,0.76,14.956,5.704,3.676,2.155,2.155,5.957,4.183,1.901,0.507,0.38,31.434,0.712,0.4,19.98,61.1,68.65,28.26,9.39,0.278,0.22,"FB",1
4429,"Sunderland","Yann Gérard M'Vila","Right Center Midfield",0.331,3336.1,48.532,37.876,11.223,1.16,0.081,35.88,0.809,0.027,0.027,1.025,0.755,16.996,6.286,1.754,2.752,1.969,3.858,2.941,0.54,0.755,0.647,37.607,0.78,0.737,21.77,56.56,42.48,23.49,21.13,0.161,0.237,"DM_CM",1
4431,"Saint-Étienne","Kévin Monnet-Paquet","Left Wing",0.561,2261.6,30.921,21.688,1.751,0.915,0.08,31.637,1.751,0.08,0.147,3.064,1.512,20.853,6.447,0.557,0.557,2.507,5.691,1.433,1.035,3.263,3.104,50.022,0.701,0.494,14.13,75.59,36.43,26.5,26.9,0.477,0.114,"AM_W",0.988
4434,"Guingamp","Thibault Giresse","Left Midfield",0.642,1783,38.565,25.289,11.66,1.868,0.202,26.248,1.161,0.202,0.135,1.11,0.555,16.859,5.502,0.353,0.858,1.565,3.432,2.07,0.858,1.211,1.11,33.315,0.656,0.5,22.53,62.2,23.29,27.76,20.22,0.283,0.233,"AM_W",0.692
4440,"Paris Saint-Germain","Kevin Trapp","Goalkeeper",1,3115.2,25.337,21.437,10.227,0,0,11.065,0,0,0,0,0,0.116,2.947,0,0.029,0.029,0,0,0.029,0.029,0,11.267,0.846,0,31.2,9.6,40.98,6.56,8.24,0,0.998,"GK",1
4441,"Angers","Billy Ketkeophomphone","Center Forward",0.528,2766.6,33.019,23.292,4.685,0.943,0.228,31.718,1.919,0.163,0.133,2.765,1.431,22.837,6.441,0.911,0.358,2.115,5.205,2.277,1.496,2.7,3.221,46.813,0.705,0.518,17.04,69.96,38.69,23.7,23.68,0.367,0.116,"FW",0.53
4442,"Bordeaux","Maxime Poundjé","Left Back",0.931,1221.6,49.509,36.395,7.441,0.221,0.074,34.995,0.295,0,0.003,2.21,1.179,16.503,3.684,0.958,2.873,2.358,4.126,3.094,0.81,1.621,0.958,38.9,0.735,0.533,19.11,57.58,10.57,27.69,9.97,0.223,0.282,"FB",0.931
4443,"OGC Nice","Paul Baysse","Right Center Back",0.7,2723.2,56.778,49.309,11.27,0,0,39.361,0.463,0,0.055,0.463,0.364,8.394,3.801,1.52,5.552,1.619,4.032,1.818,0.76,0.132,0.033,43.856,0.868,0.786,21.76,38.98,48.16,17.71,18.5,0.024,0.551,"CB",0.982
4447,"Toulouse","Martin Braithwaite Christensen","Center Forward",0.382,3031.8,19.741,15.199,1.395,0.683,0,21.67,3.206,0.327,0.449,2.345,1.098,12.557,3.533,0.297,0.594,1.098,3.74,0.475,1.128,2.048,3.354,49.515,0.77,0.468,14.71,79.97,29.25,23.34,20.07,0.525,0.059,"FW",0.58
4450,"Lyon","Bakary Koné","Right Center Back",1,450.9,47.505,41.916,9.182,0,0,34.132,0.599,0,0.034,0,0,7.385,3.792,1.597,3.593,1.597,3.194,0.998,0.599,0.399,0.2,35.329,0.882,0,21.48,42.52,54.1,17.81,11.79,0.027,0.425,"CB",1
4463,"Lyon","Mapou Yanga-Mbiwa","Right Center Back",0.901,2448.4,63.187,56.166,14.556,0.037,0,45.653,0.257,0.074,0.041,0.551,0.294,8.712,4.411,1.654,3.602,1.25,3.271,1.654,1.213,0.257,0.221,50.101,0.889,0.533,22.82,40.59,50.94,17.59,14.88,0.019,0.496,"CB",1
4474,"Stade Malherbe Caen","Emmanuel Imorou","Left Back",1,1107.4,45.592,30.557,7.639,0.65,0.081,23.243,0.163,0.081,0.063,0.488,0.163,13.572,4.47,2.032,2.601,3.82,2.682,1.707,0.731,0.488,0.406,24.868,0.67,0.333,19.83,57.76,10.6,29.18,9.75,0.246,0.306,"FB",1
4475,"Rennes","Romain Danzé","Right Back",0.856,1666.1,55.8,42.944,8.697,0.594,0.162,33.653,0.324,0,0.054,0.81,0.54,12.046,3.457,1.404,3.943,2.593,3.457,1.837,0.81,0.378,0.378,40.675,0.77,0.667,19.68,54.73,65.59,26.38,16.93,0.182,0.292,"FB",0.993
4498,"Granada","Jean-Sylvain Claude Babin","Right Center Back",0.908,2327,32.952,27.035,7.619,0.077,0,19.183,0.503,0.116,0.059,0.039,0.039,5.685,1.586,1.47,5.84,1.392,3.597,0.851,0.58,0.039,0.193,22.548,0.82,1,23.15,38.84,52.27,20.86,15.65,0.039,0.572,"CB",1
4506,"OGC Nice","Nampalys Mendy","Center Defensive Midfield",0.917,3556.1,75.698,69.851,10.807,0.127,0.051,64.258,0.152,0.025,0.004,0.962,0.658,12.426,6.96,1.164,0.911,1.569,2.05,1.341,1.012,0.759,0.709,67.726,0.923,0.684,19.01,49.65,40.32,16.55,16.34,0.034,0.289,"DM_CM",1
4508,"Bastia","Julian Palmieri","Left Back",0.598,2962.5,47.94,34.907,8.901,0.547,0.061,32.902,0.516,0.061,0.037,2.309,1.367,15.919,4.77,1.975,2.218,2.248,5.104,2.947,1.458,1.154,0.972,37.945,0.728,0.592,20.36,56.87,12.45,27.09,12.02,0.211,0.283,"FB",0.685
4509,"Bordeaux","Jérôme Prior","Goalkeeper",1,1030.5,33.102,18.079,27.512,0,0,14.586,0,0,0,0,0,0.262,4.891,0,0,0,0,0,0,0,0,12.839,0.546,0,51.89,11.66,39.89,7.63,9.56,0,0.992,"GK",1
4542,"Bordeaux","Pablo Nascimento Castro","Left Center Back",0.618,1382.9,42.757,34.882,11.584,0.13,0,26.097,0.586,0.065,0.082,0.13,0.065,8.786,4.035,1.562,7.094,1.171,3.384,1.692,1.237,0.195,0.13,28.505,0.816,0.5,24.37,40.28,37.95,19.95,17.3,0.04,0.529,"CB",1
4545,"Stade de Reims","Prince Oniangué","Right Defensive Midfield",0.364,2186.5,36.593,30.46,5.433,0.288,0.041,28.278,1.317,0.165,0.134,0.329,0.165,21.898,3.993,0.947,1.688,1.605,3.499,1.276,0.864,0.782,0.988,40.956,0.832,0.5,19.36,60.12,40.51,21.49,18.25,0.173,0.164,"DM_CM",0.761
4546,"Granada","Dimitri Foulquier","Right Back",0.751,1623.3,38.699,29.607,4.103,0.554,0.055,22.676,0.333,0.055,0.053,2.273,1.053,13.75,4.214,2.44,2.107,2.107,3.327,2.107,1.552,0.943,0.887,23.508,0.765,0.463,17.12,57.16,57.92,28.95,24.01,0.219,0.286,"FB",0.983
4547,"Angers","Ludovic Butelle","Goalkeeper",1,1780.2,27.148,16.885,20.475,0,0,10.97,0,0,0,0.051,0.051,0.354,5.055,0,0.051,0,0,0,0,0,0,6.522,0.622,1,50.11,9.31,39.39,6.61,8.14,0,0.992,"GK",1
45508,"Carpi","Emanuele Suagher","Left Center Back",0.588,758.8,16.011,12.335,3.558,0.119,0,8.658,0.356,0,0.026,0,0,12.809,2.846,1.542,5.574,2.372,2.965,1.779,1.779,0.237,0.356,8.065,0.77,0,23.69,39.85,37.08,23.14,18.82,0.044,0.515,"CB",0.991
45590,"Atalanta","Nicolò Cherubin","Left Center Back",0.944,1112.6,27.826,20.546,7.118,0.081,0,16.34,0.324,0.081,0.026,0.243,0.081,13.428,2.993,0.404,4.53,2.346,2.831,0.647,1.213,0.404,0.081,17.149,0.738,0.333,24.3,38.72,24.44,21.03,14.25,0.038,0.56,"CB",0.944
45591,"Bologna","Franco Brienza","Left Center Midfield",0.263,1780,46.314,33.876,9.859,1.567,0.152,38.072,2.073,0.152,0.104,1.871,1.062,16.635,5.41,0.961,0.253,1.264,2.427,1.062,0.657,1.82,1.82,48.993,0.731,0.568,20.14,69.93,36.94,24.99,22.74,0.373,0.128,"DM_CM",0.537
4587,"Manchester United","Matteo Darmian","Right Back",0.614,1990.7,52.309,41.051,7.776,0.497,0,36.123,0.316,0.045,0.008,0.859,0.452,15.688,2.984,1.673,3.346,1.628,5.199,3.979,1.402,0.769,0.497,38.565,0.785,0.526,19.11,60.22,52.57,28.46,28.63,0.265,0.254,"FB",0.969
4589,"Everton","Séamus Coleman","Right Back",0.962,2485,50.632,40.744,7.787,0.471,0.072,41.614,0.942,0.036,0.062,2.608,1.485,12.06,5.614,1.304,2.427,2.101,3.368,2.354,0.833,1.195,0.942,41.252,0.805,0.569,19.47,61.63,66.95,29.5,11.13,0.299,0.252,"FB",0.973
4590,"Liverpool","Nathaniel Edwin Clyne","Right Back",0.852,3115.6,56.128,43.909,6.991,0.809,0,38.738,0.896,0.029,0.068,0.924,0.52,12.797,4.362,1.011,2.715,1.531,3.466,2.167,0.607,1.04,0.924,41.684,0.782,0.563,18.43,62.81,65.76,26.98,16.79,0.283,0.217,"FB",0.995
4597,"Manchester City","Fabian Delph","Left Defensive Midfield",0.423,790.3,53.64,45.44,5.922,0.342,0,51.818,1.481,0.228,0.038,3.758,2.733,18.336,6.719,2.505,2.05,2.164,3.872,2.961,1.139,1.822,1.708,52.387,0.847,0.727,17.25,64.11,27.25,21.98,19.23,0.238,0.144,"DM_CM",0.667
4601,"Saint-Étienne","Robert Berič","Center Forward",0.905,706,21.799,15.807,1.912,0.637,0,22.309,2.04,0.382,0.335,1.53,0.637,16.445,2.04,0,0.637,1.402,6.884,0.765,1.402,2.167,3.952,60.935,0.725,0.417,14.12,81.88,37.05,19.96,22.17,0.515,0.018,"FW",1
4602,"Rennes","Yoann Gourcuff","Center Attacking Midfield",0.343,632.8,55.465,48.212,6.969,1.707,0,52.052,1.422,0.284,0.132,1.28,0.996,14.933,6.969,0.996,0.284,1.422,2.418,1.564,0.853,3.698,1.138,60.442,0.869,0.778,16.66,67.45,28.46,20.89,19.83,0.285,0.093,"AM_W",0.723
4628,"Bordeaux","Diego Armando Valentin Contento","Left Back",0.988,2208.5,51.389,39.774,8.843,0.611,0,33.254,0.53,0.082,0.043,0.693,0.448,12.185,4.197,1.467,2.853,1.63,4.564,2.69,0.774,0.53,0.693,36.84,0.774,0.647,19.75,58.24,11.56,26.51,10.11,0.212,0.241,"FB",0.999
4629,"Everton","José Ramiro Funes Mori","Left Center Back",1,2357.7,49.587,41.418,11.643,0.191,0,36.226,0.916,0.153,0.078,0.42,0.191,8.169,5.077,2.023,7.673,1.603,3.626,1.603,0.42,0.191,0.305,38.135,0.835,0.455,23.47,40.49,25.71,21.3,13.27,0.042,0.528,"CB",1
4630,"West Bromwich Albion","Saido Berahino","Left Center Forward",0.318,1836.9,23.175,17.443,3.038,0.882,0,25.674,1.764,0.196,0.305,2.156,1.47,12.984,3.724,0.392,0.343,1.715,3.43,0.931,0.98,2.646,2.891,44.782,0.753,0.682,17.49,76.6,37.56,25.01,21.21,0.476,0.083,"FW",0.493
4631,"Swansea City","Leon Britton","Center Defensive Midfield",0.602,1576.9,57.188,50.453,5.422,0.228,0,46.515,0.285,0,0.007,1.199,0.913,18.663,6.735,2.397,1.313,1.769,3.367,2.397,0.856,1.141,1.541,48.284,0.882,0.762,17.76,55.04,42.35,19.77,19.45,0.103,0.23,"DM_CM",0.984
46670,"Udinese","Iván Rodrigo Piris Leguizamón","Left Center Back",0.466,1963.5,39.099,30.986,7.655,0.321,0,24.798,0.183,0,0.002,0.596,0.504,17.785,4.217,2.017,3.209,2.109,3.988,2.246,1.879,0.458,0.275,24.615,0.792,0.846,20.8,48.16,43.91,23.22,25.42,0.085,0.374,"CB",0.764
4669,"Montpellier","William Jean Rémy","Right Back",0.365,2478.7,46.259,35.983,9.295,0.29,0.036,31.88,0.545,0,0.025,1.416,0.835,18.99,7.444,1.235,2.76,2.142,3.813,2.614,1.38,0.799,1.017,30.21,0.778,0.59,21.84,52.62,51.74,21.27,20.71,0.093,0.267,"FB",0.524
46801,"Stade de Reims","Jaba Kankava","Left Defensive Midfield",0.562,2453.6,44.713,36.46,6.933,0.514,0.037,36.313,0.403,0,0.017,0.917,0.55,26.923,7.886,1.504,2.348,3.044,5.172,3.558,1.724,1.541,0.697,34.186,0.815,0.6,19.61,55.28,35.35,19.63,20.07,0.109,0.203,"DM_CM",1
4691,"Barcelona","Claudio Andrés Bravo Muñoz","Goalkeeper",1,2959.8,30.529,25.786,11.737,0,0,18.184,0,0,0,0.03,0.03,0.091,3.618,0,0.061,0.03,0,0,0,0,0.03,16.602,0.845,1,31.21,10.46,39.86,7.69,8.11,0,0.991,"GK",1
4709,"Torino","Pontus Jansson","Center Back",0.818,643.1,49.119,45.48,7.837,0.28,0,38.064,0.84,0.14,0.045,0.14,0.14,8.117,2.939,1.259,3.498,1.959,2.519,0.7,0.56,0.14,0.14,41.982,0.926,1,21.86,35.7,42.08,19.03,13.77,0.028,0.641,"CB",1
4711,"Rayo Vallecano","Pablo Hernández Domínguez","Center Attacking Midfield",0.225,1964.2,46.6,34.961,7.24,1.191,0.137,40.506,1.604,0.137,0.11,2.474,1.1,15.533,5.04,1.283,0.733,1.741,3.437,1.833,0.779,1.787,1.237,46.554,0.75,0.444,18.89,67.75,40.63,25.14,25.71,0.329,0.138,"AM_W",0.78
4724,"Stoke City","Glen Johnson","Right Back",0.965,2276,47.65,37.369,6.881,0.633,0.119,34.561,0.712,0,0.041,2.847,1.503,8.502,5.101,1.186,1.621,2.333,2.333,1.819,0.554,0.949,0.751,33.928,0.784,0.528,19.81,60.46,67.36,27.51,11.08,0.27,0.241,"FB",0.965
4741,"Espanyol","Juan Rafael Fuentes Hernández","Left Back",1,780.4,40.251,31.371,5.421,0.231,0,23.759,0.115,0,0.002,0.692,0.346,10.611,3.114,1.269,3.806,2.191,3.806,1.845,1.038,0.115,0.346,26.296,0.779,0.5,18.5,55.59,11.25,27.11,11.52,0.191,0.291,"FB",1
4746,"Sunderland","Younes Kaboul","Left Center Back",1,2124.1,29.321,19.703,9.406,0.212,0.042,18.22,0.466,0,0.032,0.593,0.508,12.118,3.347,1.652,8.093,2.415,4.957,1.822,0.72,0.297,0.254,19.448,0.672,0.857,26.36,38.89,27.23,24.29,15.22,0.073,0.596,"CB",1
4747,"Liverpool","Divock Okoth Origi","Center Forward",0.557,716.3,21.736,15.077,0.503,1.131,0.126,28.395,3.015,0.628,0.29,2.136,1.508,17.967,4.021,0,0.377,1.005,6.156,0.628,1.382,3.895,3.267,50.634,0.694,0.706,12.37,80.96,37.75,21.25,22.73,0.521,0.03,"FW",0.843
4751,"Manchester United","Michael Carrick","Right Center Midfield",0.25,2059,68.275,59.139,13.419,0.35,0,51.403,0.306,0,0.013,0.525,0.306,11.758,4.633,1.617,2.011,1.661,2.797,1.88,0.699,0.83,0.437,57.522,0.866,0.583,21.77,57.77,41.94,20.03,18.47,0.131,0.191,"DM_CM",0.981
4766,"Saint-Étienne","Neal Maupay","Center Forward",0.808,560.5,19.75,13.97,1.445,0.642,0.321,21.035,2.248,0.161,0.17,1.285,0.482,22.319,3.854,0.161,0.161,1.766,5.138,0.963,3.211,3.211,2.73,55.397,0.707,0.375,14.26,85.13,39.81,21.04,20.97,0.622,0.031,"FW",0.959
4788,"Atlético Madrid","Jesús Gámez Duarte","Right Back",0.639,760.8,46.606,31.82,11.119,0.473,0,27.443,0.237,0,0.007,1.065,0.473,13.84,1.774,2.366,3.312,2.839,3.43,2.366,0.828,0.237,1.419,30.045,0.683,0.444,21.56,60.08,50.67,29.44,29.25,0.302,0.295,"FB",0.97
4799,"Guingamp","Sloan Privat","Left Center Forward",0.68,1320.7,20.921,12.743,1.363,0.681,0.068,13.766,2.385,0.477,0.502,0.613,0.477,13.016,1.976,0.136,0.409,0.613,6.678,0.273,2.044,1.636,2.658,54.79,0.609,0.778,14.25,82.02,37.16,22.07,19.26,0.549,0.034,"FW",0.991
4802,"Saint-Étienne","Florentin Pogba","Left Center Back",0.965,1936.3,45.828,36.254,13.2,0.186,0.046,31.095,0.465,0,0.017,0.465,0.325,8.785,5.159,1.534,6.182,2.185,3.207,1.162,0.79,0.511,0.325,32.35,0.791,0.7,24.41,40.97,25.7,20.76,14,0.051,0.511,"CB",1
4807,"Norwich City","Cameron Jerome","Center Forward",0.9,1865.2,20.941,12.98,1.11,0.29,0.097,16.502,2.364,0.145,0.352,1.882,0.724,10.857,2.123,0.193,0.579,1.062,5.597,0.676,1.785,1.641,2.799,50.664,0.62,0.385,13.55,81.89,41.42,22,21.71,0.543,0.034,"FW",0.958
4808,"Norwich City","Andre Wisdom","Right Back",1,861.6,46.689,33.32,6.476,0.522,0,27.157,0.209,0,0.012,0.731,0.522,6.267,4.596,1.045,1.985,1.776,3.238,2.193,0.313,1.045,0.627,27.366,0.714,0.714,18.68,61.78,69.32,29.73,10.08,0.314,0.263,"FB",1
4817,"Crystal Palace","Joe Ledley","Left Center Midfield",0.36,1068.7,33.348,27.117,4.463,0.253,0,20.548,0.589,0.084,0.03,0.505,0.337,17.601,3.284,1.6,3.284,2.358,2.863,1.684,1.347,0.505,0.674,26.022,0.813,0.667,17.92,54.51,32.64,23.77,19.92,0.132,0.275,"DM_CM",0.821
4823,"Bordeaux","Milan Gajić","Right Back",0.874,608.6,42.735,30.314,6.506,0.739,0,25.434,0.296,0.148,0.022,0.591,0.148,13.161,1.774,0.739,2.366,2.662,2.662,1.035,0.591,1.035,1.331,30.166,0.709,0.25,19.47,64.41,69.06,28.39,9.19,0.294,0.196,"FB",0.937
4828,"Watford","Adlène Guédioura","Right Midfield",0.553,486.5,55.128,34.594,15.17,1.85,0.37,44.399,2.405,0,0.058,4.625,2.775,15.725,8.325,2.96,1.48,1.85,6.29,3.145,2.59,1.85,2.405,50.874,0.628,0.6,22.61,67.1,49.91,25.22,22.18,0.321,0.149,"AM_W",0.68
4831,"Tottenham Hotspur","Nacer Chadli","Left Wing",0.659,1043.3,33.47,27.173,2.847,1.639,0.173,33.298,2.243,0.259,0.224,2.933,1.121,14.837,3.709,0.604,1.035,1.984,3.709,1.035,1.466,1.208,2.157,47.445,0.812,0.382,15.88,75.18,33.51,25.4,23.74,0.477,0.097,"AM_W",0.907
4840,"Newcastle United","Massadio Haïdara","Left Back",1,577.6,49.704,38.642,5.921,0.467,0,33.656,0.467,0,0.007,1.402,0.935,12.309,4.674,1.714,2.96,1.714,2.649,2.026,1.714,1.714,0.779,35.681,0.777,0.667,17.99,56.9,10.69,28.52,9.32,0.227,0.301,"FB",1
4884,"Crystal Palace","Pape N''Diaye Souaré","Left Back",1,3159.8,47.993,34.037,10.14,0.741,0.028,31.416,0.313,0,0.013,1.282,0.826,7.861,4.5,1.709,3.788,1.68,2.079,0.911,0.911,0.741,0.883,32.727,0.709,0.644,21.44,58.41,11.17,29.5,10.01,0.256,0.297,"FB",1
4891,"Stoke City","Ibrahim Afellay","Center Attacking Midfield",0.465,2249.8,53.245,45.844,11.041,0.76,0.08,48.124,1.56,0.08,0.089,2.36,1.6,13.841,6.321,0.44,0.52,1.28,1.84,1.12,1,1.64,1.52,54.845,0.861,0.678,21.18,64.11,36.59,21.7,20.94,0.22,0.141,"AM_W",0.667
4895,"Lyon","Henri Bedimo Nsamè","Left Back",0.95,1284.8,61.085,49.947,7.846,0.42,0,45.534,0.42,0,0.005,1.751,0.981,9.107,5.044,0.771,0.981,1.191,2.031,1.751,0.841,1.191,0.981,49.036,0.818,0.56,18.74,62.89,10.49,25.43,8.37,0.25,0.179,"FB",1
4900,"Rennes","Paul-Georges Ntep de Madiba","Left Wing",0.378,941.5,39.764,25.426,6.596,1.625,0.287,38.044,2.007,0.191,0.281,6.213,2.676,13.382,4.397,0.096,0.478,0.669,2.485,1.434,0.765,2.772,2.676,54.007,0.639,0.431,18.15,76.79,21.27,22.86,18.3,0.44,0.056,"AM_W",0.69
4906,"Angers","Arnold Bouka Moutou","Left Back",0.512,1312.2,39.163,27.023,6.79,0.617,0,30.041,0.549,0.137,0.085,2.401,0.892,18.93,4.39,1.509,2.263,3.498,3.292,1.646,0.686,1.646,1.852,36.968,0.69,0.371,19.54,59.99,11.24,27.96,9.79,0.276,0.262,"FB",0.512
4909,"Rennes","Jeremie Boga","Left Wing",0.357,1070.4,27.241,22.197,1.345,1.009,0,33.883,1.766,0.252,0.206,4.877,3.027,12.864,3.447,0.168,0,1.009,2.018,0.42,0.504,2.102,2.27,48.681,0.815,0.621,13.32,73.5,31.67,22.54,23.53,0.414,0.088,"AM_W",0.671
4913,"Stoke City","Bojan Krkíc Pérez","Center Attacking Midfield",0.652,1748.7,39.011,31.342,5.455,1.338,0.051,42.047,1.904,0.36,0.249,4.529,2.264,14.668,4.941,0.618,0.206,1.132,1.338,0.566,0.515,1.853,2.573,52.392,0.803,0.5,18.41,72.05,34.05,22.46,22,0.386,0.092,"AM_W",0.706
4926,"Real Madrid","Francisco Román Alarcón Suárez","Left Center Midfield",0.433,1887,61.191,52.225,6.629,1.669,0.334,61.573,2.003,0.143,0.171,6.534,4.149,16.359,5.294,1.145,0.143,1.002,2.623,1.383,1.669,2.289,2.528,69.967,0.853,0.635,16.85,71.64,35.2,23.07,22.93,0.371,0.092,"DM_CM",0.551
49439,"Atalanta","Germán Gustavo Denis","Center Forward",0.938,1020.8,29.448,20.631,1.675,1.411,0.088,22.571,2.204,0.353,0.421,1.411,0.705,7.671,2.821,0,0.794,0.705,7.142,0.265,1.852,1.499,3.527,65.773,0.701,0.5,13.63,75.71,38.59,21.33,21.27,0.401,0.042,"FW",1
5108,"West Bromwich Albion","Glyn Oliver Myhill","Goalkeeper",1,2176.8,27.329,12.817,23.732,0,0,9.882,0,0,0,0,0,0,4.631,0,0,0.124,0,0,0,0,0,7.318,0.469,0,59.19,8.86,41.09,7.64,8.46,0,0.985,"GK",1
5110,"Bordeaux","Henri Saivet","Left Defensive Midfield",0.308,1633.6,55.863,44.184,10.192,0.716,0,44.514,1.598,0.11,0.063,1.543,0.826,22.808,8.099,0.937,1.322,2.038,4.903,3.361,1.212,1.212,0.826,47.214,0.791,0.536,20.4,57.83,36.02,20.32,19.49,0.123,0.17,"DM_CM",0.912
5186,"Valencia","Denis Cheryshev","Left Wing",0.832,488.1,38.537,25.999,4.61,0.553,0,38.537,2.397,0.553,0.2,3.135,1.659,20.283,4.241,2.213,0.184,3.135,5.347,3.503,2.213,1.844,3.688,49.047,0.675,0.529,16.8,69.13,17.96,24.09,17.48,0.317,0.145,"AM_W",0.992
5198,"Chelsea","Diego da Silva Costa","Center Forward",0.971,2477.6,29.715,23.321,1.78,0.727,0.182,32.294,2.543,0.436,0.429,3.778,1.707,12.133,2.615,0.182,0.799,1.271,5.921,1.053,1.816,3.451,3.96,60.628,0.785,0.452,13.69,82.33,35.98,21.48,20.9,0.549,0.032,"FW",1
5199,"Atlético Madrid","Jorge Resurrección Merodio","Left Midfield",0.282,3062.4,66.771,51.225,11.373,1.881,0.411,49.402,1.234,0.147,0.099,1.558,0.793,19.602,5.613,1.381,0.882,1.646,4.203,2.821,1.264,1.499,1.234,62.128,0.767,0.509,17.94,69.06,33.89,24.52,24.35,0.353,0.135,"AM_W",0.524
5200,"Real Madrid","Lucas Vázquez Iglesias","Right Wing",0.737,1293,49.004,39.329,5.429,1.601,0.418,49.213,1.671,0.278,0.171,2.784,1.879,20.326,4.664,1.462,0.487,1.392,4.733,3.759,1.392,2.715,2.645,55.199,0.803,0.675,16.43,72.68,59.38,27.31,18.89,0.438,0.14,"AM_W",0.875
5201,"Real Madrid","Sergio Ramos García","Left Center Back",0.993,2009.9,58.167,51.942,11.418,0.269,0.045,40.972,0.851,0.09,0.053,0.179,0.134,8.911,4.299,2.552,4.164,2.105,2.642,1.612,1.881,0.179,0.224,46.077,0.893,0.75,22.03,43.78,25.26,21.25,13.12,0.044,0.434,"CB",1
5202,"Real Madrid","José Ignacio Fernández Iglesias","Left Center Back",0.627,1204.6,43.184,38.701,5.454,0.149,0,30.632,0.374,0,0.021,0.374,0.299,8.218,2.839,1.943,3.736,2.241,2.615,1.569,1.345,0.299,0.299,32.276,0.896,0.8,18.88,45.36,25.18,24.4,16.98,0.094,0.45,"CB",0.681
5203,"Barcelona","Sergio Busquets i Burgos","Center Defensive Midfield",0.897,2975.7,72.769,65.995,11.554,0.393,0.151,55.379,0.181,0,0.007,0.907,0.635,17.603,4.597,1.149,2.026,1.936,4.507,3.115,1.21,0.665,0.393,60.732,0.907,0.7,19.27,57.73,39.9,19.81,16.91,0.132,0.192,"DM_CM",1
5204,"Udinese","Bruno Miguel Borges Fernandes","Left Center Midfield",0.634,2182.9,46.795,32.365,11.297,1.525,0.165,38.425,2.185,0.124,0.138,2.268,1.237,18.388,5.978,1.402,1.113,2.391,3.587,1.649,1.113,1.567,1.69,48.238,0.692,0.545,21.7,67.54,33.03,25.15,23.06,0.331,0.147,"DM_CM",0.72
5207,"Real Madrid","Cristiano Ronaldo dos Santos Aveiro","Left Wing",0.813,3282.7,31.42,24.072,1.837,0.932,0.274,30.762,6.251,0.96,0.876,2.605,1.481,4.688,2.111,0.219,0.384,0.548,1.59,0.302,0.658,1.289,1.618,52.859,0.766,0.568,14.02,83.8,31.29,20.54,20.2,0.584,0.025,"AM_W",0.813
5209,"Lorient","Raphaël Adelino José Guerreiro","Left Back",0.613,2607.5,55.122,44.802,7.525,0.621,0.069,42.213,1.45,0.104,0.088,2.623,1.76,14.152,5.212,2.105,1.553,1.829,2.347,1.657,0.552,1.415,1.691,48.806,0.813,0.671,18.04,59.72,15.9,26.29,15.27,0.239,0.247,"FB",0.613
5211,"Barcelona","Jordi Alba Ramos","Left Back",1,2664.7,78.762,67.717,6.518,0.54,0.203,56.335,0.236,0,0.031,0.54,0.236,10.267,4.863,1.385,2.601,2.162,2.33,1.554,0.743,0.372,0.709,63.259,0.86,0.438,16.53,61.72,12.46,27.37,9.75,0.278,0.226,"FB",1
5213,"Barcelona","Gerard Piqué Bernabéu","Right Center Back",1,2651.7,68.966,63.23,14.594,0.136,0.034,56.069,0.475,0.068,0.08,0.373,0.339,6.245,5.057,1.086,5.295,1.663,2.512,1.425,0.577,0.509,0.136,57.834,0.917,0.909,22.96,42.92,54.91,21.14,11.96,0.032,0.437,"CB",1
5216,"Barcelona","Andrés Iniesta Luján","Left Center Midfield",0.919,2307,73.225,64.019,12.835,1.209,0.078,67.14,0.897,0.039,0.072,3.121,2.107,14.708,5.189,0.468,0.507,1.17,2.458,1.795,0.936,0.858,0.936,72.874,0.874,0.675,19.98,68.41,26.65,20.07,15.84,0.303,0.09,"DM_CM",1
5217,"Celta Vigo","Iago Aspas Juncal","Center Forward",0.672,2726.3,32.22,24.561,3.532,1.353,0.165,29.48,2.707,0.462,0.434,2.179,1.122,14.591,3.466,0.627,0.264,1.089,4.16,0.759,1.42,1.519,2.245,51.136,0.762,0.515,16,79.76,44.98,22.05,18.56,0.51,0.046,"FW",0.72
5219,"Angers","Romain Saïss","Center Defensive Midfield",0.781,3207.1,47.398,37.688,9.513,0.365,0.028,31.571,0.73,0.056,0.065,0.786,0.533,18.325,5.36,1.319,3.76,1.964,3.676,2.273,1.515,0.449,0.477,35.752,0.795,0.679,21.88,48.25,38.39,21.55,18.93,0.078,0.37,"DM_CM",0.861
5246,"Barcelona","Luis Alberto Suárez Díaz","Center Forward",0.963,3242.6,27.006,19.623,2.442,1.249,0.416,28.31,3.858,1.11,0.767,3.719,1.388,9.298,3.053,0.25,0.527,0.694,1.693,0.722,1.193,1.416,2.359,51.847,0.727,0.373,15.37,86.47,41.79,21.5,19.59,0.65,0.028,"FW",0.973
5248,"Juventus","José Martín Cáceres Silva","Right Center Back",0.688,458.2,58.928,54.803,7.071,0.393,0,45.178,0.393,0,0.03,0.196,0.196,8.25,2.75,0.982,2.554,1.375,1.571,0.589,1.179,0.196,0.196,53.232,0.93,1,18.71,51.63,63,23.97,14.93,0.132,0.313,"CB",0.763
5249,"Atlético Madrid","Diego Roberto Godín Leal","Left Center Back",0.973,2770.5,37.423,29.627,8.479,0.065,0.032,23.227,0.845,0.032,0.099,0.455,0.292,7.829,3.508,2.436,5.035,1.397,4.126,2.274,1.234,0.162,0.39,25.274,0.792,0.643,22.38,42.74,26.42,23.13,14.5,0.066,0.499,"CB",1
5255,"Fiorentina","Matías Vecino Falero","Left Defensive Midfield",0.627,2499.2,70.725,62.011,8.751,0.9,0.036,57.437,1.729,0.072,0.069,1.368,0.972,21.498,4.789,1.152,1.476,2.881,4.357,2.593,2.089,0.72,1.044,65.36,0.877,0.711,18.22,60.25,37.51,19.85,18.85,0.152,0.151,"DM_CM",0.993
5259,"Atlético Madrid","José María Giménez de Vargas","Right Center Back",0.992,2513.7,31.579,23.594,10.705,0.215,0.036,18.725,0.501,0.036,0.064,0.394,0.286,9.022,2.972,1.54,5.12,1.647,3.33,2.148,1.002,0.394,0.251,20.551,0.747,0.727,26.88,37.88,53.23,21.76,13.69,0.04,0.591,"CB",1
5456,"Real Madrid","Mateo Kovačić","Left Center Midfield",0.412,1112.9,62.514,56.287,5.661,1.375,0.162,55.964,0.809,0,0.06,2.022,1.213,18.843,5.014,0.97,0.485,1.617,3.154,2.75,1.537,1.537,1.779,61.786,0.9,0.6,16.56,62.98,31.02,21.17,20.37,0.212,0.14,"DM_CM",0.786
5458,"Watford","Odion Jude Ighalo","Left Center Forward",0.406,3282,19.388,14.589,1.152,0.85,0.055,23.419,3.044,0.411,0.464,2.523,1.453,13.657,3.428,0.494,0.74,0.987,4.772,0.74,1.261,2.825,3.51,52.679,0.752,0.576,12.77,80.21,39.87,22.52,18.19,0.547,0.044,"FW",0.909
5461,"Sassuolo","Šime Vrsaljko","Right Back",0.995,3199.7,57.802,42.894,9.816,0.984,0.084,37.663,0.253,0,0.015,1.069,0.675,12.039,5.457,1.378,3.91,2.25,3.263,2.138,1.716,0.788,0.928,42.782,0.742,0.632,19.23,59.54,69.64,31.43,9.31,0.285,0.293,"FB",1
5463,"Real Madrid","Luka Modrić","Right Center Midfield",0.634,2685.8,76.067,67.89,13.337,1.977,0.134,64.506,1.173,0.067,0.061,2.178,1.575,14.074,6.199,2.111,0.168,1.005,2.48,1.642,1.106,1.039,0.972,70.069,0.893,0.723,19.63,62.05,48.88,20.85,18.43,0.202,0.144,"DM_CM",0.998
5465,"Hellas Verona","Ante Rebić","Left Wing",0.41,550.4,26.163,17.496,3.27,0.327,0,32.049,1.799,0,0.106,5.56,3.434,21.257,6.541,1.145,0.164,1.799,2.453,0.818,2.453,2.78,3.597,44.477,0.669,0.618,16.55,72.54,25.48,26.35,19.71,0.419,0.13,"AM_W",0.827
5469,"Inter Milan","Marcelo Brozović","Right Center Midfield",0.256,2505.2,66.139,52.128,14.478,1.724,0.144,53.96,2.012,0.144,0.124,2.766,1.437,26.98,6.107,0.754,0.898,2.227,3.413,2.12,1.653,1.545,1.401,64.595,0.788,0.519,20.96,65.91,41.74,24.34,23.72,0.301,0.158,"DM_CM",0.687
5470,"Barcelona","Ivan Rakitić","Right Center Midfield",0.878,2639,64.764,55.795,9.652,1.023,0.068,51.702,1.501,0.239,0.162,1.262,0.614,16.37,5.047,1.057,0.955,1.33,2.762,1.876,1.501,0.853,1.125,60.365,0.862,0.486,18.53,66.75,55.03,22.92,16.99,0.281,0.124,"DM_CM",1
5472,"Juventus","Mario Mandžukić","Left Center Forward",0.604,2104.6,24.033,16.891,1.839,0.984,0.171,16.207,1.711,0.428,0.343,0.812,0.47,19.927,1.839,0.47,0.898,1.368,4.191,1.454,2.395,0.984,1.582,46.141,0.703,0.579,14.8,78.42,40.48,23.76,21.61,0.474,0.063,"FW",1
5474,"Inter Milan","Ivan Perišić","Left Wing",0.331,2523.1,44.766,32.175,5.065,0.749,0.214,37.204,2.533,0.25,0.28,2.176,1.141,16.622,3.674,0.82,1.106,2.533,3.817,0.963,0.82,1.177,2.033,56.68,0.719,0.525,17.17,74.92,27.83,25.16,25.87,0.447,0.095,"AM_W",0.908
5475,"Chelsea","John Michael Nchekwube Obinna","Right Defensive Midfield",0.51,1886.8,58.479,53.184,7.632,0.191,0.048,45.553,0.334,0,0.044,0.859,0.715,18.793,5.867,1.669,2.051,2.146,4.341,2.623,1.956,0.429,0.477,49.321,0.909,0.833,18.34,54.45,42.18,19.58,18.37,0.091,0.209,"DM_CM",0.913
5476,"Lille","Benjamin Pavard","Left Center Back",0.319,702.3,37.679,28.708,6.792,0.513,0,25.247,0.513,0,0.034,0.641,0.256,12.175,4.229,2.691,2.435,1.538,3.46,2.051,1.794,0.384,0.384,27.426,0.762,0.4,20.57,51.26,32.76,25.26,24.56,0.135,0.349,"CB",0.439
5477,"Rennes","Ousmane Dembélé","Right Wing",0.297,2001.1,32.292,21.768,6.072,1.619,0.225,37.554,2.519,0.54,0.303,6.296,3.598,16.371,4.587,0.63,0.18,1.439,2.698,1.124,0.225,2.698,4.003,52.305,0.674,0.571,18.67,75.67,46.27,22.7,24.88,0.434,0.072,"AM_W",0.907
5480,"Lyon","Corentin Tolisso","Left Center Midfield",0.5,2698.6,65.835,55.996,9.872,1.001,0.167,53.962,2.068,0.167,0.156,0.867,0.434,21.078,6.97,1.134,1.634,1.668,4.669,2.435,1.467,1.034,1.534,61.866,0.851,0.5,19.37,61.32,37.18,21.07,19.72,0.185,0.144,"DM_CM",0.897
5484,"Atlético Madrid","Lucas Hernández Pi","Left Center Back",0.655,866.9,33.741,24.605,7.579,0.311,0,18.168,0,0,0,0.311,0.208,10.174,2.18,1.557,4.776,2.284,4.153,2.18,1.038,0.104,0.104,20.245,0.729,0.667,22.34,41.63,19.6,23.05,13.37,0.063,0.509,"CB",0.655
5485,"Real Madrid","Raphaël Varane","Right Center Back",0.655,2268,49.921,44.127,12.659,0.04,0,34.881,0.476,0,0.043,0.357,0.278,6.429,2.897,1.865,5.04,2.063,2.54,1.31,0.952,0.159,0.159,38.452,0.884,0.778,23.68,39.98,42.44,19.36,18.38,0.025,0.514,"CB",1
5487,"Atlético Madrid","Antoine Griezmann","Right Center Forward",0.296,3123.3,40.169,31.496,3.948,1.412,0.144,35.328,2.651,0.634,0.46,2.363,1.326,17.837,4.812,1.21,0.893,1.383,5.302,1.47,1.009,1.614,2.19,53.886,0.784,0.561,15.49,73.14,42.7,23.51,21.84,0.409,0.097,"FW",0.588
5489,"Crystal Palace","Mile Jedinak","Left Defensive Midfield",0.464,1645.2,45.294,33.041,8.37,0.492,0,22.1,0.766,0,0.049,0.328,0.274,21.553,5.197,2.243,4.431,1.915,6.291,3.009,2.352,0.492,0.492,30.305,0.729,0.833,20.57,55.29,37.91,24.1,20.03,0.15,0.261,"DM_CM",0.937
5492,"Lyon","Samuel Yves Umtiti","Left Center Back",0.996,2768.9,63.253,55.387,14.334,0.065,0,47.553,0.52,0.033,0.057,0.39,0.293,8.549,6.241,1.138,4.973,1.723,2.535,1.398,0.813,0.293,0.488,48.496,0.876,0.75,23.43,41.91,25.04,18.5,12.68,0.024,0.454,"CB",1
5497,"Napoli","Gonzalo Gerardo Higuaín","Center Forward",0.913,3066.8,27.674,21.159,3.962,1.379,0.059,28.085,5.341,1.056,0.734,1.908,1.145,11.797,2.465,0.235,0.44,1.056,1.614,0.44,1.027,2.084,2.553,61.686,0.765,0.6,17.05,83.49,40.93,19.97,15.93,0.585,0.021,"FW",1
5503,"Barcelona","Lionel Andrés Messi Cuccittini","Right Wing",0.919,2807.4,61.743,49.497,10.066,1.891,0.481,66.776,5.065,0.834,0.682,7.726,5.738,6.123,2.949,0.224,0,0.353,0.705,0.353,0.449,2.725,1.154,77.516,0.802,0.743,18.36,79.97,51.99,17.64,17.01,0.513,0.014,"AM_W",0.954
5504,"Sevilla","Éver Maximiliano David Banega","Center Attacking Midfield",0.868,1787.4,63.342,48.539,16.415,1.913,0.101,56.444,1.964,0.252,0.162,5.035,3.474,18.026,6.596,1.057,0.352,0.856,3.575,2.618,1.561,2.467,1.561,59.113,0.766,0.69,22.53,66.04,38.48,24.94,22.97,0.293,0.156,"AM_W",0.873
5506,"Barcelona","Javier Alejandro Mascherano","Left Center Back",0.66,2777.7,68.399,62.632,19.084,0.324,0,54.045,0.097,0,0.009,0.421,0.356,11.47,3.564,1.231,3.435,2.236,3.402,2.268,1.004,0.356,0.097,57.966,0.916,0.846,25.13,44.65,34.38,19.52,16.55,0.025,0.401,"CB",0.863
5510,"Lazio","Lucas Rodrigo Biglia","Center Defensive Midfield",0.711,2417.3,74.127,62.995,15.041,1.824,0.112,52.496,0.67,0.149,0.089,0.782,0.707,24.312,8.526,1.638,1.601,2.01,4.542,3.127,1.899,1.191,0.745,54.469,0.85,0.905,21.34,56.38,40.13,22.08,19.72,0.133,0.224,"DM_CM",1
5512,"Hellas Verona","Emil Hallfreðsson","Left Center Midfield",0.564,1255.3,47.892,34.915,8.818,1.506,0.072,39.074,1.004,0,0.035,2.366,1.649,27.746,6.883,0.43,1.219,2.294,4.158,2.438,2.223,1.362,0.932,42.443,0.729,0.697,19.64,63.92,26.74,23.31,18.12,0.276,0.162,"DM_CM",0.977
5512,"Udinese","Emil Hallfreðsson","Left Center Midfield",0.845,691.1,35.162,24.093,6.512,0.651,0,27.479,0.651,0,0.038,0.781,0.521,26.176,5.991,0.781,1.953,2.344,4.167,1.823,3.256,0.781,1.302,31.776,0.685,0.667,19.12,60.6,21.39,24.81,15.28,0.249,0.233,"DM_CM",0.99
5539,"Real Madrid","Carlos Henrique Casimiro","Center Defensive Midfield",0.856,1581.9,60.08,52.171,14.337,0.284,0.114,45.515,1.138,0.057,0.061,0.683,0.512,23.099,5.462,2.617,1.764,3.812,5.348,4.324,2.788,0.853,0.569,47.961,0.868,0.75,22.46,53.17,39.37,20.57,17.77,0.09,0.278,"DM_CM",0.989
5540,"Watford","Valon Behrami","Left Center Midfield",0.361,1369.1,34.117,27.017,3.024,0.263,0.066,24.454,0.066,0,0.001,0.592,0.197,28.529,5.456,1.578,1.183,2.564,6.311,4.207,2.629,0.986,0.263,25.768,0.792,0.333,15.74,55.49,34.23,21.23,22.16,0.125,0.224,"DM_CM",0.859
5541,"Juventus","Stephan Lichtsteiner","Right Wing Back",0.677,1879.9,51.082,38.587,7.085,0.814,0.048,36.432,0.766,0,0.059,1.053,0.431,10.389,3.543,0.431,1.915,2.537,2.489,1.197,1.197,0.574,1.101,43.518,0.755,0.409,18.36,65.17,69.72,28.14,10.47,0.342,0.197,"FB",1
5551,"Inter Milan","João Miranda de Souza Filho","Right Center Back",0.835,2970.8,46.533,38.414,13.542,0.061,0.091,34.597,0.303,0.03,0.031,0.454,0.364,10.846,5.241,1.363,5.241,1.969,2.848,1.575,1.424,0.364,0.273,34.566,0.826,0.8,24.81,39.77,50.63,20.56,15.37,0.032,0.53,"CB",1
5552,"Real Madrid","Marcelo Vieira da Silva Júnior","Left Back",0.999,2552.2,73.596,60.231,12.201,1.587,0.106,58.714,0.705,0.071,0.045,3.526,2.116,9.98,5.572,2.433,0.811,2.116,3.068,2.574,0.741,1.023,1.164,62.135,0.818,0.6,19.77,63.46,12.01,26.93,9.15,0.301,0.202,"FB",1
5554,"Genoa","Blerim Džemaili","Left Defensive Midfield",0.686,1872.4,40.136,31.869,7.835,1.202,0.096,34.753,1.778,0.144,0.085,1.346,0.769,22.015,5.047,1.106,1.394,2.403,3.845,2.644,1.73,1.25,1.442,40.184,0.794,0.571,21.02,62.8,31.38,23.05,18.28,0.247,0.162,"DM_CM",0.962
5558,"Hellas Verona","Rafael Márquez Álvarez","Right Center Back",0.889,783.2,49.412,38.84,15.283,0.345,0,31.83,0.575,0,0.044,0.23,0.115,9.308,4.137,0.804,4.252,1.609,2.643,1.149,0.46,0.46,0.46,36.197,0.786,0.5,25.54,42.99,52.5,20.96,14.44,0.039,0.462,"CB",1
5560,"Real Sociedad","Carlos Alberto Vela Garrido","Right Wing",0.598,2828.6,37.354,27.427,6.395,1.527,0.127,40.409,1.941,0.159,0.257,3.85,1.877,13.618,4.709,0.509,0.095,1.241,2.959,1.05,1.336,2.386,2.386,52.182,0.734,0.488,18.52,77.94,53.93,22.75,23.33,0.51,0.07,"AM_W",0.805
5566,"Juventus","Sami Khedira","Right Center Midfield",0.886,1570.2,46.772,39.435,5.388,0.459,0.172,38.576,1.261,0.287,0.214,1.146,0.745,15.877,3.955,0.459,1.146,1.433,1.949,0.974,0.802,0.974,1.204,50.039,0.843,0.65,17.31,65.8,56.96,23.15,15.7,0.27,0.127,"DM_CM",1
5574,"Real Madrid","Toni Kroos","Center Defensive Midfield",0.446,2817.3,81.524,74.433,19.327,1.469,0.288,62.229,0.639,0.032,0.027,0.894,0.607,21.467,5.015,1.693,0.288,1.278,2.588,2.076,1.246,0.447,0.511,70.088,0.913,0.679,21.95,58.45,35.17,20.03,17.28,0.136,0.171,"DM_CM",1
5577,"Málaga","Francisco Guillermo Ochoa Magaña","Goalkeeper",1,987.5,26.794,15.22,20.779,0,0,11.483,0,0,0,0,0,0.182,4.921,0,0,0.091,0,0,0,0,0,8.84,0.568,0,50.19,8.63,40.74,6.04,7.88,0,0.999,"GK",1
5581,"Arsenal","Joel Nathaniel Campbell Samuels","Right Wing",0.859,913.6,34.478,26.203,3.743,1.084,0.197,37.236,1.97,0.296,0.173,2.167,1.379,22.263,4.728,0.887,0.394,2.266,4.334,2.758,0.887,2.069,2.364,48.072,0.76,0.636,16.04,74.44,53.01,25.34,23.48,0.439,0.114,"AM_W",0.972
5582,"RC Deportivo La Coruña","Celso Borges Mora","Right Defensive Midfield",0.375,2002.7,43.681,35.367,5.842,0.854,0.09,28.806,0.899,0.135,0.122,0.809,0.674,13.796,3.91,1.798,1.303,1.528,4.809,1.708,1.168,0.494,0.584,39.457,0.81,0.833,18.05,63.72,38.4,21.14,20.64,0.197,0.124,"DM_CM",0.991
5584,"Palermo","Giancarlo González Castro","Center Back",0.516,3264.7,27.43,21.145,9.401,0.083,0,16.486,0.11,0.055,0.014,0.055,0.055,6.616,2.536,1.213,6.534,1.957,2.068,0.882,0.717,0.165,0.165,18.333,0.771,1,26.61,35.9,40.83,19.41,16.11,0.029,0.631,"CB",1
5587,"Inter Milan","Adem Ljajić","Left Midfield",0.276,1512.3,53.919,44.575,6.249,3.035,0.179,47.67,2.321,0.179,0.182,3.273,1.726,12.26,4.404,0.298,0.536,1.785,1.369,0.595,0.417,1.25,2.321,64.989,0.827,0.527,16.33,76.73,34.06,23.86,25.22,0.493,0.077,"AM_W",0.868
5588,"Villarreal","Antonio Rukavina","Left Back",0.496,1409.4,41.189,31.993,6.067,0.192,0,23.883,0.128,0,0.003,0.639,0.319,8.493,2.682,1.724,2.49,2.107,3.257,1.98,1.213,0.383,0.575,26.821,0.777,0.5,19.2,56.25,40.6,27.75,30.11,0.207,0.281,"FB",0.863
5589,"Lazio","Sergej Milinković-Savić","Right Center Midfield",0.499,1717.6,43.282,30.077,5.397,0.996,0,36.365,1.886,0.052,0.103,2.463,1.205,21.955,6.288,1.258,1.467,2.096,6.76,2.148,2.463,1.991,3.773,58.111,0.695,0.489,17.08,72.43,47.11,24.7,22.09,0.398,0.103,"DM_CM",0.639
5594,"Chelsea","Branislav Ivanović","Right Back",0.775,3067.4,46.036,37.439,7.717,0.352,0.059,28.079,0.822,0.059,0.066,0.528,0.264,11.384,3.55,1.291,3.844,2.113,3.726,2.201,1.144,0.411,0.352,33.361,0.813,0.5,20.39,57.05,59.36,28.6,20.37,0.231,0.302,"FB",0.775
5596,"Manchester City","Aleksandar Kolarov","Left Back",0.977,2391.7,66.757,50.387,12.155,1.317,0.113,46.06,1.543,0.113,0.071,1.618,0.79,8.73,5.757,0.941,3.274,1.994,2.446,1.242,0.903,1.016,0.452,49.409,0.755,0.488,20.65,65.65,10.57,28.77,10.18,0.339,0.205,"FB",0.977
5597,"Real Madrid","Keylor Navas Gamboa","Goalkeeper",1,3159,25.783,17.863,15.897,0.028,0,11.453,0,0,0,0,0,0.114,4.131,0,0.057,0,0,0,0.057,0,0.028,10.114,0.693,0,41.87,8.84,40.55,6.24,7.67,0,0.994,"GK",1
5598,"Espanyol","Óscar Esau Duarte Gaitán","Left Center Back",0.495,1242.1,33.909,25.287,9.129,0.072,0.072,18.694,0.652,0.072,0.11,0.145,0.145,9.637,3.985,2.101,5.941,1.739,3.116,1.159,1.666,0.29,0.217,19.998,0.746,1,24.05,45.64,36.17,22.59,17.33,0.059,0.392,"CB",0.596
5605,"Palermo","Oscar Hiljemark","Right Center Midfield",0.562,2996.8,39.372,29.071,6.337,1.081,0.15,26.609,0.781,0.12,0.08,1.021,0.571,21.053,4.595,0.511,0.901,1.682,2.733,1.231,0.901,0.961,1.141,39.523,0.738,0.559,18.41,66.99,48.33,24.58,21.35,0.306,0.142,"DM_CM",0.934
5617,"Sunderland","Sebastian Larsson","Right Center Midfield",0.457,603.8,40.094,27.872,8.943,0.894,0,24.593,0.894,0,0.06,0.745,0.298,25.487,4.322,0.596,1.64,3.13,3.875,2.534,1.341,0.745,0.596,31.747,0.695,0.4,20.33,60.57,52.49,25.5,19.65,0.231,0.216,"DM_CM",0.785
5630,"Napoli","Dries Mertens","Left Wing",0.733,1208.9,43.032,31.418,6.328,1.936,0.372,45.936,4.095,0.372,0.253,4.914,1.936,17.794,2.904,0.744,0.074,1.936,2.457,1.266,2.606,1.563,1.936,64.027,0.73,0.394,17.65,77.74,24.83,22.08,19.78,0.506,0.061,"AM_W",0.933
5633,"Atlético Madrid","Yannick Ferreira Carrasco","Left Midfield",0.509,1546.1,47.268,35.917,4.773,1.106,0.058,50.993,3.143,0.233,0.245,6.753,3.9,16.881,7.8,1.455,0.582,2.736,3.726,1.222,2.096,2.678,3.609,61.355,0.76,0.578,15.2,77.53,24.22,25,21.94,0.525,0.094,"AM_W",0.892
5653,"OGC Nice","Mouez Hassen","Goalkeeper",1,1189.7,25.494,14.373,16.038,0,0,9.759,0,0,0,0,0,0.227,4.161,0,0,0.076,0,0,0.076,0,0,6.279,0.564,0,45.77,9.41,40.01,5.88,7.82,0,0.996,"GK",1
5656,"Caen","Syam Ben Youssef","Left Center Back",1,466.9,30.84,24.864,10.408,0.578,0,16.962,0.193,0.193,0.037,0.193,0.193,9.637,3.855,2.313,5.204,1.735,4.433,3.469,2.12,0.578,0.385,18.311,0.806,1,26.8,38.01,23.22,18.58,13.24,0.022,0.58,"CB",1
5656,"Stade Malherbe Caen","Syam Ben Youssef","Left Center Back",0.644,1099.8,28.479,19.559,9.738,0,0.082,16.203,0.409,0.164,0.14,0.327,0.164,11.621,3.928,1.391,7.774,2.046,4.665,2.701,1.064,0.327,0.409,16.531,0.687,0.5,27.08,37.07,35.5,22.95,20.39,0.052,0.609,"CB",1
5660,"Empoli","Piotr Zieliński","Right Center Midfield",0.95,3140.7,50.234,40.319,5.903,1.375,0.115,40.233,1.834,0.143,0.134,3.496,2.121,19.171,5.387,0.917,1.375,2.092,3.553,2.035,1.404,1.605,1.605,51.094,0.803,0.607,16.74,64.93,54.2,24.06,18.56,0.269,0.159,"DM_CM",0.994
5661,"AC Milan","M''Baye Babacar Niang","Right Center Forward",0.48,1162.4,29.19,19.744,4.646,0.774,0.155,37.784,2.942,0.387,0.377,5.342,2.245,18.66,5.188,0.465,0.31,1.936,6.426,1.471,4.026,2.633,5.575,59.154,0.676,0.42,17.62,77.45,37.53,23.16,24.61,0.486,0.072,"FW",0.77
5662,"Palermo","Thiago Rangel Cionek","Right Center Back",1,470.5,27.543,22.379,6.886,0,0,18.745,0.191,0,0.011,0.383,0.383,17.023,4.017,1.721,2.869,1.53,3.252,1.721,1.53,0.574,0,14.537,0.813,1,22.57,39.84,58.81,19.56,12.38,0.036,0.542,"CB",1
5663,"Fiorentina","Jakub Błaszczykowski","Right Wing Back",0.553,807.2,51.733,40.361,5.017,1.115,0.111,45.824,0.892,0.223,0.104,1.338,0.446,15.944,4.014,1.115,0.446,2.676,2.564,1.895,0.669,0.892,2.118,56.416,0.78,0.333,15.91,70.45,54.46,24.89,26.52,0.386,0.116,"FB",0.692
5667,"Rennes","Kamil Grosicki","Right Wing",0.502,1624.2,36.129,23.051,5.929,1.274,0.166,33.303,2.881,0.499,0.244,2.715,1.33,12.634,3.546,0.332,0.776,1.108,2.327,0.887,0.997,2.494,2.549,49.982,0.638,0.49,17.95,77.29,44.24,25.23,27.37,0.488,0.09,"AM_W",0.964
5669,"AS Roma","Wojciech Szczęsny","Goalkeeper",1,3199.5,34.937,25.092,19.691,0.028,0,16.259,0,0,0,0.056,0.056,0,4.613,0.028,0.028,0,0,0,0,0,0.028,15.359,0.718,1,38.92,9.97,40.37,7.59,9.45,0,0.996,"GK",1
5671,"Real Betis","Alfred John Momar N''Diaye","Left Defensive Midfield",0.433,3113.8,34.395,27.313,5.781,0.087,0,26.186,0.751,0.058,0.086,1.301,0.751,19.076,5,1.821,1.937,2.688,6.012,2.659,1.792,1.069,0.78,30.059,0.794,0.578,19.54,54.39,39.86,23.46,19.98,0.126,0.265,"DM_CM",0.939
5675,"Napoli","Kalidou Koulibaly","Left Center Back",1,3002.2,71.407,61.994,11.272,0.27,0,52.101,0.15,0,0.022,0.48,0.36,11.302,5.216,1.379,4.856,1.919,5.066,2.938,2.158,0.36,0.15,56.448,0.868,0.75,20.1,43.38,26.16,18.33,13.09,0.022,0.399,"CB",1
5676,"Angers","Cheikh N'Doye","Right Center Midfield",0.891,2989.5,34.2,22.85,4.094,0.723,0.06,23.422,2.137,0.271,0.208,0.843,0.361,20.682,4.727,0.723,2.74,1.565,5.208,1.867,2.559,1.776,1.475,43.622,0.668,0.429,17.82,63.07,50.52,23.78,15.79,0.217,0.16,"DM_CM",0.986
5678,"Levante UD","Jefferson Andrés Lerma Solís","Right Center Midfield",0.269,2770.8,39.335,29.104,7.049,0.78,0.065,28.356,1.202,0.032,0.07,1.104,0.552,15.396,5.457,1.722,1.916,1.364,3.638,1.819,1.786,1.007,1.202,33.066,0.74,0.5,20.19,60.84,49.56,25.29,21.24,0.222,0.217,"DM_CM",0.705
5683,"AC Milan","Keisuke Honda","Right Midfield",0.662,1999,44.168,33.812,5.313,1.666,0.135,41.376,2.161,0.045,0.144,2.476,1.441,21.026,4.772,0.81,0.991,1.846,3.692,1.711,1.351,2.296,1.936,51.146,0.766,0.582,16.66,72.27,57.29,25.11,19.99,0.41,0.113,"AM_W",0.99
5685,"Aston Villa","Carlos Alberto Sánchez Moreno","Center Defensive Midfield",0.632,1437.1,49.787,40.456,11.273,0.188,0,37.262,0.814,0,0.03,1.879,1.378,17.973,7.327,1.065,3.069,2.255,5.073,3.319,1.754,0.438,0.689,37.387,0.813,0.733,21.33,51.49,39.47,20.08,18.49,0.081,0.264,"DM_CM",1
5687,"Eibar","Takashi Inui","Left Wing",0.506,1675.2,30.354,20.791,4.835,1.074,0.161,30.032,1.934,0.161,0.146,2.418,1.504,17.729,3.438,1.074,0.107,0.967,3.6,1.665,1.289,2.256,2.095,40.562,0.685,0.622,17.96,77.82,22.7,24.52,22.03,0.5,0.075,"AM_W",0.992
5688,"AC Milan","Carlos Arturo Bacca Ahumada","Left Center Forward",0.455,3266.3,18.709,13.198,1.708,1.13,0.055,20.362,2.232,0.496,0.425,1.46,0.799,12.978,3.031,0.165,0.689,1.102,3.114,0.358,0.909,1.763,3.362,46.263,0.705,0.547,14.96,84.06,37.83,21.13,19.15,0.6,0.029,"FW",1
5689,"Juventus","Juan Guillermo Cuadrado Bello","Right Wing Back",0.615,1807.4,53.382,44.07,6.523,1.942,0.199,52.087,1.793,0.199,0.129,4.93,3.187,15.487,5.129,0.996,0.548,2.44,2.938,2.042,1.793,1.593,1.793,60.702,0.826,0.646,17.98,72.32,65.19,25.81,15.17,0.443,0.135,"FB",0.617
5690,"Inter Milan","Yuto Nagatomo","Right Back",0.484,1799.2,52.224,41.169,6.653,0.6,0,36.667,0.35,0,0.011,1,0.4,18.558,3.752,0.95,2.151,2.251,4.052,2.601,1.1,0.65,0.95,40.518,0.788,0.4,17.24,60.98,40.17,29.01,31.47,0.284,0.267,"FB",1
5692,"Rennes","Juan Fernando Quintero Paniagua","Center Attacking Midfield",0.52,833.3,66.205,52.705,13.932,1.296,0.216,55.189,1.728,0.108,0.078,4.32,2.16,7.776,4.86,0.432,0.216,0.756,0.972,0.324,0,1.836,1.836,69.445,0.796,0.5,20.26,66.89,50.13,21.42,19.56,0.28,0.105,"AM_W",0.564
5695,"Real Madrid","James David Rodríguez Rubio","Left Center Midfield",0.404,1559.6,70.058,57.016,12.696,3.059,0.462,63.018,2.251,0.404,0.128,2.828,1.5,17.716,4.963,1.327,0.346,1.443,3.059,1.904,0.923,1.5,1.904,73.059,0.814,0.531,19.34,72.12,40.26,23.75,23.55,0.397,0.092,"DM_CM",0.517
5717,"Genoa","Diego Sebastián Laxalt Suárez","Left Wing Back",0.747,3201.7,43.093,31.821,4.723,0.731,0.112,35.475,0.956,0.084,0.075,2.108,0.871,20.38,6.156,0.815,1.546,2.727,4.301,2.277,1.265,1.49,2.136,42.897,0.738,0.413,17.46,65.16,16.27,29.38,18.89,0.34,0.218,"FB",0.82
5718,"Valencia","Rodrigo Moreno Machado","Right Wing",0.342,1438.3,32.727,22.965,4.005,1.126,0.188,31.225,2.378,0.125,0.274,2.878,1.252,15.519,3.755,1.252,0.375,1.439,3.504,0.813,1.064,1.314,2.628,47.62,0.702,0.435,16.84,77.23,47.85,25.04,23.94,0.487,0.084,"AM_W",0.832
5719,"Espanyol","Marco Asensio Willemsen","Center Attacking Midfield",0.398,2910.6,40.662,29.221,8.071,1.763,0.278,38.374,1.824,0.124,0.186,3.463,1.886,17.532,5.999,0.68,0.216,1.701,3.092,1.732,1.484,2.072,2.072,44.929,0.719,0.545,19.56,71.37,40.41,24.29,24.83,0.376,0.111,"AM_W",0.899
5721,"Real Madrid","Daniel Carvajal Ramos","Right Back",0.954,1678.4,65.847,57.107,7.024,1.501,0.214,49.224,0.429,0,0.022,2.306,1.126,15.068,4.236,2.252,1.823,2.681,2.949,1.77,1.877,0.59,1.126,53.461,0.867,0.488,17.74,62.8,65.53,28.14,15.27,0.307,0.23,"FB",1
5724,"RC Deportivo La Coruña","Fayçal Fajr","Right Wing",0.262,2945.8,50.045,37.579,11.885,1.589,0.092,40.299,1.375,0.153,0.07,1.497,0.733,16.223,4.613,1.375,0.611,1.589,3.33,1.741,1.039,0.855,1.375,48.823,0.751,0.49,21.05,71.28,36.41,23.42,24.8,0.371,0.106,"AM_W",0.899
5726,"Gazélec Ajaccio","Khalid Boutaïb","Right Center Forward",0.531,1911,32.026,22.324,2.402,1.225,0.047,24.538,2.449,0.235,0.259,1.13,0.565,26.845,3.956,0.659,0.895,1.884,9.466,2.214,2.308,2.072,3.768,63.911,0.697,0.5,14.61,77.98,43.88,22.05,22.26,0.487,0.051,"FW",0.773
5727,"AS Monaco","Nabil Dirar","Right Wing",0.829,1632.4,41.406,27.567,7.609,1.103,0.441,37.767,1.158,0.11,0.127,2.426,1.158,19.297,6.175,0.992,0.662,1.709,4.686,2.095,2.04,2.15,2.757,51,0.666,0.477,18.95,72.13,60.49,26.37,18.67,0.4,0.123,"AM_W",0.978
5737,"Sevilla","Steven N''Kemboanza Mike Christopher Nzonzi","Right Defensive Midfield",0.46,1939,44.976,35.275,7.426,0.418,0.046,30.912,0.882,0.139,0.09,0.789,0.511,15.735,3.713,1.021,2.367,2.135,3.528,1.903,1.717,0.65,0.557,37.503,0.784,0.647,20.2,54.61,39.54,25.19,20.92,0.164,0.29,"DM_CM",0.977
5741,"Valencia","Enzo Nicolás Pérez","Center Defensive Midfield",0.411,1280.5,48.638,42.664,8.856,0.422,0,40.555,0.422,0,0.011,2.038,1.125,19.469,5.061,1.687,2.109,2.249,4.217,2.952,2.53,1.195,1.054,41.188,0.877,0.552,20.45,54.86,39.3,21.11,19.78,0.12,0.231,"DM_CM",0.937
5743,"Juventus","Paulo Bruno Exequiel Dybala","Right Center Forward",0.727,2512.7,44.057,33.204,10.352,2.257,0.322,41.979,3.797,0.681,0.53,4.549,2.221,17.945,5.337,0.322,0.107,1.469,2.042,0.788,0.824,2.579,3.224,58.133,0.754,0.488,20.42,77.14,45.8,22.94,21.5,0.466,0.058,"FW",0.955
5836,"Everton","Bryan Oviedo","Left Back",0.599,1042.6,49.29,37.723,8.028,0.95,0.086,34.184,0.432,0,0.025,1.122,0.518,13.812,4.057,2.676,2.503,2.417,4.748,3.28,1.467,0.863,0.777,35.479,0.765,0.462,19.1,55.5,30.97,29.95,28.45,0.237,0.32,"FB",0.955
6038,"Celta Vigo","John Guidetti","Center Forward",0.929,1328.9,21.401,15.509,0.948,1.084,0,19.776,2.235,0.474,0.418,1.829,1.084,17.812,3.183,0.406,0.203,1.151,5.757,0.745,2.167,1.49,2.641,42.938,0.725,0.593,12.31,81.92,40.69,21.5,19.51,0.545,0.03,"FW",0.949
6284,"Nantes","Kolbeinn Sigþórsson","Center Forward",0.663,1764.3,28.771,20.405,1.275,0.561,0,18.415,1.734,0.153,0.204,1.53,1.02,16.528,2.908,0.255,1.887,1.428,7.55,0.969,2.091,1.53,2.959,56.98,0.709,0.667,13.55,76.19,40.89,22.01,21.44,0.445,0.051,"FW",0.99
6300,"Sunderland","Sebastián Coates Nión","Right Center Back",1,1291.6,29.056,20.346,10.313,0.07,0.07,17.489,0.488,0,0.056,0.557,0.418,12.473,3.832,1.742,5.505,1.881,5.156,3.554,1.394,0.209,0.279,17.35,0.7,0.75,27.55,38.61,53.48,21.75,13.46,0.053,0.598,"CB",1
6305,"Fiorentina","Milan Badelj","Right Defensive Midfield",0.647,2222.5,73.498,63.456,10.934,1.296,0.04,57.341,1.093,0.04,0.039,1.417,0.931,17.615,5.831,1.944,1.66,1.741,3.199,2.511,1.822,0.769,0.688,63.699,0.863,0.657,19.54,60.26,41.52,18.53,17.55,0.142,0.141,"DM_CM",1
6320,"Atlético Madrid","Filipe Luís Kasmirski","Left Back",0.999,2984.5,66.764,52.862,7.78,0.754,0.121,49.063,0.241,0.03,0.01,3.89,2.231,15.108,5.006,2.654,1.659,1.96,5.006,3.709,1.116,0.995,1.055,47.977,0.792,0.574,17.28,63.51,11.05,27.88,10.27,0.317,0.235,"FB",1
6332,"Barcelona","Thomas Vermaelen","Left Center Back",0.977,522.2,59.808,54.81,13.444,0,0,43.779,0.517,0.172,0.071,0,0,5.343,3.275,0.862,7.929,1.379,2.758,0.862,0.689,0,0,48.95,0.916,0,23.02,38.84,23.76,19.1,11.76,0.017,0.553,"CB",0.991
6334,"Sampdoria","Luis Fernando Muriel Fruto","Center Forward",0.444,1763.2,26.134,18.529,2.654,1.072,0.255,30.779,2.858,0.306,0.282,4.798,2.297,16.028,4.39,0.306,0.051,0.459,4.441,0.868,1.531,2.807,4.288,58.802,0.709,0.479,15.7,79.74,42.61,20.42,20.51,0.528,0.037,"FW",0.829
6335,"Lorient","Lamine Gassama","Right Back",0.998,2814.8,50.615,39.52,8.473,0.48,0.032,37.538,0,0,0,1.407,0.831,11.383,6.107,1.695,2.558,1.503,2.91,2.142,1.151,1.119,1.279,36.77,0.781,0.591,19.63,51.46,67.98,26.23,10.33,0.156,0.371,"FB",0.998
6352,"OGC Nice","Ricardo Domingos Barbosa Pereira","Left Back",0.642,2375.3,63.921,51.796,6.858,0.417,0.152,48.045,0.152,0,0.009,2.728,1.44,18.869,4.282,2.008,2.804,3.486,5.949,3.941,1.023,1.326,1.061,50.962,0.81,0.528,17.59,57.13,29.94,27.01,29.38,0.212,0.277,"FB",0.987
6356,"Sevilla","Michael Krohn-Dehli","Left Wing",0.535,1740.3,45.922,36.976,8.688,1.603,0.155,37.234,1.293,0.052,0.165,1.862,0.879,13.808,3.879,1.034,0.465,1.396,2.689,1.293,1.551,1.189,1.189,45.922,0.805,0.472,20.42,68.5,34.65,25.45,22.96,0.34,0.14,"AM_W",0.865
6357,"Villarreal","Jonathan dos Santos Ramírez","Right Midfield",0.571,1812.5,48.115,37.489,7.895,1.142,0.05,38.929,0.844,0,0.048,2.135,1.241,22.195,5.71,1.738,1.043,2.284,4.816,2.781,1.887,1.39,1.44,43.894,0.779,0.581,19.29,64.78,55.31,25.11,19,0.274,0.166,"AM_W",0.58
6360,"AC Milan","Cristian Eduardo Zapata Valencia","Right Center Back",0.766,1395.3,42.443,34.768,9.16,0.194,0,27.414,0.194,0.065,0.008,0.387,0.258,14.32,4.773,0.903,4.902,2.58,2.709,1.355,1.355,0.581,0.258,27.866,0.819,0.667,23.27,40.85,49.02,19.53,17.43,0.023,0.48,"CB",0.969
6375,"Atlético Madrid","Juan Francisco Torres Belén","Right Back",0.996,3139.6,49.391,37.351,5.762,0.717,0.029,32.736,0.201,0.029,0.015,1.72,1.032,9.03,5.188,1.978,1.663,2.093,2.379,1.806,1.29,0.803,0.745,33.711,0.756,0.6,17.01,65.79,70.78,30.16,8.88,0.38,0.234,"FB",0.997
6376,"Atlético Madrid","Stefan Savić","Right Center Back",0.896,969.6,36.478,28.402,12.066,0,0,20.513,0.186,0,0.04,0.093,0.093,7.24,2.599,1.856,4.827,0.928,3.713,1.578,0.557,0,0.186,23.205,0.779,1,25.78,37.77,50.4,20.18,16.39,0.028,0.565,"CB",1
6377,"Atlético Madrid","Ángel Martín Correa","Right Midfield",0.261,1013.2,31.444,20.963,4.175,1.244,0.266,42.37,2.665,0.444,0.31,5.774,2.842,25.582,6.573,0.977,0.266,2.576,5.063,2.398,2.576,4.797,3.731,50.009,0.667,0.492,16.59,77.34,40.71,24.6,21.16,0.492,0.085,"AM_W",0.535
6378,"Atlético Madrid","Jan Oblak","Goalkeeper",1,3544.3,20.771,10.741,16.15,0.025,0,7.364,0,0,0,0.025,0.025,0,3.428,0,0.051,0.025,0,0,0,0,0,6.221,0.517,1,52.09,8.73,40.61,6.36,7.51,0,0.994,"GK",1
6379,"Barcelona","Sergi Roberto Carnicer","Right Back",0.358,1974.7,62.532,54.51,4.467,0.547,0.228,48.13,0.729,0,0.045,2.051,1.413,15.405,4.33,1.048,0.957,1.231,3.282,2.233,0.912,0.775,0.866,55.285,0.872,0.689,16.44,66.93,50.96,24.63,23.9,0.317,0.15,"FB",0.553
6381,"Atlético Madrid","Saúl Ñíguez Esclapez","Right Midfield",0.3,2417.7,42.585,32.683,4.057,0.67,0.074,31.864,1.75,0.149,0.107,2.271,1.005,23.414,5.546,1.787,2.457,2.978,7.184,3.648,2.047,1.526,2.196,42.697,0.767,0.443,16.11,64.63,35.37,25.16,22.06,0.284,0.173,"AM_W",0.503
6382,"Atlético Madrid","Fernando José Torres Sanz","Left Center Forward",0.384,1757.2,19.924,13.06,0.717,0.717,0.102,23.304,2.919,0.563,0.401,3.688,1.639,14.955,3.432,0.205,0.819,1.383,5.583,0.922,1.639,2.202,3.995,47.171,0.656,0.444,12.45,79.31,38.88,23.7,21.53,0.515,0.067,"FW",0.999
6383,"Atlético Madrid","Thomas Teye Partey","Right Midfield",0.441,474,41.014,31.52,4.747,1.139,0.19,35.697,1.899,0.38,0.378,3.038,2.279,20.697,5.507,0.57,0.76,2.089,6.076,4.177,2.279,1.139,1.709,42.533,0.769,0.75,15.68,68.82,51.69,24.11,20.35,0.374,0.123,"AM_W",0.552
6384,"Atlético Madrid","Gabriel Fernández Arenas","Right Defensive Midfield",0.648,3008.9,66.522,53.541,13.46,0.628,0.06,50.101,0.508,0.03,0.015,1.346,0.838,21.685,6.88,1.735,1.346,2.423,5.205,3.2,2.273,0.658,0.568,51.895,0.805,0.622,20.18,58.44,49.95,21.39,20.17,0.163,0.201,"DM_CM",0.999
6386,"Athletic Club","Eneko Bóveda Altube","Right Back",0.55,1530.6,56.214,42.631,12.231,0.588,0,36.692,0.294,0,0.02,1.058,0.706,14.877,4.586,2.764,4.116,2.117,4.292,2.352,1.294,0.412,0.647,37.692,0.758,0.667,21.52,54.11,64.35,24.32,12.61,0.147,0.289,"FB",0.555
6388,"Athletic Club","Ander Iturraspe Derteano","Right Defensive Midfield",0.661,736.9,50.932,40.672,10.138,0.366,0.122,34.565,0.489,0,0.013,0.611,0.244,21.496,5.496,2.076,2.076,2.809,4.886,2.687,2.687,1.099,1.221,39.695,0.799,0.4,20.1,58.07,45.84,21.75,20.4,0.166,0.187,"DM_CM",0.965
6389,"Athletic Club","Mikel San José Domínguez","Right Defensive Midfield",0.76,2853.7,48.599,38.476,8.484,0.347,0.095,32.641,0.82,0.063,0.069,0.883,0.473,18.796,4.951,2.176,1.829,2.018,4.447,2.239,1.924,0.662,0.473,36.394,0.792,0.536,20.2,54.84,43.47,20.17,18,0.101,0.212,"DM_CM",0.908
6390,"Athletic Club","Markel Susaeta Laskurain","Right Wing",0.642,1964,35.514,24.745,5.087,1.741,0.367,33.819,1.146,0.137,0.103,3.987,1.604,21.813,5.453,1.146,0.367,2.016,4.033,2.291,1.191,2.016,2.062,44.771,0.697,0.402,17.2,74.36,46.58,24.58,25.05,0.439,0.106,"AM_W",0.998
6391,"Athletic Club","Raúl García Escudero","Center Attacking Midfield",0.922,2439.5,35.638,22.099,4.501,0.627,0.221,29.625,2.878,0.258,0.197,1.586,0.775,23.501,4.28,1.365,1.07,2.214,6.825,2.73,2.951,1.955,2.509,48.551,0.62,0.488,17.34,71.83,46.66,22.71,21.2,0.355,0.095,"AM_W",0.948
6392,"Athletic Club","Íñigo Lekue Martínez","Left Back",0.418,1205.8,44.337,32.917,6.419,0.821,0,35.604,0.821,0.075,0.043,3.434,1.344,15.749,4.926,1.866,0.97,2.463,5.076,3.21,0.97,1.493,1.045,37.022,0.742,0.391,17.91,65.6,27.42,29.36,27.83,0.343,0.204,"FB",0.6
6393,"Athletic Club","Iñaki Williams Arthuer","Right Wing",0.789,1651.8,26.425,16.345,2.888,0.545,0.163,30.675,2.452,0.436,0.19,3.106,1.744,15.637,4.958,0.872,0.163,1.961,3.269,1.308,1.199,2.397,3.705,44.678,0.619,0.561,16.27,78.74,54.99,25.08,19.16,0.536,0.085,"AM_W",0.923
6394,"Athletic Club","Aritz Aduriz Zubeldia","Center Forward",0.977,2873.3,23.774,14.91,1.378,0.814,0.188,20.673,3.007,0.626,0.586,2.005,0.783,9.804,2.913,0.219,0.72,1.096,5.325,0.72,1.973,2.318,3.195,52.309,0.627,0.391,14.75,81.56,41.65,20.2,18.08,0.523,0.024,"FW",0.997
6396,"Athletic Club","Beñat Etxebarria Urkiaga","Left Defensive Midfield",0.772,2983.4,65.07,49.112,18.915,1.78,0.121,45.07,0.905,0.03,0.036,1.418,0.815,19.337,6.818,1.75,0.362,1.72,3.258,2.353,1.569,1.177,0.664,48.237,0.755,0.574,23.63,63.18,36.85,21.29,19.43,0.195,0.122,"DM_CM",0.996
6399,"Real Madrid","Gareth Frank Bale","Right Wing",0.601,1776.6,40.071,29.888,5.572,1.976,0.507,37.791,4.103,0.963,0.455,3.495,1.773,10.03,3.293,1.216,0.253,0.912,1.976,0.456,0.709,1.165,2.229,53.647,0.746,0.507,17.97,79.15,47.24,22.91,22.61,0.51,0.054,"AM_W",0.865
6400,"Barcelona","Aleix Vidal Parreu","Right Back",1,559.7,72.525,62.073,7.719,0.482,0.161,57.409,0.161,0,0.004,0.965,0.322,11.739,4.02,1.286,1.769,1.608,1.447,1.126,1.286,0.643,0.804,62.073,0.856,0.333,17.63,65.88,69.9,27.67,9.41,0.354,0.194,"FB",1
6401,"Sevilla","Kevin Gameiro","Center Forward",0.836,2161.8,18.276,13.156,1.041,0.874,0.125,19.525,3.039,0.666,0.678,2.04,0.874,13.655,3.164,0.541,0.458,0.791,3.997,0.666,0.624,1.957,2.415,40.257,0.72,0.429,13.85,84.49,41.6,24.03,21.09,0.617,0.056,"FW",0.977
6402,"Valencia","Francisco Alcácer García","Center Forward",0.826,2512,17.197,12.504,1.541,0.86,0.179,15.908,2.257,0.466,0.47,0.967,0.394,13.937,1.72,0.502,0.645,0.896,3.69,0.609,0.717,1.254,2.114,38.3,0.727,0.407,15.19,79.34,39.65,22.28,18.77,0.5,0.045,"FW",0.995
6409,"AFC Bournemouth","Adam Smith","Right Back",0.866,2230.6,51.404,42.164,5.81,0.565,0,38.17,0.605,0.081,0.021,2.26,1.412,21.707,4.358,1.089,1.977,2.017,4.519,2.703,1.533,1.493,1.533,40.833,0.82,0.625,17.11,61.55,65.98,27.44,16.95,0.289,0.242,"FB",0.928
6557,"Eibar","Adrián González Morales","Center Attacking Midfield",0.413,2288.1,40.514,28.792,6.726,0.669,0,26.983,1.849,0.197,0.19,1.141,0.472,14.986,4.956,1.062,0.944,1.967,4.248,1.337,1.849,1.141,1.141,36.777,0.711,0.414,18.9,66.11,26.25,23.15,16.23,0.267,0.123,"AM_W",0.55
6559,"Málaga","Juan Carlos Pérez López","Left Midfield",0.431,1298.2,37.088,26.62,4.575,0.971,0.139,28.977,1.04,0.069,0.094,1.733,0.971,10.815,3.674,1.594,1.386,2.565,4.229,1.733,1.525,1.179,1.664,39.099,0.718,0.56,17.85,67.22,14.75,29.11,13.56,0.356,0.194,"AM_W",0.753
6560,"Stoke City","Marc Muniesa Martínez","Left Center Back",0.683,1163.3,43.172,35.435,9.439,0.309,0,29.787,0.232,0,0.004,0.928,0.464,14.236,3.791,2.012,3.482,2.631,3.482,2.244,0.851,0.542,0.387,32.495,0.821,0.5,21.65,43.98,22.33,22.92,15.27,0.074,0.46,"CB",0.683
6561,"Sporting Gijón","Luis Hernández Rodríguez","Right Center Back",0.918,3363,43.621,33.987,11.213,0.375,0,25.129,0.241,0,0.023,0.294,0.268,5.459,3.88,3.506,5.433,1.178,2.275,1.151,0.669,0.187,0.08,24.647,0.779,0.909,23.19,43.03,53.99,22.19,15.19,0.066,0.476,"CB",0.931
6563,"Málaga","Juan Pablo Añor Acosta","Right Midfield",0.855,1675.7,36.737,27.123,4.726,1.45,0.054,40.174,1.719,0.215,0.185,4.995,2.202,21,6.606,1.396,0.645,2.417,3.276,1.182,1.45,2.739,3.115,42.967,0.738,0.441,16.89,68.64,54.21,24.38,19.47,0.359,0.137,"AM_W",0.925
6566,"Eibar","Borja González Tomás","Center Forward",0.491,2652.5,21.953,15.235,1.222,0.543,0.102,18.051,3.19,0.611,0.573,0.882,0.509,18.696,2.647,0.271,0.373,1.289,6.311,0.679,1.391,1.425,2.477,46.519,0.694,0.577,14.02,80.96,40.14,20.56,21.97,0.516,0.03,"FW",0.989
6569,"Málaga","Roberto José Rosales Altuve","Right Back",1,3188.6,48.407,34.943,10.669,0.452,0.085,31.923,0.508,0,0.013,1.496,0.762,12.419,5.645,1.919,2.173,2.484,4.262,3.133,1.101,0.847,0.875,31.613,0.722,0.509,21.55,59.79,69.26,29.21,9.83,0.291,0.278,"FB",1
6573,"Sporting Gijón","Bernardo José Espinosa Zúñiga","Left Center Back",0.98,1445.4,34.745,24.658,11.208,0.249,0,18.742,0.872,0.062,0.051,0.062,0.062,8.78,3.674,2.491,6.663,2.491,3.3,1.245,2.242,0.249,0.125,20.984,0.71,1,25.53,39.62,29.56,23.06,13.83,0.057,0.551,"CB",1
6576,"Athletic Club","Gorka Iraizoz Moreno","Goalkeeper",1,3448.9,35.464,21.346,27.061,0.078,0,18.945,0,0,0,0,0,0.026,5.141,0,0.078,0,0,0,0.026,0,0.052,16.805,0.602,0,49.68,13.12,41,8.12,9.44,0,0.991,"GK",1
6577,"Udinese","Zdravko Kuzmanović","Center Defensive Midfield",0.444,1179.6,44.099,36.241,9.232,0.61,0,33.341,0.61,0,0.054,0.839,0.458,18.235,6.027,0.687,1.221,1.45,2.136,0.839,2.441,0.458,0.839,36.622,0.822,0.545,21.17,57.58,38.78,21.72,20.19,0.153,0.223,"DM_CM",0.975
6580,"Málaga","José Luis García del Pozo","Right Defensive Midfield",0.473,2834,47.095,37.283,8.67,0.953,0.127,38.712,1.143,0,0.061,1.905,1.143,18.737,6.351,1.366,0.984,1.937,4.573,2.795,2.541,0.953,0.762,39.093,0.792,0.6,19.66,62.17,32.12,23.29,19.98,0.226,0.169,"DM_CM",0.987
6581,"Sporting Gijón","Jonathan Rodríguez Menéndez","Left Wing",0.506,2948.8,34.244,20.205,8.759,1.099,0.214,34.061,1.709,0.153,0.098,4.273,1.801,14.131,4.731,1.434,0.214,1.77,2.381,1.16,1.16,2.472,2.594,39.494,0.59,0.421,21.69,73.3,20.45,26.6,22.22,0.43,0.129,"AM_W",0.984
6584,"Juventus","Simone Zaza","Right Center Forward",0.459,720.7,21.354,16.109,2.248,0.749,0,23.352,3.871,0.624,0.367,2.498,0.999,17.733,3.871,0.25,0.25,2.373,3.871,0.874,3.497,1.998,3.996,53.073,0.754,0.4,15.38,81.19,42.2,23.39,19.21,0.573,0.058,"FW",1
6585,"Inter Milan","Jeison Fabián Murillo Cerón","Left Center Back",0.763,3029,46.649,40.409,10.043,0.119,0,33.575,0.624,0.059,0.056,0.208,0.149,11.112,4.368,1.188,3.922,1.872,3.952,2.199,0.951,0.416,0.238,36.427,0.866,0.714,22.91,40.4,32.91,21.18,18.74,0.038,0.522,"CB",0.985
6589,"Inter Milan","Geoffrey Kondogbia","Left Center Midfield",0.526,2065.5,57.472,50.37,7.146,0.697,0,53.594,1.656,0.044,0.078,2.702,1.569,26.841,7.843,1.176,1.22,2.091,3.878,2.702,2.091,2.004,1.394,56.949,0.876,0.581,18.29,60.45,30.82,21.75,18.73,0.19,0.181,"DM_CM",0.983
6592,"Valencia","Rúben Miguel Nunes Vezo","Left Center Back",0.614,1135.7,40.1,29.401,10.302,0.238,0,25.122,0.238,0,0.012,0.792,0.396,12.601,3.962,2.932,4.438,2.536,4.279,2.615,1.664,0.475,0.317,24.963,0.733,0.5,23.6,42.07,41.62,23.16,23.22,0.067,0.496,"CB",0.724
6593,"Real Betis","Martín Montoya Torralbo","Left Back",0.52,1206.1,55.219,43.727,5.074,0.224,0.075,32.161,0.075,0,0.002,1.865,1.045,18.058,3.731,2.537,2.985,2.015,4.85,3.059,0.97,0.672,0.821,34.325,0.792,0.56,16.32,53.73,39.96,25.52,31.1,0.154,0.307,"FB",1
6594,"Valencia","Santiago Mina Lorenzo","Right Wing",0.337,1623.1,30.94,22.512,2.939,0.499,0.055,31.994,1.331,0.222,0.169,3.382,0.998,22.623,3.382,0.554,0.665,2.107,5.711,1.941,1.996,2.107,3.05,47.741,0.728,0.295,15.82,71.57,40.55,24.93,26.84,0.376,0.111,"AM_W",0.919
6595,"Valencia","Daniel Parejo Muñoz","Right Center Midfield",0.502,2837.8,59.782,48.745,13.193,1.11,0.159,47.413,1.459,0.254,0.146,1.998,1.142,25.974,5.709,1.364,0.888,1.713,3.837,2.188,1.554,1.491,0.888,52.519,0.815,0.571,20.94,60.94,41.12,22.67,20.56,0.186,0.169,"DM_CM",0.938
6596,"Valencia","José Luis Gayà Peña","Left Back",0.999,1508.1,50.787,39.687,7.937,0.836,0,34.853,0.179,0,0.009,2.029,1.074,13.249,3.282,1.134,2.148,1.313,4.297,3.402,0.836,0.836,0.656,37.18,0.781,0.529,18.89,58.25,10.23,27.85,8.56,0.241,0.26,"FB",0.999
6599,"Granada","Rubén Salvador Pérez Del Mármol","Right Defensive Midfield",0.453,2555.5,49.447,37.402,13.454,0.775,0.07,37.719,0.599,0,0.028,1.197,0.845,23.174,5.952,2.113,1.761,2.747,5.177,3.733,2.219,0.845,1.021,38.142,0.756,0.706,23.48,53.29,41.33,20.35,20.93,0.09,0.24,"DM_CM",0.992
6600,"Celta Vigo","Claudio Beauvue","Right Wing",0.769,525.9,22.932,14.546,2.909,0.856,0,21.392,1.882,0.171,0.186,2.909,1.711,14.718,3.765,0.513,1.198,1.882,7.701,1.711,2.225,1.198,2.567,37.821,0.634,0.588,17.05,74.49,56.56,25.85,18.65,0.459,0.134,"AM_W",0.769
6600,"Lyon","Claudio Beauvue","Right Center Forward",0.504,1324.1,23.178,15.973,1.495,0.816,0.136,20.323,4.35,0.34,0.415,1.088,0.544,13.39,2.855,0.204,0.476,1.02,5.166,0.748,1.223,1.767,2.787,52.405,0.689,0.5,14.73,82.21,43.11,20.36,21.16,0.583,0.039,"FW",0.977
6602,"Sporting Gijón","Miguel Ángel Guerrero Martín","Center Forward",0.416,1126.4,22.133,16.699,1.278,0.959,0.08,18.537,1.758,0.16,0.198,2.077,1.438,23.491,2.077,0.719,0.559,0.959,6.951,1.438,3.915,1.119,2.557,45.864,0.755,0.692,14.56,75.98,43.53,22.33,20.51,0.436,0.054,"FW",0.936
6605,"Real Sociedad","Joseba Zaldúa Bengoetxea","Right Back",0.999,947.5,47.587,32.769,9.973,0.475,0,26.12,0.19,0,0.007,1.235,0.38,15.102,3.419,1.805,3.514,1.425,4.274,2.755,2.375,0.57,0.38,29.73,0.689,0.308,20.76,62.8,69.8,30.04,10.02,0.315,0.245,"FB",0.999
6606,"Athletic Club","Javier Eraso Goñi","Center Attacking Midfield",0.85,820.3,28.526,21.065,2.085,0.987,0.11,28.306,1.207,0.219,0.243,1.536,0.549,24.686,3.73,0.878,0.768,1.426,1.975,0.11,0.878,1.975,2.853,40.594,0.738,0.357,15.05,71.97,40.45,22.09,20.59,0.361,0.083,"AM_W",0.975
6608,"Las Palmas","Nabil El Zhar","Right Midfield",0.448,1764.5,32.236,25.095,2.397,0.714,0.204,33.766,1.428,0.102,0.089,3.774,1.53,12.344,4.234,1.122,0.408,1.428,3.468,1.428,1.479,2.142,2.295,43.304,0.778,0.405,15.69,72.03,57.06,25.5,20.59,0.412,0.119,"AM_W",0.924
6609,"Villarreal","Denis Suárez Fernández","Left Midfield",0.738,2465.2,40.671,27.601,6.207,1.497,0.146,37.75,1.351,0.146,0.111,3.687,1.825,17.889,4.673,1.387,0.621,2.957,2.957,1.898,1.059,1.862,2.592,44.869,0.679,0.495,18.58,70.94,29.11,26.52,25.29,0.396,0.142,"AM_W",0.939
6610,"Sporting Gijón","Iván Cuéllar Sacristán","Goalkeeper",1,2983.5,30.739,13.273,25.912,0.03,0.06,12.458,0,0,0,0,0,0.09,4.857,0,0.03,0.03,0,0,0.03,0,0,9.502,0.432,0,56.84,10.36,39.29,7.52,8.31,0,0.991,"GK",1
6612,"Espanyol","Rubén Duarte Sánchez","Left Back",0.919,1930.7,40.602,29.275,7.412,0.42,0.047,24.473,0.466,0,0.018,0.466,0.186,14.264,3.356,2.844,2.144,2.238,4.662,2.89,1.725,0.373,0.653,25.499,0.721,0.4,20.33,57.72,12.75,28.63,10.6,0.243,0.298,"FB",0.939
6614,"Getafe","Alexis Ruano Delgado","Left Center Back",0.968,1398,35.406,28.003,11.201,0.386,0,22.918,0.193,0.064,0.006,0.515,0.322,3.541,3.219,2.897,4.571,1.416,1.674,1.03,0.708,0.258,0.129,23.561,0.791,0.625,26.03,39.55,30.85,20.42,15.33,0.046,0.559,"CB",0.968
6616,"Barcelona","Munir El Haddadi Mohamed","Right Wing",0.553,867,33.322,26.16,2.491,0.623,0.104,31.039,1.765,0.311,0.43,2.18,0.934,13.287,3.322,1.246,0.519,1.661,1.765,1.038,1.142,1.142,1.661,44.326,0.785,0.429,15.1,76.88,48.39,25.26,25.74,0.516,0.095,"AM_W",0.81
6622,"Villarreal","Tomás Pina Isla","Right Defensive Midfield",0.534,1700.8,40.269,31.644,5.027,0.317,0.053,29.157,0.37,0,0.027,0.317,0.317,16.51,5.821,1.746,1.905,1.852,4.657,2.646,2.593,1.27,0.265,30.215,0.786,1,18.28,57.17,45.47,21.24,17.38,0.133,0.207,"DM_CM",1
6624,"Espanyol","Jorge Franco Alviz","Left Wing",0.618,1043,37.105,25.455,5.868,1.381,0.259,37.45,2.589,0.086,0.263,4.314,1.985,11.994,3.538,0.69,0.173,1.898,2.502,1.381,0.69,1.812,1.812,45.302,0.686,0.46,17.7,75.27,15.82,26.15,13.54,0.48,0.114,"AM_W",0.929
6625,"Getafe","Vicente Guaita Panadero","Goalkeeper",1,3542.9,29.289,15.47,22.507,0.051,0,12.346,0,0,0,0.025,0.025,0.051,4.42,0,0,0.025,0,0,0,0,0.025,9.78,0.528,1,51.91,9.91,41,6.74,8.4,0,0.993,"GK",1
6626,"Las Palmas","Mubarak Wakaso","Left Wing",0.266,972.7,45.985,36.455,7.957,0.74,0,45.985,1.758,0.093,0.042,3.423,1.943,18.505,6.847,1.48,1.203,2.221,4.164,2.591,3.053,2.313,1.573,49.408,0.793,0.568,20.42,63.27,28.45,24.27,21.58,0.251,0.188,"AM_W",0.583
6627,"Getafe","Damián Nicolás Suárez Suárez","Right Back",0.914,2761.7,54.879,41.681,9.255,0.815,0.098,32.458,0.293,0,0.007,1.662,0.619,15.871,4.399,1.76,1.792,2.249,3.878,2.542,1.629,0.587,0.489,33.599,0.76,0.373,20.05,57.92,65.61,26.57,17.57,0.21,0.262,"FB",0.982
6630,"Real Betis","Jorge Molina Vidal","Right Center Forward",0.708,967,27.922,17.219,1.768,0.745,0.093,21.221,1.21,0.093,0.238,0.838,0.558,12.007,3.258,0.186,0.465,1.117,8.097,1.303,1.396,1.303,2.42,48.771,0.617,0.667,13.71,77.62,42.76,21.05,22.05,0.446,0.046,"FW",0.863
6631,"Arsenal","Mathieu Flamini","Right Defensive Midfield",0.57,1142.7,49.382,43.16,5.671,0.315,0,32.843,0.551,0,0.072,0.394,0.158,15.043,3.465,1.024,2.048,2.914,3.387,2.678,1.496,0.473,0.473,40.561,0.874,0.4,17.93,56.45,42.08,21.5,19.85,0.111,0.222,"DM_CM",0.983
6633,"Real Sociedad","Markel Bergara Larrañaga","Right Defensive Midfield",0.337,1419.8,37.591,29.984,5.388,0.063,0,24.216,0.951,0.063,0.077,0.824,0.634,18.32,4.945,2.155,1.078,1.268,3.613,2.409,2.409,0.507,0.38,24.976,0.798,0.769,19.23,57.38,42.82,21.62,19.74,0.137,0.205,"DM_CM",0.989
6647,"Levante UD","Zouhair Feddal","Left Center Back",0.789,2610.7,39.197,29.234,14.41,0.172,0.034,22.546,0.379,0.034,0.05,0.31,0.31,7.239,3.585,2.93,6.86,1.586,2.792,1.31,1.379,0.172,0.138,23.89,0.746,1,27.92,37.5,27.66,20.91,14.84,0.034,0.594,"CB",1
6648,"Stade de Reims","Aïssa Mandi","Right Center Back",0.612,2976,42.126,35.02,12.883,0.121,0.03,29.606,0.605,0.151,0.097,0.242,0.212,7.893,4.385,1.361,5.837,1.845,3.206,1.482,0.726,0.151,0.151,30.423,0.831,0.875,25.44,41.44,47.02,19.61,16.13,0.036,0.484,"CB",1
6649,"Athletic Club","Óscar de Marcos Arana","Right Back",0.83,2983.9,48.803,35.592,8.084,0.483,0.09,31.007,0.392,0.03,0.02,1.93,0.814,17.464,5.58,2.443,1.93,2.202,4.253,3.016,1.206,0.845,1.478,34.204,0.729,0.422,19.48,63.98,65.41,28.25,15.05,0.306,0.215,"FB",0.873
6651,"Real Betis","Joaquín Sánchez Rodríguez","Right Midfield",0.391,2015.4,42.914,31.214,8.797,2.143,0.223,38.538,1.295,0.045,0.126,3.93,2.233,11.209,5.493,0.982,0.893,1.608,4.019,1.384,0.581,2.456,2.322,49.211,0.727,0.568,19.4,73.86,52.74,25.21,24.83,0.412,0.1,"AM_W",0.958
6652,"Swansea City","Jordi Amat Maas","Right Center Back",0.546,492.2,33.83,26.515,6.949,0,0,25.052,0.183,0,0.058,0.366,0.366,8.412,2.926,2.56,4.754,2.194,3.474,0.914,0.731,0.366,0,23.407,0.784,1,21.99,41.03,42.03,19.05,18.36,0.023,0.463,"CB",0.967
6654,"Real Betis","Antonio Adán Garrido","Goalkeeper",1,3333.4,30.888,13.392,26.001,0.054,0,12.447,0,0,0,0.027,0.027,0.162,4.482,0,0.027,0,0,0,0.027,0.027,0.027,9.72,0.434,1,55.63,9.37,39.49,7.39,8.32,0,0.988,"GK",1
6655,"Real Betis","Fabián Ruiz Peña","Center Attacking Midfield",0.778,451,47.099,37.719,2.794,0.998,0.2,39.316,0.998,0,0.034,2.794,1.197,21.354,5.788,1.397,0.599,1.996,4.989,1.796,1.796,1.996,1.996,51.489,0.801,0.429,13.75,66.14,43.05,24.28,24.5,0.296,0.147,"AM_W",0.842
6656,"Athletic Club","Mikel Rico Moreno","Left Defensive Midfield",0.553,731.1,46.408,34.837,7.632,0.369,0.123,33.975,1.354,0.123,0.07,1.477,0.615,22.158,7.632,1.846,0.862,1.846,4.801,2.708,1.477,1.6,0.739,40.869,0.751,0.417,18.97,60.74,41.87,20.96,20.61,0.158,0.144,"DM_CM",0.872
6658,"Fiorentina","Cristian Tello Herrera","Right Wing",0.71,1097.1,41.839,32.405,4.266,1.477,0.328,42.987,1.805,0.164,0.225,4.84,2.625,16.736,3.938,0.656,0.246,1.395,1.231,0.902,0.246,1.395,1.723,53.57,0.775,0.542,17.05,76.4,60.54,22.44,22.82,0.477,0.066,"AM_W",0.795
6659,"Levante UD","Víctor Camarasa Ferrando","Left Center Midfield",0.434,2204,44.837,37.446,6.738,0.735,0.123,39.529,1.143,0.082,0.097,1.96,1.021,18.866,5.717,1.307,1.266,1.225,4.043,1.756,1.756,1.756,2.042,45.327,0.835,0.521,18.27,64.11,35.85,23.55,20.49,0.264,0.167,"DM_CM",0.856
6661,"Montpellier","Ryad Boudebouz","Center Attacking Midfield",0.659,3350.1,60.579,43.037,16.226,2.874,0.296,47.711,1.451,0.054,0.084,3.492,1.881,19.584,4.889,0.51,0.296,1.585,3.17,1.424,0.806,3.143,2.498,64.743,0.71,0.538,21.21,73.64,41.12,21.44,23.5,0.386,0.058,"AM_W",0.802
6663,"Valencia","Antonio Barragán Fernández","Right Back",0.949,1728.5,53.683,41.655,8.279,0.417,0,31.606,0,0,0,1.25,0.521,13.434,3.801,2.291,2.343,1.874,3.124,2.343,2.135,0.364,0.937,34.47,0.776,0.417,19.75,57.48,69.51,27.73,9.23,0.225,0.281,"FB",0.992
6665,"Real Sociedad","Íñigo Martínez Berridi","Left Center Back",1,2796.8,46.757,36.524,13.129,0.064,0,32.341,0.515,0.032,0.034,0.547,0.386,6.854,5.181,2.478,4.183,1.512,3.572,1.77,1.191,0.354,0.257,32.019,0.781,0.706,25.06,43.21,23.07,21.59,13.13,0.053,0.466,"CB",1
6666,"Athletic Club","Sabin Merino Zuloaga","Left Wing",0.664,1173.4,24.775,16.107,1.918,0.767,0,24.698,2.071,0.384,0.302,3.068,1.227,14.727,3.835,0.614,0.46,2.071,4.679,1.151,0.92,2.378,2.685,43.643,0.65,0.4,15.33,77.43,28.76,25.15,23.42,0.504,0.09,"AM_W",0.863
6668,"Levante UD","José Luis Morales Nogales","Left Midfield",0.402,2751.7,32.773,22.045,6.116,1.668,0.131,35.193,2.355,0.229,0.165,5.528,2.878,16.648,5.331,1.406,0.425,1.962,2.813,1.145,0.752,3.532,1.897,40.819,0.673,0.521,19.11,73.24,38.02,27.75,27.25,0.469,0.147,"AM_W",0.794
6669,"Real Sociedad","David Zurutuza Veillet","Left Wing",0.689,1149.6,45.644,35.309,4.932,0.783,0.235,42.669,1.488,0.078,0.133,3.367,1.722,20.277,6.89,2.662,1.174,2.584,5.48,2.818,1.879,2.818,2.114,52.299,0.774,0.512,16.3,66.81,22.59,26.53,19.3,0.338,0.172,"AM_W",0.784
6671,"Real Sociedad","Asier Illarramendi Andonegi","Left Defensive Midfield",0.332,2942.3,56.221,44.169,11.562,0.826,0.031,41.355,0.673,0.031,0.04,1.224,0.887,22.176,6.179,3.151,1.866,2.386,5.384,3.212,1.591,1.071,0.642,40.896,0.786,0.725,20.98,57.7,36.64,22.51,21.94,0.162,0.218,"DM_CM",1
6672,"Sevilla","Jorge Andújar Moreno","Right Back",0.837,1800.9,43.278,31.334,7.296,0.35,0.05,29.285,1.599,0.05,0.14,1.699,0.9,13.693,3.348,1.649,1.749,1.999,3.998,2.149,1.749,1.099,0.85,35.582,0.724,0.529,19.84,61.82,64.39,29.92,15.97,0.288,0.262,"FB",0.883
6673,"Real Sociedad","Sergio Canales Madrazo","Center Attacking Midfield",0.462,924.2,49.76,38.075,6.427,0.974,0,43.431,2.337,0,0.096,0.974,0.097,18.015,4.09,0.682,0.097,1.948,3.798,1.753,1.655,1.363,1.655,55.798,0.765,0.1,17.06,72.92,38.32,24.32,24.33,0.447,0.114,"AM_W",0.762
6674,"Real Sociedad","Alberto De La Bella Madureño","Left Back",0.957,1291.8,56.296,41.734,9.754,0.557,0,30.168,0.279,0,0.019,0.697,0.348,10.451,2.717,2.09,3.275,2.439,3.832,2.23,1.463,0.488,0.488,38.947,0.741,0.5,19.97,61.81,10.78,29.76,10.15,0.322,0.272,"FB",0.957
6675,"Eibar","Antonio Manuel Luna Rodríguez","Left Back",0.873,1040,45.346,32.365,8.74,0.346,0.087,26.827,0.173,0,0.01,0.952,0.692,12.548,3.981,2.596,2.077,2.423,3.462,2.856,0.692,0.606,0.433,27.346,0.714,0.727,20.68,58.09,11.34,28.69,10.3,0.236,0.281,"FB",0.873
6677,"Real Sociedad","Imanol Agirretxe Arruti","Center Forward",0.816,1203.9,24.67,16.895,2.243,0.224,0,19.437,3.364,0.972,0.64,1.57,0.449,11.737,2.318,0.374,0.673,0.748,5.831,0.299,0.748,1.57,1.869,45.453,0.685,0.286,14.73,78.66,39.52,21.94,21.11,0.486,0.041,"FW",0.894
6679,"Real Sociedad","Aritz Elustondo Irribaria","Right Back",0.774,2677.1,49.386,37.082,8.775,0.403,0,31.635,0.538,0.034,0.055,1.278,0.672,12.91,3.799,2.353,3.429,1.815,3.698,2.286,1.177,0.605,0.706,32.778,0.751,0.526,20.47,54.73,65.38,27.34,13.07,0.195,0.321,"FB",0.774
6680,"Granada","Rubén Rochina Naixes","Center Attacking Midfield",0.438,2550.6,46.825,31.122,14.609,1.376,0.212,41.356,2.752,0.212,0.127,3.776,2.505,17.467,7.304,1.588,0.812,1.482,3.846,2.188,1.87,2.682,1.87,45.449,0.665,0.664,24.19,65.67,45.16,23.65,23.54,0.266,0.132,"AM_W",0.886
6684,"Levante UD","Roger Martí Salvador","Left Center Forward",0.405,683.3,17.124,10.274,1.054,0.79,0,18.968,2.766,0,0.248,1.185,0.79,20.021,3.161,0.132,0.527,0.659,5.137,1.185,3.161,2.239,3.161,39.648,0.6,0.667,14.55,77.61,41.16,23.89,20.68,0.48,0.067,"FW",0.823
6685,"Real Sociedad","Mikel Oyarzabal Ugarte","Left Wing",0.461,1555.9,29.559,20.709,3.008,1.215,0.058,30.485,1.851,0.347,0.176,3.239,0.926,22.039,4.743,0.868,0.463,1.909,4.743,0.926,1.041,2.372,2.719,43.5,0.701,0.286,15.75,75.52,35.28,25.18,24.56,0.474,0.107,"AM_W",0.863
6686,"Hellas Verona","Giampaolo Pazzini","Center Forward",0.465,2006.6,16.595,10.675,1.48,0.493,0,16.954,3.543,0.269,0.439,0.852,0.449,15.384,2.467,0.135,0.583,1.525,4.979,0.314,1.66,1.794,2.512,49.875,0.643,0.526,15.55,80,41.64,22.53,18.59,0.492,0.035,"FW",0.995
6690,"Real Sociedad","Xabier Prieto Argarate","Right Wing",0.341,2460.6,46.964,35.443,5.487,1.17,0.11,35.735,0.658,0.11,0.082,1.463,0.768,13.607,4.097,0.512,1.317,1.426,4.901,1.244,0.622,1.317,1.573,53.109,0.755,0.525,16.67,72.18,55.93,25.22,20.08,0.407,0.115,"AM_W",0.778
6694,"Real Sociedad","Gerónimo Rulli","Goalkeeper",1,3353.8,33.544,20.824,24.044,0.027,0,17.443,0,0,0,0.054,0.054,0.242,4.24,0,0.054,0.027,0,0,0.054,0,0,15.779,0.621,1,48.17,10.89,41.14,7.49,8.36,0,0.991,"GK",1
6697,"Real Betis","Daniel Ceballos Fernández","Center Attacking Midfield",0.274,2248.9,49.825,39.82,6.723,0.84,0.08,50.225,0.68,0,0.029,4.322,2.361,20.61,6.923,1.641,0.88,1.601,4.482,2.641,1.881,2.521,1.321,52.186,0.799,0.546,17.33,65.46,34.5,22.72,22.85,0.278,0.139,"AM_W",0.568
6699,"Eibar","Ander Capa Rodríguez","Right Back",0.997,3230.9,50.642,31.672,12.034,0.446,0.111,29.75,0.446,0.056,0.02,1.644,0.947,12.981,5.711,2.981,2.479,1.755,3.649,2.953,1.644,0.724,0.975,28.33,0.625,0.576,21.84,57.81,69.83,28.66,9.12,0.233,0.294,"FB",0.997
6700,"Eibar","Sergio Enrich Ametller","Right Center Forward",0.358,2504.5,30.796,20.914,1.581,0.755,0.252,22.316,1.581,0.323,0.267,1.581,0.791,20.591,3.629,0.323,0.647,1.473,9.954,1.94,2.228,2.048,4.204,56.454,0.679,0.5,13.85,78.47,42.95,21.3,21.14,0.469,0.043,"FW",0.901
6701,"Espanyol","Joan Jordán Moreno","Left Defensive Midfield",0.553,645.6,52.415,44.887,11.013,1.394,0,40.287,1.255,0.139,0.04,1.952,1.255,22.304,4.043,1.394,1.533,2.091,4.321,2.649,2.649,0.558,0.836,43.493,0.856,0.643,20.37,58.76,38.62,20.9,20.23,0.145,0.186,"DM_CM",0.92
6702,"Granada","David Rodríguez Lombán","Left Center Back",0.505,2736.6,32.328,25.455,11.116,0.066,0,18.614,0.395,0,0.03,0.099,0.099,7.86,2.401,1.907,4.802,2.072,1.809,0.756,0.691,0.066,0.164,20.982,0.787,1,27.11,37.1,40.06,20.36,20.11,0.033,0.595,"CB",0.92
6707,"Málaga","Charles Días Barbosa de Oliveira","Left Center Forward",0.404,3102.7,25.323,17.985,1.421,0.899,0.087,19.029,2.495,0.348,0.314,0.754,0.435,12.038,2.495,0.58,1.073,1.015,5.105,0.667,2.031,1.044,1.798,46.122,0.71,0.577,14.3,78.26,41.62,23.04,19.53,0.473,0.053,"FW",0.986
6709,"Espanyol","Anaitz Arbilla Zabala","Right Back",0.938,651.3,58.173,45.461,9.396,0.967,0,37.584,0.967,0,0.048,1.382,0.829,13.541,4.422,1.796,2.764,1.934,4.007,3.593,2.211,1.244,0.967,37.861,0.781,0.6,19.52,57.64,69.22,25.95,8.94,0.221,0.256,"FB",1
6712,"Eibar","Gonzalo Escalante","Right Defensive Midfield",0.529,2902.9,40.118,29.267,7.131,0.434,0.031,29.205,0.744,0.093,0.082,1.953,1.178,24.616,6.511,2.294,1.55,2.666,6.232,3.658,3.286,1.147,1.302,30.29,0.73,0.603,19.35,60.72,50.19,22.63,17.93,0.19,0.188,"DM_CM",0.917
6713,"Rayo Vallecano","Diego Javier Llorente Ríos","Right Center Back",0.421,3024.9,43.856,35.882,10.027,0.208,0.03,31.568,0.446,0.06,0.034,1.19,0.863,12.972,5.058,2.261,4.017,1.874,4.731,1.993,1.815,0.774,0.446,30.348,0.818,0.725,23.02,44.94,43.29,21.4,20.88,0.052,0.408,"CB",0.748
6716,"Lille","Sébastien Corchia","Right Back",0.881,2753,40.602,28.311,5.296,0.719,0.065,24.29,0.719,0.065,0.027,1.34,0.654,13.305,3.792,1.242,2.55,2.877,4.054,2.452,1.177,1.144,0.85,27.493,0.697,0.488,18.28,66.17,70.47,30.1,9.78,0.364,0.207,"FB",0.983
6718,"Sevilla","Sergio Escudero Palomo","Left Back",0.883,1214.8,48.748,35.265,8.075,1.185,0,32.746,0.889,0.074,0.063,1.63,1.037,14.817,4.149,1.926,1.63,2.667,4.519,3.037,1.926,1.037,0.815,37.191,0.723,0.636,19.13,64.53,13.54,29.5,13.72,0.329,0.223,"FB",0.883
6719,"Palermo","Franco Damián Vázquez","Center Attacking Midfield",0.352,3296.8,42.45,30.903,7.425,1.283,0.191,48.347,2.894,0.218,0.225,5.187,2.621,26.207,7.589,0.628,0.519,1.856,5.187,2.32,3.604,4.45,3.713,64.563,0.728,0.505,18.73,71.79,42.89,23.25,22.26,0.372,0.095,"AM_W",0.667
6720,"Getafe","Pablo Sarabia García","Right Wing",0.297,2598.1,41.846,26.535,9.595,2.252,0.208,42.054,2.252,0.242,0.149,3.88,1.559,21.824,5.993,1.247,0.416,2.494,3.152,1.697,1.663,2.425,3.014,53.035,0.634,0.402,19.5,73.79,48.25,26.33,25.99,0.441,0.12,"AM_W",0.878
6721,"Las Palmas","Willian José da Silva","Center Forward",0.878,1807.7,27.383,20.214,3.684,0.996,0.05,24.296,2.689,0.448,0.293,1.942,1.294,12.995,2.39,0.149,0.946,0.747,4.879,0.797,1.494,2.091,1.842,45.904,0.738,0.667,16.66,76,34.61,21.91,18.75,0.432,0.048,"FW",0.937
6723,"Toulouse","Wissam Ben Yedder","Center Forward",0.393,2965.1,29.776,20.792,2.641,0.668,0.152,26.589,2.853,0.516,0.574,1.548,0.728,16.816,4.644,0.516,0.061,1.153,4.371,0.637,0.728,1.943,1.943,57.033,0.698,0.471,15.43,78.68,40.88,22.98,21.6,0.492,0.058,"FW",0.676
6724,"Celta Vigo","Manuel Agudo Durán","Left Wing",0.932,2555.7,45.181,28.912,10.635,1.902,0.247,42.716,2.852,0.423,0.309,5.74,2.676,13.523,5.634,1.021,0.352,1.549,3.416,1.796,1.62,2.465,2.113,56.38,0.64,0.466,20.95,79.92,15.6,23.96,12.86,0.555,0.072,"AM_W",0.99
6725,"Valencia","Zakaria Bakkali","Left Wing",0.681,609.3,33.68,23.635,6.204,1.329,0.443,36.93,1.92,0.148,0.086,4.579,2.807,14.772,3.398,0.739,0.443,1.182,2.954,1.92,1.477,1.477,1.773,44.463,0.702,0.613,18.25,75.56,14.64,26.82,16.22,0.483,0.11,"AM_W",0.92
6727,"Málaga","Raúl Albentosa Redal","Right Center Back",0.987,2651.1,36.528,26.004,12.866,0.272,0,20.301,0.577,0.068,0.055,0.204,0.17,7.231,3.734,2.071,4.787,1.392,3.123,1.358,1.12,0.102,0.306,21.523,0.712,0.833,26.51,41.88,53.02,22.37,15.12,0.057,0.503,"CB",1
6728,"RC Deportivo La Coruña","Federico Nicolás Cartabia","Right Wing",0.435,1393.6,42.43,31.58,8.073,1.292,0.194,45.465,3.358,0.194,0.141,4.198,2.842,24.153,6.2,1.808,0.581,2.842,5.166,3.035,1.421,2.389,3.552,52.827,0.744,0.677,19.92,72.8,59.83,26.18,19.85,0.447,0.127,"AM_W",0.904
6730,"Levante UD","Rubén Iván Martínez Andrade","Goalkeeper",1,1399.4,26.562,14.664,21.159,0,0,9.711,0,0,0,0,0,0,4.309,0,0.064,0,0,0,0.064,0,0,7.396,0.552,0,50.73,9.54,40.51,7.02,7.7,0,0.994,"GK",1
6732,"RC Deportivo La Coruña","Lucas Pérez Martínez","Center Forward",0.562,3243.6,28.385,20.782,4.051,1.665,0.194,28.024,2.719,0.472,0.432,2.053,1.138,15.261,3.219,0.361,0.055,0.555,2.664,0.388,0.999,1.942,2.303,54.19,0.732,0.554,17.31,83.69,41.17,19.45,22.33,0.598,0.02,"FW",0.939
6733,"RC Deportivo La Coruña","Pedro Mosquera Parada","Left Defensive Midfield",0.533,3401.9,51.377,42.144,11.958,0.503,0.053,39.261,0.794,0,0.041,0.608,0.37,23.466,5.318,1.825,1.905,2.09,5,3.439,2.302,0.926,0.37,40.583,0.82,0.609,22.48,55.54,36.46,19.61,18.82,0.111,0.21,"DM_CM",1
6734,"RC Deportivo La Coruña","Luis Carlos Correia Pinto","Left Back",0.417,1172.3,38.693,26.256,6.756,0.307,0,30.939,0.614,0,0.031,2.38,1.535,15.124,3.455,1.535,0.921,2.073,3.762,2.764,1.843,1.228,0.768,34.163,0.679,0.645,19.57,64.45,11.1,28.45,9.96,0.336,0.207,"FB",0.512
6735,"Villarreal","Adrián López Álvarez","Left Center Forward",0.602,813.6,38.162,25.331,2.102,1.438,0.442,33.406,0.885,0.442,0.291,2.655,0.996,13.716,2.212,0.221,0.774,1.327,3.54,0.553,0.885,2.765,2.655,61.613,0.664,0.375,14.75,76.4,40.11,22.41,21.81,0.431,0.054,"FW",1
6736,"Getafe","Álvaro Medrán Just","Right Defensive Midfield",0.402,1532.5,36.06,29.482,7.224,0.411,0.059,33.3,1.821,0.117,0.105,1.762,0.94,17.795,6.225,1.527,1.292,1.057,4.229,1.703,2.114,2.349,1.175,35.531,0.818,0.533,21.38,60.91,40.78,21.88,18.97,0.186,0.179,"DM_CM",0.916
6738,"RC Deportivo La Coruña","Juan Francisco Moreno Fuertes","Right Back",0.675,2756.5,49.464,34.609,9.403,0.588,0,34.315,0.653,0.033,0.016,1.828,0.979,10.644,5.681,2.71,2.253,2.155,3.396,1.926,0.424,1.175,1.306,36.47,0.7,0.536,20.33,63.29,61.81,29.12,20.81,0.319,0.236,"FB",0.805
6739,"Bordeaux","Diego Alejandro Rolan Silva","Right Wing",0.257,2123.5,36.916,29.583,2.755,0.636,0.17,40.688,1.907,0.212,0.33,4.365,2.077,25.048,5.722,0.636,0.339,2.119,5.552,1.611,1.356,2.924,3.348,64.126,0.801,0.476,14.79,72.91,37.88,24.43,23.96,0.398,0.105,"AM_W",0.735
6740,"Málaga","Gonzalo Castro Irizábal","Left Midfield",0.977,1272.3,39.966,24.687,9.691,1.91,0.071,37.349,1.344,0.071,0.069,3.749,2.334,13.299,5.73,1.061,0.071,2.334,3.466,1.415,1.061,2.759,3.042,44.423,0.618,0.623,20.7,72.66,17.12,26.39,17.23,0.402,0.112,"AM_W",0.982
6742,"Eibar","Sergio Gontán Gallardo","Right Midfield",0.523,2385.7,34.707,22.522,5.961,1.434,0.113,35.726,1.358,0.113,0.107,3.093,1.509,26.37,6.866,0.981,0.302,2.075,5.697,3.131,1.886,2.678,3.093,48.062,0.649,0.488,18.7,74.32,62.89,26.05,14.8,0.453,0.117,"AM_W",1
6743,"Udinese","Manuel Rolando Iturra Urrutia","Center Defensive Midfield",0.465,1053,38.289,31.537,6.41,0.427,0,30.426,0.342,0,0.054,0.769,0.598,28.632,4.957,1.026,1.282,2.649,4.188,3.248,2.564,1.111,0.94,35.298,0.824,0.778,18.53,57.18,35.88,22.69,21.82,0.151,0.224,"DM_CM",1
6744,"Atlético Madrid","Luciano Vietto","Right Center Forward",0.451,987.2,34.187,26.803,2.279,0.82,0.273,35.828,2.279,0.091,0.256,2.826,1.823,18.78,4.102,0.456,0.182,1.185,4.558,0.82,1.185,2.553,3.738,62.722,0.784,0.645,13.61,78.21,40.21,21.94,21.13,0.495,0.045,"FW",0.919
6745,"Getafe","Mehdi Lacen","Left Defensive Midfield",0.745,2752.7,47.278,38.417,8.272,0.36,0,35.409,0.458,0,0.012,0.752,0.523,21.71,6.964,1.733,1.504,1.504,3.891,2.648,2.191,1.308,0.621,35.704,0.813,0.696,20.23,54.82,30.3,19.51,18.04,0.102,0.218,"DM_CM",1
6746,"Arsenal","Gabriel Armando de Abreu","Right Center Back",0.719,1892.3,51.082,46.516,8.418,0.048,0,37.431,0.571,0.048,0.05,0.333,0.238,6.326,3.662,2.14,6.468,1.617,3.9,2.14,0.476,0.238,0.38,39.239,0.911,0.714,20.53,41.67,47.26,19.7,17.25,0.031,0.444,"CB",1
6751,"Valencia","Javier Fuego Martínez","Center Defensive Midfield",0.644,2134.6,53.461,45.239,9.318,0.379,0,39.379,0.169,0,0.008,0.675,0.464,24.496,5.607,2.024,1.433,2.15,4.385,2.867,2.656,0.928,0.464,40.981,0.846,0.688,20.23,52.27,39.09,20.69,19.97,0.087,0.276,"DM_CM",0.98
6752,"Villarreal","Víctor Ruíz Torre","Left Center Back",0.999,3112.3,45.401,36.321,12.782,0,0,31.029,0.145,0,0.008,0.202,0.174,5.032,3.962,2.429,4.714,1.706,2.516,0.925,1.07,0.174,0.145,31.058,0.8,0.857,25.56,39.07,27.17,17.87,12.9,0.015,0.503,"CB",1
6754,"Napoli","David López Silva","Right Center Midfield",0.701,801.6,64.895,56.475,3.593,0.674,0.112,53.443,1.123,0.112,0.138,1.123,0.561,27.395,4.491,1.01,1.01,2.807,6.175,3.256,2.133,1.123,1.46,66.467,0.87,0.5,14.81,65.95,43.03,20.68,21.09,0.229,0.103,"DM_CM",1
6758,"Espanyol","Víctor Sánchez Mata","Right Defensive Midfield",0.484,2396.6,38.831,29.592,6.534,0.638,0.188,30.756,0.901,0.038,0.074,1.277,1.014,26.813,4.694,1.727,0.901,1.765,5.858,3.793,2.817,1.164,1.427,35.376,0.762,0.794,18.96,60.81,45.69,23.31,21.76,0.208,0.185,"DM_CM",0.914
6759,"Sampdoria","Roberto Soriano","Right Center Midfield",0.252,2913,41.833,34.82,3.429,0.711,0.124,38.929,1.668,0.247,0.145,1.823,0.989,18.012,5.221,0.834,1.637,1.699,3.707,2.07,2.07,1.267,1.452,48.692,0.832,0.542,15.83,66.56,38.88,23.77,21.8,0.304,0.142,"DM_CM",0.658
6761,"Villarreal","Leonardo Carrilho Baptistão","Right Center Forward",0.607,1326.5,26.122,16.895,2.51,0.475,0.068,31.075,2.171,0.204,0.216,3.325,1.357,18.998,3.528,0.339,1.018,1.561,5.971,0.882,1.561,2.985,4.003,53.737,0.647,0.408,15.59,78.27,44.8,23.06,21.78,0.494,0.06,"FW",0.929
6762,"Espanyol","Álvaro González Soberón","Right Center Back",0.948,3341.9,41.15,30.674,13.708,0.269,0.027,25.072,0.485,0,0.036,0.296,0.242,6.706,3.259,1.427,5.521,1.562,2.801,1.212,0.889,0.189,0.189,27.227,0.745,0.818,26.56,42.43,55.27,22.15,14.25,0.054,0.488,"CB",0.963
6763,"Valencia","Pablo Daniel Piatti","Left Wing",0.677,831.3,34.646,23.169,6.171,1.407,0,34.429,1.191,0,0.143,3.898,1.407,27.933,6.063,1.841,0.217,3.356,5.522,2.815,1.732,1.949,2.707,46.664,0.669,0.361,17.94,71.44,21.97,27.78,18.64,0.407,0.145,"AM_W",0.887
6764,"Málaga","Pablo Fornals Malla","Left Defensive Midfield",0.455,1361.1,48.799,37.293,8.067,0.926,0,42.054,1.455,0.066,0.094,2.182,1.058,15.142,6.811,1.587,0.926,1.058,3.835,1.918,1.058,1.455,1.19,46.815,0.764,0.485,18.92,62.56,38.91,23.33,21.78,0.248,0.175,"DM_CM",0.589
6766,"Espanyol","Gerard Moreno Balaguero","Center Forward",0.509,1994,30.015,21.394,4.378,0.587,0.135,31.866,2.437,0.316,0.332,4.649,2.573,15.797,3.43,0.858,0.767,1.399,6.68,1.309,2.076,2.934,3.611,56.239,0.713,0.553,16.85,77.54,42,22.48,21.5,0.468,0.054,"FW",0.781
6768,"AC Milan","Diego López Rodríguez","Goalkeeper",1,752.3,29.31,22.611,18.782,0.12,0,12.681,0,0,0,0,0,0.12,5.025,0,0,0,0,0,0,0,0,10.887,0.771,0,39.76,8.44,41.85,5.64,8.55,0,0.987,"GK",1
6770,"Real Sociedad","Esteban Félix Granero Molina","Right Center Midfield",0.259,889.5,53.323,41.788,10.725,1.214,0,40.776,0.607,0,0.021,1.619,0.506,25.194,4.553,1.821,1.214,2.226,5.059,3.845,2.428,1.012,1.012,43.61,0.784,0.313,20.28,59.97,41.01,23.36,20.68,0.212,0.204,"DM_CM",0.978
6771,"Villarreal","Manuel Trigueros Muñoz","Right Defensive Midfield",0.77,2192.9,49.907,40.262,9.768,0.575,0.041,39.934,1.231,0.082,0.059,0.78,0.534,16.868,5.376,1.108,1.478,1.683,3.981,2.134,1.683,1.026,0.944,43.627,0.807,0.684,21.36,57.01,46.66,21.07,15.98,0.15,0.216,"DM_CM",0.97
6772,"Villarreal","Mario Gaspar Pérez Martínez","Right Back",0.964,2984.3,50.785,37.848,8.082,0.241,0.03,30.731,0.995,0.06,0.051,0.694,0.332,9.831,3.981,1.749,3.167,2.925,4.252,2.473,0.995,0.362,0.633,33.897,0.745,0.478,20.24,57.09,67.95,27.34,9.61,0.219,0.27,"FB",0.964
6775,"Eibar","Daniel García Carrillo","Left Defensive Midfield",0.487,3148.4,50.34,37.819,15.351,0.4,0,33.017,0.572,0,0.037,0.829,0.515,15.979,6.375,1.801,1.544,1.915,4.145,2.716,1.858,0.772,0.686,35.361,0.751,0.621,24.69,55.86,36.6,18.92,18.35,0.089,0.194,"DM_CM",1
6776,"Eibar","David Juncà Reñé","Left Back",0.96,2430.7,47.432,31.806,10.997,0.592,0.148,29.029,0.333,0,0.012,1.629,0.889,13.219,3.518,1.962,1.962,1.888,3.814,2.592,1.592,0.741,0.666,31.769,0.671,0.545,22.44,59.2,11.09,27.1,10.18,0.234,0.252,"FB",0.96
6777,"RC Deportivo La Coruña","Sidnei Rechel da Silva Júnior","Left Center Back",0.964,2994.6,38.229,29.633,12.653,0.15,0,28.071,0.18,0,0.022,0.691,0.451,6.642,5.019,2.555,5.29,1.172,3.216,1.623,0.451,0.331,0.301,24.885,0.775,0.652,26.54,40.08,27.33,20.8,14.29,0.04,0.529,"CB",1
6778,"Eibar","Iván Ramis Barrios","Left Center Back",0.995,1858.1,36.376,28.19,10.995,0.145,0.048,21.554,0.387,0,0.021,0.387,0.242,6.006,3.73,1.841,5.522,1.162,3.052,0.727,0.872,0.048,0.048,21.603,0.775,0.625,25.62,41.19,28.05,20.44,13.69,0.041,0.493,"CB",0.996
6783,"Villarreal","Samuel García Sánchez","Right Midfield",0.582,810.3,40.429,27.323,3.554,1.222,0.111,39.207,1.111,0.222,0.139,2.332,1.666,21.991,4.443,0.444,0.333,1.777,6.109,1.999,3.11,1.999,2.999,55.312,0.676,0.714,15.86,74.38,55.78,24.67,19.18,0.452,0.112,"AM_W",0.669
6784,"Levante UD","Antonio García Aranda","Left Back",0.676,2467.9,49.451,35.775,7.768,0.766,0.073,33.77,0.401,0,0.008,2.297,1.276,10.904,5.215,2.225,2.297,2.006,3.173,1.495,1.933,1.495,0.802,34.572,0.723,0.556,19.17,59.98,10.96,29.53,11.35,0.279,0.275,"FB",0.981
6787,"Levante UD","Pedro López Muñoz","Right Back",1,1342,47.416,36.887,8.517,0.201,0,30.381,0.402,0.067,0.024,2.079,1.274,14.218,4.762,2.213,2.414,2.884,3.018,1.945,1.744,0.537,1.073,31.387,0.778,0.613,20.57,57.43,68.53,27.79,10.58,0.235,0.287,"FB",1
6788,"Athletic Club","Xabier Etxeita Gorritxategi","Right Center Back",0.737,2571.1,41.76,33.044,11.236,0.14,0.035,27.198,0.35,0,0.027,0.21,0.21,9.241,2.765,2.1,4.34,2.03,3.22,1.575,1.015,0.105,0.175,30.068,0.791,1,23.87,42.65,46.92,19.17,17.46,0.029,0.448,"CB",1
6789,"Athletic Club","Mikel Balenziaga Oruesagasti","Left Back",0.989,3007.9,45.121,34.499,6.792,0.598,0.09,28.066,0.239,0,0.005,1.436,0.718,14.601,4.967,2.274,1.975,2.603,3.471,2.244,1.287,0.778,0.898,28.156,0.765,0.5,19.36,59.8,11.75,27.73,10.52,0.245,0.242,"FB",1
6791,"Espanyol","Javier López Rodríguez","Right Back",0.825,2515.1,44.05,31.597,8.517,0.25,0.072,29.414,0.179,0,0.006,1.324,0.751,15.745,4.938,2.362,2.863,1.789,4.688,3.113,2.04,0.394,1.002,28.985,0.717,0.568,20.33,53.8,65.43,25.93,15.23,0.179,0.309,"FB",0.878
6792,"Espanyol","Pau López Sabata","Goalkeeper",1,3314.7,26.581,14.689,20.309,0,0,11.078,0,0,0,0,0,0.19,4.643,0,0.027,0.054,0,0,0,0,0.027,7.385,0.553,0,50.63,9.68,39.54,7.04,7.88,0,0.995,"GK",1
6794,"Celta Vigo","Gustavo Daniel Cabral Cáceres","Right Center Back",0.801,2860.5,56.571,50.026,12.491,0.094,0,41.5,0.189,0,0.011,0.378,0.315,11.673,5.097,2.486,4.751,1.668,4.562,2.611,1.259,0.283,0.157,42.129,0.884,0.833,22.9,39.76,45.98,17.44,16.24,0.019,0.528,"CB",1
6795,"Celta Vigo","Rubén Blanco Veiga","Goalkeeper",1,736.8,27.851,16.002,18.201,0,0,12.46,0,0,0,0,0,0.122,4.153,0,0.244,0,0,0,0.244,0,0,12.338,0.575,0,46.33,10.35,40.54,7.74,8.22,0.002,0.991,"GK",1
6796,"Celta Vigo","Nemanja Radoja","Left Defensive Midfield",0.322,1527.1,47.914,39.487,7.308,0.177,0,37.542,0.354,0,0.017,1.709,1.061,20.804,6.011,2.298,2.357,2.181,5.894,4.008,1.945,0.884,0.825,36.481,0.824,0.621,19.61,53.28,38.96,20.11,18.68,0.089,0.251,"DM_CM",0.953
6797,"Celta Vigo","Daniel Wass","Right Center Midfield",0.305,2776,53.98,42.147,10.18,1.102,0.162,40.915,1.589,0.065,0.138,1.102,0.713,12.676,4.182,1.329,1.427,1.394,3.437,1.783,1.135,0.973,1.394,49.182,0.781,0.647,20.83,64.86,45.74,22.91,19.46,0.254,0.126,"DM_CM",0.843
6800,"Aston Villa","Carles Gil de Pareja Vicent","Right Wing",0.616,1484.8,49.037,39.703,8.001,1.334,0.061,48.007,1.091,0.121,0.062,3.819,2.243,17.578,5.395,0.424,0.485,1.637,2.364,1.394,0.485,2.425,2.303,53.826,0.81,0.587,18.45,71.75,49.68,22.9,23.13,0.382,0.09,"AM_W",0.925
6801,"Celta Vigo","Pedro Pablo Hernández","Left Center Midfield",0.378,2419.6,55.608,44.301,8.927,0.372,0.112,45.119,1.004,0.074,0.066,1.785,1.227,19.937,5.951,1.748,2.083,2.083,7.402,2.753,3.162,1.674,1.823,54.53,0.797,0.688,19.98,62.22,36,20.97,17.86,0.183,0.131,"DM_CM",0.738
6802,"Celta Vigo","Jonathan Castro Otto","Left Back",0.639,3112.1,54.803,44.739,6.333,0.521,0.116,36.496,0.405,0.029,0.024,1.244,0.636,16.195,4.251,2.69,2.14,2.342,3.846,2.256,1.417,0.954,0.578,37.393,0.816,0.512,18.49,57.95,30.68,26.15,26.59,0.215,0.27,"FB",0.949
6804,"Celta Vigo","Sergi Gómez Solà","Left Center Back",0.797,2718.7,51.047,43.698,10.693,0.099,0.033,37.607,0.066,0,0.004,0.166,0.132,11.256,4.105,2.748,4.767,1.821,3.906,1.655,1.092,0.232,0.132,38.467,0.856,0.8,23.44,37.96,30.58,17,17.36,0.012,0.56,"CB",0.979
6805,"Celta Vigo","Hugo Mallo Novegil","Right Back",0.779,3047.3,52.216,41.171,10.189,0.295,0.118,33.728,0.266,0.03,0.014,0.65,0.413,15.712,3.574,2.304,3.426,1.979,4.253,2.806,1.772,0.532,0.354,36.032,0.788,0.636,21.43,54.13,63.61,26.88,14.03,0.183,0.325,"FB",0.779
6821,"Manchester City","Jesús Navas González","Right Wing",0.571,2384.7,54.799,41.627,6.642,1.812,0.264,49.817,1.17,0,0.108,2.566,1.698,14.719,6.001,0.491,0.717,1.962,2.378,1.057,0.793,1.623,1.51,56.837,0.76,0.662,17.19,79.28,66.91,24.21,12.57,0.543,0.078,"AM_W",0.994
6822,"Sampdoria","Carlos Joaquín Correa","Left Wing",0.265,1380.1,42.519,34.172,6.326,1.304,0.065,43.823,2.282,0.196,0.256,4.565,2.348,21.651,5.543,1.043,0.522,0.978,3.261,1.369,1.174,2.674,2.348,55.497,0.804,0.514,17.78,71.89,28.12,22.36,19.68,0.378,0.092,"AM_W",0.638
6823,"Sevilla","Sergio Rico González","Goalkeeper",1,3177,28.895,19.206,17.96,0,0,13.767,0,0,0,0,0,0.113,4.533,0.057,0.028,0.085,0,0,0,0,0.028,10.935,0.665,0,42.83,8.21,41.33,5.9,7.52,0,0.994,"GK",1
6825,"Sevilla","Daniel Filipe Martins Carriço","Left Center Back",0.467,1095.2,41.006,33.528,9.45,0,0.082,27.201,0.575,0.082,0.086,0.411,0.247,10.847,3.369,1.808,5.752,1.89,3.862,1.479,1.068,0.329,0.575,28.433,0.818,0.6,23.91,38.62,38.6,21.89,22.69,0.051,0.577,"CB",0.879
6827,"Villarreal","Daniele Bonera","Right Center Back",0.719,1012.8,44.785,38.387,12.529,0.089,0,29.679,0.178,0,0.017,0.089,0.089,7.464,1.866,1.333,3.021,1.599,2.133,1.066,1.422,0,0.178,32.878,0.857,1,25.38,40.75,47.64,18.97,17,0.018,0.469,"CB",1
6828,"Villarreal","Jaume Vicent Costa Jordá","Left Back",0.965,1597.4,47.495,37.466,7.775,0.169,0.056,28.959,0.225,0.056,0.018,0.282,0.225,10.986,3.211,2.648,1.916,3.211,4.451,2.986,1.409,0.338,0.282,30.311,0.789,0.8,20.13,54.42,13.31,27.28,14.08,0.179,0.316,"FB",1
6829,"Villarreal","Samuel Castillejo Azuaga","Left Midfield",0.685,1757.9,35.327,23.142,5.99,1.126,0.051,37.529,1.28,0.051,0.075,4.301,1.792,22.886,5.837,1.434,0.717,3.277,3.277,1.382,1.434,2.867,2.765,42.444,0.655,0.417,18.85,68.54,30.29,27.32,24.63,0.375,0.171,"AM_W",0.99
6830,"Fiorentina","Facundo Sebastián Roncaglia","Right Back",0.423,2542.9,67.882,59.636,9.733,0.283,0,48.452,0.389,0.035,0.005,0.319,0.177,16.917,5.344,1.133,2.654,2.194,4.813,3.115,1.77,0.212,0.354,49.054,0.879,0.556,20.11,47.38,54.76,21.85,21.03,0.067,0.376,"FB",0.543
6832,"Real Betis","Rubén Castro Martín","Center Forward",0.469,3492.5,26.336,18.94,2.242,0.67,0.103,22.626,2.654,0.49,0.428,1.469,0.644,6.185,2.835,0.387,0.077,0.541,2.268,0.155,0.644,1.031,2.242,44.194,0.719,0.439,14.69,80.64,35.51,21.09,23.01,0.522,0.04,"FW",0.936
6837,"Eibar","Mauro Javier Dos Santos","Right Center Back",0.986,2779.2,31.768,21.308,11.561,0.065,0.032,17.196,0.356,0,0.023,0.356,0.162,8.905,3.789,1.846,5.279,1.328,3.497,1.684,1.166,0.162,0.097,15.9,0.671,0.455,27.35,41.88,52.89,20.26,14.45,0.036,0.457,"CB",1
6838,"Espanyol","Hernán Arsenio Pérez González","Right Wing",0.675,2530.5,36.242,24.47,4.908,0.889,0.036,37.665,1.672,0.249,0.168,6.011,3.414,19.917,5.655,1.316,0.676,1.885,3.877,1.849,3.592,2.419,2.988,47.766,0.675,0.568,17.49,70.78,57.75,27.27,21.77,0.389,0.153,"AM_W",0.971
6841,"Sevilla","Víctor Machín Pérez","Right Wing",0.727,2160.8,33.987,24.658,2.541,1.374,0.167,35.154,1,0.083,0.136,3.415,1.666,20.576,5.29,0.833,0.583,2.124,4.248,2.166,2.499,1.916,1.916,42.693,0.725,0.488,15.35,72.13,49.84,28.02,22.56,0.449,0.154,"AM_W",0.974
6842,"Athletic Club","Iker Muniain Goñi","Left Wing",0.8,1052,47.396,39.782,5.133,1.454,0,45.6,1.968,0.171,0.249,2.994,1.968,12.148,6.502,1.198,0.599,0.856,2.823,1.454,0.513,1.882,1.369,52.016,0.839,0.657,16.85,70.52,25.84,23.2,20.51,0.351,0.099,"AM_W",0.986
6844,"Málaga","Federico Ricca Rostagnol","Left Back",1,660.9,48.068,33.362,5.855,0.681,0.136,26.826,0.272,0.136,0.043,0.272,0.272,12.528,4.902,2.315,3.268,2.86,5.719,3.132,1.498,0.817,0.545,24.919,0.694,1,18.37,57.32,10.57,29.59,10.23,0.237,0.292,"FB",1
6847,"Granada","Adalberto Peñaranda Maestre","Right Center Forward",0.307,1715.8,19.985,14.477,1.731,0.629,0.157,26.752,1.154,0.262,0.099,3.462,2.098,20.824,3.724,0.472,0.262,2.098,6.242,1.626,3.357,3.305,3.095,40.18,0.724,0.606,15.01,76.84,38.82,20.97,24.15,0.449,0.046,"FW",0.755
6849,"AS Roma","Lucas Digne","Left Back",0.974,2984.1,60.923,47.17,7.057,0.724,0.06,38.756,0.483,0.09,0.023,1.206,0.664,14.356,4.614,1.267,2.926,2.654,3.438,1.9,1.598,1.327,1.146,45.542,0.774,0.55,16.89,62.14,10.83,28.93,9.07,0.291,0.247,"FB",0.993
6852,"Rayo Vallecano","Jozabed Sánchez Ruiz","Center Attacking Midfield",0.51,2128.3,45.627,37.423,7.527,1.142,0.085,38.565,1.903,0.381,0.227,1.607,0.973,17.253,5.37,1.057,0.846,1.269,2.833,1.269,0.93,1.395,1.607,46.726,0.82,0.605,18.6,64.5,37.19,23.56,21.13,0.257,0.145,"AM_W",0.524
6856,"Getafe","Carlos Martín Vigaray","Left Back",0.477,1264.5,36.085,27.259,6.121,0.498,0,23.203,0.285,0.071,0.021,1.637,0.854,14.448,3.487,1.779,2.562,2.206,4.697,3.345,1.637,0.783,1.139,23.274,0.755,0.522,20.52,52.93,36.55,29.74,28.79,0.202,0.369,"FB",0.843
6859,"Sassuolo","Nicola Sansone","Left Wing",0.811,2652.4,34.814,25.517,4.072,1.459,0.136,36.647,2.138,0.238,0.192,3.325,1.595,18.459,3.834,0.543,0.339,1.425,2.579,0.882,1.798,2.579,2.613,54.291,0.733,0.48,16.61,78.28,21.53,24.41,17.38,0.523,0.081,"AM_W",0.981
6861,"Getafe","Juan Torres Ruiz","Left Center Back",0.839,1984.8,35.504,26.617,13.649,0.136,0.045,22.536,0.272,0.045,0.04,0.408,0.272,10.112,3.854,2.358,4.942,1.678,3.582,2.222,1.632,0.227,0.227,22.899,0.75,0.667,29.86,37.78,32.17,20.24,17.23,0.033,0.593,"CB",0.998
6862,"Villarreal","Cédric Bakambu","Right Center Forward",0.483,1929.2,24.026,17.121,1.773,0.606,0.14,24.819,2.286,0.56,0.437,2.053,1.166,17.728,2.939,0.373,0.233,1.213,4.852,0.56,2.846,1.773,3.266,48.145,0.713,0.568,14.19,76.02,39.23,22.98,20.58,0.443,0.07,"FW",0.968
6865,"Real Betis","Francisco José Molinero Calderón","Right Back",0.91,1234.1,44.633,33.766,5.616,0.365,0.073,27.494,0.438,0,0.021,2.042,0.365,12.398,3.209,1.896,4.011,1.896,4.74,2.48,2.042,0.875,0.948,30.922,0.757,0.179,17.6,58.09,64.41,27.8,18.13,0.23,0.266,"FB",0.996
6867,"Espanyol","Papa Kouly Diop","Right Defensive Midfield",0.354,2583.3,42.017,32.436,8.78,0.105,0,30.171,0.766,0.105,0.053,0.871,0.627,17.315,5.749,2.578,2.195,1.986,5.923,2.787,3.101,0.766,0.871,31.112,0.772,0.72,21.68,54.83,43.72,19.89,18.04,0.097,0.215,"DM_CM",0.995
6869,"RC Deportivo La Coruña","Alejandro Arribas Garrido","Right Center Back",0.93,2857.5,36.032,26.488,11.024,0.126,0,22.992,0.378,0.063,0.044,0.378,0.22,9.228,3.213,2.394,5.638,1.606,3.685,1.827,1.102,0.315,0.189,23.591,0.735,0.583,25.3,40.37,52.98,20.02,15.49,0.031,0.494,"CB",1
6870,"Watford","José Manuel Jurado Marín","Left Midfield",0.569,2049.2,45.458,36.498,5.358,1.713,0,42.208,1.581,0,0.07,3.777,2.284,15.065,6.852,0.747,0.395,1.625,3.031,1.493,0.659,2.152,2.064,50.113,0.803,0.605,16.82,69.21,24.48,24.89,21.15,0.362,0.139,"AM_W",0.923
6871,"Sunderland","Costel Fane Pantilimon","Goalkeeper",1,1603.3,31.435,15.773,25.148,0.056,0,12.574,0,0,0,0,0,0.337,4.996,0,0,0,0,0,0.112,0,0,11.114,0.502,0,53.12,9.17,41.6,6.98,9.07,0,0.991,"GK",1
6872,"Real Betis","Bruno González Cabrera","Left Center Back",0.499,2918.7,32.994,26.118,9.59,0,0,21.585,0.524,0,0.033,0.463,0.37,10.577,3.084,2.374,6.907,1.603,4.009,2.004,1.203,0.216,0.247,21.955,0.792,0.8,24.81,38.84,40.84,19.97,19.99,0.035,0.542,"CB",0.947
6873,"Real Betis","Francisco Portillo Soler","Left Midfield",0.425,1012.7,49.592,40.793,6.31,1.422,0,48.792,0.444,0,0.027,4.088,3.111,15.997,5.866,0.978,0.8,1.333,3.111,1.066,1.689,2.133,1.6,52.258,0.823,0.761,16.4,67.03,34.1,23.85,22.53,0.293,0.135,"AM_W",0.85
6878,"Málaga","Miguel Torres Gómez","Left Back",0.769,2030.6,39.934,28.1,7.623,0.355,0.089,19.324,0.044,0,0.001,0.266,0.133,10.681,2.127,1.463,2.748,2.97,4.033,2.571,1.108,0.133,0.133,22.693,0.704,0.5,20.94,54.51,22.54,27.54,24.18,0.191,0.31,"FB",0.961
6880,"Sporting Gijón","Arnaldo Antonio Sanabria Ayala","Center Forward",0.531,2306.6,24.347,17.675,1.873,0.468,0.039,23.996,2.029,0.429,0.445,2.146,1.092,15.88,3.316,0.429,0.273,1.405,8.467,0.585,1.639,1.717,3.434,48.421,0.726,0.509,15.24,77.12,37.92,20.45,21.3,0.445,0.04,"FW",0.979
6884,"Celta Vigo","Sergio Álvarez Conde","Goalkeeper",1,2828.6,31.849,18.581,21.731,0,0,15.241,0,0,0,0,0,0.095,4.359,0,0,0,0,0,0,0,0,14,0.583,0,46.61,9.53,40.42,6.47,8.16,0,0.995,"GK",1
6890,"Celta Vigo","Andreu Fontàs Prat","Left Center Back",1,562.5,74.876,66.876,15.839,0.48,0,59.996,0.32,0.16,0.051,0,0,11.359,4.8,2.72,4.8,1.6,3.68,2.88,0.32,0.48,0.48,60.156,0.893,0,22.17,44.8,27.39,19.02,12.58,0.024,0.394,"CB",1
6894,"Genoa","Ezequiel Muñoz","Right Center Back",0.535,1460.5,39.068,31.427,6.47,0.062,0,25.635,0.493,0,0.032,0.246,0.185,19.842,3.512,1.356,5.176,3.081,4.314,2.403,1.972,0.308,0.37,25.696,0.804,0.75,20.33,41.72,49.18,22.62,21.09,0.048,0.485,"CB",0.997
6898,"Valencia","Jaume Doménech Sánchez","Goalkeeper",1,1586.4,29.273,17.303,21.331,0.057,0,11.573,0,0,0,0,0,0.057,3.914,0,0.057,0,0,0,0,0,0,9.928,0.591,0,47.45,9.12,40.51,7.18,7.28,0.001,0.994,"GK",1
6899,"Real Sociedad","Rubén Pardo Gutiérrez","Left Defensive Midfield",0.365,1846.2,57.768,43.874,16.916,1.901,0.341,40.949,1.804,0,0.094,1.072,0.39,17.452,5.996,1.755,0.634,1.609,2.925,1.462,1.365,0.439,0.682,44.362,0.759,0.364,23.46,64.46,36.62,23.62,21.79,0.266,0.159,"DM_CM",0.907
6907,"Getafe","Pedro León Sánchez Gil","Right Wing",0.524,1887.1,36.438,21.653,8.442,1.431,0.191,33.91,2.099,0.095,0.165,4.579,2.671,17.504,4.149,1.288,0.429,1.669,3.386,1.192,2.337,2.289,2.719,44.832,0.594,0.583,20.31,73.8,53.67,26.14,24.41,0.445,0.119,"AM_W",0.961
6913,"RC Deportivo La Coruña","Fernando Navarro i Corbacho","Left Back",0.839,3050.9,47.995,35.753,9.322,0.295,0.059,29.352,0.029,0,0.001,0.944,0.59,11.534,3.687,2.212,2.035,2.566,4.454,2.891,1.239,0.236,0.531,31.151,0.745,0.625,20.93,53.99,13.36,26.09,11.46,0.177,0.31,"FB",0.839
6914,"Rayo Vallecano","Roberto Román Triguero","Left Back",0.413,2647.6,43.987,34.299,6.833,0.476,0.102,25.733,0.408,0.034,0.023,0.85,0.442,11.931,3.263,1.564,3.195,2.142,3.671,1.428,1.36,0.34,0.612,28.928,0.78,0.52,19.71,53.63,36.46,27.25,28.2,0.172,0.332,"FB",0.731
6918,"Granada","Isaac Ajayi Success","Right Wing",0.485,2516.4,25.179,15.522,3.29,0.823,0.072,34.156,2.039,0.215,0.208,5.007,2.039,11.874,3.827,0.751,0.572,1.288,3.612,1.073,2.039,2.79,4.936,49.32,0.616,0.407,17.61,78.43,41.06,24,28.4,0.496,0.069,"AM_W",0.912
6926,"Sporting Gijón","Alen Halilović","Center Attacking Midfield",0.412,2436.8,32.686,24.856,6.685,0.849,0.185,35.382,2.179,0.111,0.155,4.838,2.622,10.23,4.875,0.406,0.222,0.813,1.625,0.665,0.443,2.179,1.108,40.774,0.76,0.542,19.9,71.08,58.4,22.1,17.79,0.347,0.087,"AM_W",0.837
6927,"Las Palmas","David García Santana","Right Back",0.675,1658.4,53.238,42.384,10.582,0.38,0.054,32.995,0.488,0.109,0.046,0.326,0.163,7.977,2.822,2.334,3.582,2.008,3.093,2.008,0.705,0.163,0.326,36.414,0.796,0.5,21.72,49.37,63.74,23.45,13.71,0.112,0.346,"FB",0.675
6928,"Las Palmas","Pedro Taunausú Domínguez Placeres","Center Attacking Midfield",0.526,2161.1,47.892,39.646,4.206,1.208,0.125,48.225,1.291,0.208,0.117,2.624,1.416,21.53,5.164,0.958,0.208,1.624,3.54,1.583,1.291,2.957,2.499,58.719,0.828,0.54,15.95,67.15,46.09,22.89,20.04,0.291,0.122,"AM_W",0.614
6929,"Las Palmas","José Vicente Gómez Umpiérrez","Left Defensive Midfield",0.581,1520.4,61.442,53.747,6.689,0.355,0.059,48.42,0.414,0.059,0.016,1.657,0.947,14.739,4.795,1.184,1.776,1.302,5.15,2.486,1.717,0.888,1.302,55.345,0.875,0.571,17.53,54.15,33.95,20.13,18.16,0.095,0.228,"DM_CM",0.984
6932,"Las Palmas","Dani Castellano Betancor","Left Back",0.831,2325.6,53.522,42.957,5.689,0.426,0,39.59,0.31,0,0.014,2.245,1.548,11.184,4.064,2.903,2.709,2.399,4.334,2.245,1.122,1.238,1.355,41.022,0.803,0.69,17.37,56.59,12.33,24.27,10.16,0.153,0.223,"FB",0.996
6934,"Las Palmas","Jerónimo Figueroa Cabrera","Left Midfield",0.39,1426.4,55.146,45.114,9.023,1.514,0.189,51.108,1.01,0,0.056,3.66,2.587,13.313,5.426,1.767,0.442,1.262,2.398,1.704,0.82,1.262,1.325,56.092,0.818,0.707,18.87,67.71,38.47,24.38,27.58,0.313,0.129,"AM_W",0.855
6935,"Villarreal","Adrián Marín Gómez","Left Back",0.992,963.8,50.891,38.471,7.283,0.56,0,32.215,0.093,0,0.002,1.587,0.747,12.232,4.482,2.241,2.521,2.895,4.762,3.548,1.214,0.374,0.654,32.122,0.756,0.471,19.82,54.09,10.35,26.88,9.51,0.182,0.312,"FB",0.992
6938,"Udinese","Felipe Dias da Silva dal Belo","Left Center Back",0.926,2227,35.523,27.521,8.325,0.121,0.04,20.53,0.445,0.04,0.067,0.323,0.242,15.842,3.556,1.657,5.052,2.667,4.405,2.95,1.98,0.162,0.162,21.661,0.775,0.75,22.64,44.36,24.05,21.61,14.42,0.05,0.417,"CB",0.988
6940,"Juventus","Kwadwo Asamoah","Left Center Midfield",0.887,581.2,53.269,48.314,7.123,1.239,0.155,50.327,1.549,0,0.152,1.858,1.394,11.769,5.884,0.465,0.465,0.929,2.478,1.858,1.549,2.013,2.323,59.463,0.907,0.75,18.38,65.76,26.4,22.35,18.13,0.273,0.118,"DM_CM",1
6941,"Atalanta","Jasmin Kurtič","Left Center Midfield",0.549,2489.7,38.644,28.413,5.061,0.506,0,30.655,1.482,0.072,0.092,1.193,0.868,22.702,3.868,0.831,1.446,1.88,4.302,1.554,1.446,0.795,1.41,45.295,0.735,0.727,17.63,66.47,33.18,26.35,25.29,0.302,0.163,"DM_CM",0.757
6943,"Juventus","Andrea Barzagli","Right Center Back",0.697,2845.9,61.952,54.583,12.302,0.348,0,43.831,0.126,0.032,0.022,0.443,0.285,7.558,4.364,0.854,3.131,1.486,2.024,1.17,0.253,0.348,0.285,47.689,0.881,0.643,21.98,46.6,53.74,20.81,20.21,0.055,0.382,"CB",0.94
6944,"AC Milan","Mattia De Sciglio","Left Back",0.579,1920.6,54.919,41.236,9.559,0.797,0.047,35.519,0.609,0,0.012,0.609,0.328,13.73,4.733,0.843,2.812,2.156,2.952,1.968,1.828,0.562,0.89,39.315,0.751,0.538,19.85,61.01,35.39,27.28,30.1,0.283,0.243,"FB",0.968
6945,"Juventus","Alex Sandro Lobo Silva","Left Wing Back",0.784,1574.9,59.891,48.347,8.515,2.172,0.171,45.718,1.029,0.114,0.054,2.743,1.6,14.401,6.058,2,2.457,1.772,3.315,2.229,1.829,1.943,1.486,49.09,0.807,0.583,18.56,66.74,11.54,27.87,10.67,0.357,0.185,"FB",0.944
6947,"AS Roma","Miralem Pjanić","Right Center Midfield",0.465,2781.9,77.484,61.922,14.591,2.071,0.356,53.478,2.2,0.324,0.196,1.391,0.841,19.735,4.626,1.262,0.679,2.135,2.394,1.165,1.941,1.262,1.229,70.496,0.799,0.605,19.18,67.26,45.96,24.28,20.63,0.317,0.138,"DM_CM",0.88
6948,"Bologna","Sergio Floccari","Center Forward",0.792,1185.4,27.333,20.803,1.974,0.683,0.076,27.788,1.974,0.152,0.139,2.43,1.746,18.905,4.555,0.228,0.987,1.518,6.226,0.456,2.05,2.657,2.961,58.007,0.761,0.719,14.79,77.64,34.47,22.28,20.43,0.471,0.052,"FW",0.809
6948,"Sassuolo","Sergio Floccari","Center Forward",1,450.7,18.373,13.78,2.197,0.799,0,22.966,3.994,0.799,0.412,1.997,0.799,23.765,3.595,0.399,0.599,0.999,6.391,1.398,2.396,2.396,4.194,58.513,0.75,0.4,16.15,80.1,40.67,22.33,17.77,0.523,0.038,"FW",1
6949,"Juventus","Gianluigi Buffon","Goalkeeper",1,3279.5,24.369,19.786,10.95,0,0,10.648,0,0,0,0,0,0,4.062,0,0.027,0,0,0,0.027,0,0,9.605,0.812,0,33.7,9.67,41.37,6.92,8.39,0,0.993,"GK",1
6950,"Chievo","Alberto Paloschi","Right Center Forward",0.503,1730.9,19.863,12.635,1.248,0.468,0.104,17.783,2.132,0.416,0.492,1.352,0.572,18.407,3.016,0.156,0.364,1.248,4.056,0.728,1.768,1.716,2.392,51.01,0.636,0.423,14.44,77.72,38.22,23.1,19.74,0.471,0.053,"FW",1
6950,"Swansea City","Alberto Paloschi","Center Forward",0.692,684.1,26.575,19.076,2.237,0.658,0,22.234,1.973,0.263,0.374,1.184,0.132,16.313,2.631,0.526,0.526,1.579,4.21,0.789,2.237,2.105,2.237,58.544,0.718,0.111,14.43,76.13,45.71,25.2,21.78,0.452,0.089,"FW",0.985
6952,"Atalanta","Alberto Grassi","Right Center Midfield",0.907,993.2,34.525,26.641,3.353,0.725,0,27.729,1.45,0,0.09,1.54,0.544,19.664,5.981,1.903,2.084,1.903,4.078,2.809,2.537,0.544,1.994,37.606,0.772,0.353,16.33,65.06,58.15,25.97,16.16,0.307,0.154,"DM_CM",0.98
6953,"Juventus","Daniele Rugani","Left Center Back",0.565,1227.4,57.78,51.841,7.626,0.073,0,44.141,0.22,0,0.012,0.44,0.367,13.565,3.886,0.88,3.52,1.247,2.933,2.126,1.247,0.293,0.293,48.028,0.897,0.833,20.71,44.76,38.29,19.63,23.78,0.031,0.406,"CB",0.999
6954,"Juventus","Giorgio Chiellini","Left Center Back",1,1909.2,66.516,57.276,14.048,0.471,0,48.791,0.707,0.047,0.065,0.236,0.189,9.24,4.856,1.509,4.196,1.273,3.347,1.98,1.367,0.424,0.377,53.222,0.861,0.8,22.75,47.83,21.73,21.6,12.14,0.065,0.351,"CB",1
6962,"AS Roma","Radja Nainggolan","Left Center Midfield",0.45,3054.9,52.824,44.339,9.928,1.208,0.029,45.517,1.944,0.177,0.113,1.178,0.707,17.176,6.805,0.943,0.766,1.444,2.946,1.738,1.561,1.561,1.473,54.68,0.839,0.6,20.15,65.59,38.66,22.31,20.99,0.27,0.129,"DM_CM",0.845
6963,"Sassuolo","Lorenzo Pellegrini","Right Center Midfield",0.659,1196.6,46.18,34.823,6.017,0.978,0,37.756,1.805,0.226,0.2,2.106,1.203,23.09,5.867,1.128,1.128,1.655,4.513,2.031,2.632,1.203,1.655,47.384,0.754,0.571,18.17,66.27,50.36,24.13,21.53,0.283,0.134,"DM_CM",1
6964,"AS Roma","Alessandro Florenzi","Right Back",0.676,2828.8,59.782,46.165,13.299,1.114,0.095,40.565,1.527,0.223,0.104,1.559,0.732,13.999,4.295,1.973,2.1,2.673,2.991,1.495,0.795,0.7,1.336,49.792,0.772,0.469,21.57,62.83,61.62,27.68,18.46,0.288,0.22,"FB",0.721
6965,"Torino","Bruno da Silva Peres","Right Wing Back",0.796,2700.2,42.064,33.765,9.933,0.967,0.133,36.964,1.333,0.1,0.051,4.266,2.667,15.166,5.333,1.067,1.1,1.4,2.833,2.033,0.9,1.767,1.733,37.764,0.803,0.625,22.18,58.6,56.93,28.45,25.32,0.257,0.291,"FB",1
6969,"Inter Milan","Juan Guilherme Nunes Jesus","Left Back",0.506,1484.1,57.55,47.18,9.157,0.606,0,42.025,0.243,0,0.009,1.031,0.606,16.677,4.791,0.667,3.517,2.729,3.82,2.547,2.001,0.424,0.606,42.874,0.82,0.588,19.87,49.91,17.14,24.29,13.78,0.116,0.37,"FB",0.51
6973,"AS Roma","Edin Džeko","Center Forward",0.904,2089.6,25.756,16.539,2.326,0.646,0.172,23.861,3.79,0.345,0.58,1.766,0.904,13.136,2.713,0.086,0.861,1.335,5.901,0.603,1.809,2.11,3.833,63.615,0.642,0.512,15.65,82.3,38.73,22.1,19,0.54,0.031,"FW",1
6979,"AS Monaco","Stephan El Shaarawy","Left Wing",0.737,708.8,36.698,30.348,2.159,1.016,0,37.713,3.555,0,0.232,3.048,1.27,13.079,4.19,0.635,0.254,1.143,3.175,1.143,0.762,4.19,1.905,59.046,0.827,0.417,15.1,78.03,20.02,23.49,16.63,0.505,0.073,"AM_W",0.784
6979,"AS Roma","Stephan El Shaarawy","Left Wing",0.702,1217.5,39.622,31.491,3.105,0.813,0.148,39.179,3.4,0.591,0.454,2.292,1.035,17.224,4.509,0.444,1.183,1.257,3.031,1.183,0.665,1.922,3.031,58.103,0.795,0.452,14.54,77.35,19.13,25.15,15.43,0.518,0.101,"AM_W",0.842
6982,"Lyon","Maxime Gonalons","Center Defensive Midfield",0.773,3008.5,57.706,51.663,11.786,0.269,0,44.543,0.688,0,0.038,0.927,0.718,20.252,6.282,1.705,2.034,2.124,5.145,3.171,1.675,0.658,0.598,45.261,0.895,0.774,21.82,51.87,41.55,19.75,17.46,0.076,0.272,"DM_CM",0.826
6983,"Atalanta","Remo Freuler","Left Center Midfield",0.777,465.1,30.769,24.189,3.096,0.387,0,24.963,0.968,0.194,0.116,0.581,0.194,28.447,4.644,0.774,0.581,1.742,5.805,3.677,3.29,1.355,1.935,29.801,0.786,0.333,15.12,64.37,27.67,26,19.51,0.305,0.192,"DM_CM",0.934
6984,"Inter Milan","Danilo D''Ambrosio","Right Back",0.711,1703.3,49.985,37.938,6.975,0.476,0,32.654,0.423,0.106,0.043,1.638,0.634,15.746,4.121,1.374,2.959,2.589,3.699,2.536,1.849,0.898,1.268,37.251,0.759,0.387,18.77,57.82,58.17,27.84,24.26,0.232,0.287,"FB",0.969
6987,"Inter Milan","Mauro Emanuel Icardi Rivero","Center Forward",0.559,2669.5,18.812,13.384,1.686,0.91,0.135,15.441,1.989,0.539,0.417,0.573,0.236,13.317,2.09,0.067,1.146,0.809,3.27,0.337,0.742,0.674,2.09,46.289,0.711,0.412,15.35,80.51,40.52,24.18,18.63,0.523,0.055,"FW",1
6991,"Lazio","Etrit Berisha","Goalkeeper",1,921.7,23.045,16.502,13.866,0,0,9.96,0,0,0,0,0,0.293,4.004,0,0,0,0,0,0.195,0,0,7.714,0.716,0,39.88,10.95,40.69,7.92,8.3,0,0.997,"GK",1
6992,"Atalanta","Andrea Masiello","Right Back",0.693,2498,46.153,34.948,12.214,0.36,0.036,27.49,0.144,0,0.005,0.18,0.144,10.989,4.215,1.693,4.179,2.126,2.306,1.441,1.045,0.18,0.216,30.012,0.757,0.8,23.62,48.61,59.26,26.61,19.12,0.139,0.403,"FB",0.693
6994,"Atalanta","Marten de Roon","Center Defensive Midfield",0.625,3226,46.563,35.989,10.378,0.502,0.028,31.414,0.558,0.028,0.021,0.697,0.474,30.912,5.273,1.841,1.869,2.148,5.58,3.766,2.427,0.753,0.781,33.98,0.773,0.68,22.13,52.64,39.95,20.47,19.66,0.089,0.264,"DM_CM",1
6997,"Fiorentina","Borja Valero Iglesias","Right Defensive Midfield",0.224,3221.7,65.397,56.374,10.001,2.011,0.168,58.636,1.006,0.112,0.087,2.263,1.481,16.705,5.531,0.531,0.475,1.453,2.514,1.592,1.006,1.9,1.704,68.945,0.862,0.654,18.63,67.09,35.73,22.37,20.99,0.281,0.115,"DM_CM",0.535
6999,"Inter Milan","Davide Santon","Right Back",0.888,1011.3,57.492,48.148,8.277,0.445,0.089,44.41,0.267,0,0.004,1.602,0.712,12.015,5.696,0.445,2.225,2.581,3.026,1.424,1.602,0.356,0.534,45.033,0.837,0.444,19.48,60.15,66.28,26.37,14.48,0.24,0.226,"FB",0.902
7000,"Inter Milan","Eder Citadin Martins","Center Forward",0.326,786.9,23.904,18.872,3.088,0.458,0,26.078,2.631,0.114,0.237,2.173,1.144,17.271,4.003,0.458,0.229,1.601,3.774,0.915,1.601,1.83,1.83,44.721,0.789,0.526,15.98,77.2,38.29,23.57,23.27,0.477,0.071,"FW",0.579
7000,"Sampdoria","Eder Citadin Martins","Left Wing",0.38,1698.7,26.915,20.663,2.808,0.848,0.159,29.512,3.02,0.636,0.403,1.96,0.901,12.928,4.663,0.583,0.318,1.272,2.808,1.06,1.431,2.172,2.172,46.943,0.768,0.459,16.89,76.83,37.02,25.22,23.58,0.517,0.097,"AM_W",0.58
7001,"Inter Milan","Samir Handanovič","Goalkeeper",1,3393.8,26.095,19.571,14.294,0,0,10.502,0,0,0,0.027,0,0.08,4.137,0,0,0,0,0,0.027,0,0.027,8.327,0.75,0,38.32,8.46,39.57,5.81,7.16,0,0.994,"GK",1
7002,"Atalanta","Rafael Tolói","Right Center Back",0.899,1999.7,32.45,25.249,9.586,0.09,0,19.848,0.45,0.045,0.021,0.405,0.315,12.512,3.376,1.305,5.401,1.71,3.961,2.565,1.62,0.27,0.27,21.198,0.778,0.778,26.04,39.51,53.11,20.05,15.79,0.033,0.534,"CB",0.946
7005,"Valencia","João Pedro Cavaco Cancelo","Right Back",0.681,2250.9,48.381,36.346,9.516,0.48,0.16,38.425,0.44,0.04,0.044,4.358,2.359,13.595,5.118,2.479,1.999,1.839,3.918,2.679,1.839,1.28,1.719,38.145,0.751,0.541,20.74,61.03,59.81,28.38,22.88,0.273,0.246,"FB",0.834
7006,"Atalanta","Alejandro Darío Gómez","Left Wing",0.829,2917.2,43.624,29.648,8.731,1.913,0.216,40.693,2.684,0.216,0.184,3.887,2.283,13.605,5.522,1.08,0.247,1.296,2.252,1.141,1.049,1.543,2.499,54.452,0.68,0.587,19.38,75.01,22.25,25,19.5,0.453,0.098,"AM_W",0.935
7009,"Sampdoria","Édgar Osvaldo Barreto Cáceres","Left Center Midfield",0.577,2243.5,41.12,33.818,6.258,0.481,0.04,29.767,0.722,0,0.038,0.401,0.16,26.036,3.651,1.043,1.163,1.845,3.611,3.009,1.444,0.401,0.883,38.031,0.822,0.4,19.34,58.43,31.71,23.69,20.4,0.203,0.24,"DM_CM",0.984
7011,"Sampdoria","Fabio Quagliarella","Center Forward",0.64,1279.4,20.19,13.718,3.447,0.703,0.07,19.486,3.588,0.211,0.313,0.774,0.492,18.783,3.025,0.141,1.407,1.688,4.432,0.703,1.196,1.266,2.392,54.66,0.679,0.636,16.88,79.71,38.89,22.61,17.95,0.528,0.051,"FW",0.99
7011,"Torino","Fabio Quagliarella","Right Center Forward",0.508,1403.6,19.685,12.567,2.693,0.449,0,18.979,3.206,0.321,0.356,1.218,0.577,20.711,3.462,0.064,0.321,1.347,3.398,0.898,1.731,1.603,2.437,42.255,0.638,0.474,16.91,75.63,40.6,23.8,16.75,0.445,0.077,"FW",0.974
7012,"Sampdoria","Vasco Regini","Left Back",0.716,1251.5,43.364,35.669,4.602,0.072,0,30.348,0.575,0,0.048,0.863,0.36,18.05,3.236,0.575,3.092,2.517,3.74,2.661,1.438,0.431,0.791,35.31,0.823,0.417,17.14,52.32,14.94,26.75,12.32,0.152,0.315,"FB",0.779
7013,"Juventus","Stefano Sturaro","Right Center Midfield",0.76,1073,42.107,31.287,5.2,1.007,0,33.551,0.923,0.084,0.082,1.258,0.503,22.563,5.117,1.007,1.09,3.103,4.529,2.516,2.432,1.09,1.09,41.52,0.743,0.4,18.36,65.12,54.96,26.04,18.55,0.3,0.187,"DM_CM",0.91
7017,"Udinese","Duván Esteban Zapata Banguera","Right Center Forward",0.653,1595.8,18.386,11.618,1.805,0.451,0.113,21.262,2.933,0.451,0.406,1.974,0.846,14.607,3.892,0.508,0.733,1.918,5.978,0.451,2.707,3.271,4.343,55.722,0.632,0.429,15.9,80.08,41.62,23.6,21.13,0.521,0.051,"FW",1
7018,"Sampdoria","Emiliano Viviano","Goalkeeper",1,3479.5,34.427,20.46,24.857,0.026,0,13.786,0,0,0,0,0,0.207,5.121,0,0,0.052,0,0,0,0,0.026,11.821,0.594,0,49.72,8.36,39.45,6.12,7.29,0,0.992,"GK",1
7019,"Sampdoria","Matías Agustín Silvestre","Right Center Back",0.638,2062.9,44.282,37.607,9.903,0.044,0,31.15,0.175,0,0.013,0.262,0.262,11.299,3.272,0.698,5.192,2.138,2.356,1.003,1.44,0.131,0.044,33.811,0.849,1,23.46,37.41,45.71,19.86,17.97,0.022,0.577,"CB",1
7020,"Hellas Verona","Jacopo Sala","Right Back",0.398,1526.1,44.585,31.08,8.021,0.944,0.059,36.624,0.649,0,0.034,2.123,0.826,20.818,6.251,0.826,1.238,2.241,4.541,3.303,1.474,1.356,1.71,41.047,0.697,0.389,19.74,61.92,64.45,27.35,13.98,0.266,0.233,"FB",0.49
7022,"Genoa","Jesús Joaquín Fernández Sáez de la Torre","Right Wing",0.324,1189.5,49.559,34.654,10.593,2.497,0.076,47.97,2.8,0.454,0.149,3.632,2.27,12.333,4.388,0.605,0.151,0.757,2.194,0.757,1.135,2.648,1.74,60.077,0.699,0.625,19.26,75.09,51.05,22.76,23.4,0.439,0.087,"AM_W",0.703
7024,"Napoli","Jorge Luiz Frello Filho","Center Defensive Midfield",0.992,3034.3,112.089,98.682,12.636,1.869,0.119,82.161,0.178,0,0.005,0.919,0.534,23.581,6.169,1.661,0.534,1.898,3.085,2.165,1.839,0.801,0.771,98.148,0.88,0.581,17.01,60.45,37.86,20.2,19.71,0.143,0.164,"DM_CM",1
7025,"Napoli","Marek Hamšík","Left Center Midfield",0.979,3313.5,84.039,71.518,11.68,2.2,0.299,67.47,2.282,0.163,0.184,1.277,0.733,13.011,4.781,0.407,0.815,1.277,2.417,1.467,0.57,1.249,1.575,89.037,0.851,0.574,18.24,67.71,23.73,20.94,15.41,0.28,0.1,"DM_CM",1
7026,"AC Milan","Giacomo Bonaventura","Left Midfield",0.57,2962.2,51.165,37.979,9.753,1.823,0.243,48.157,3.221,0.182,0.232,3.464,2.066,13.399,6.684,0.911,1.033,2.218,2.491,1.033,1.398,2.218,1.914,55.236,0.742,0.596,19.05,72.57,22.19,25.03,19.15,0.416,0.111,"AM_W",0.788
7028,"Napoli","José Manuel Reina Páez","Goalkeeper",1,3454.5,28.736,23.422,13.079,0.026,0,14.381,0,0,0,0,0,0.078,4.69,0,0,0,0.026,0.026,0,0,0.026,12.792,0.815,0,34.9,9.86,39.95,6.36,9.14,0,0.995,"GK",1
7029,"Napoli","José María Callejón Bueno","Right Wing",0.952,2885.5,45.102,35.37,3.306,1.248,0.187,36.431,1.996,0.218,0.255,0.905,0.374,18.964,4.336,0.655,0.717,1.871,2.776,1.216,0.749,0.686,1.123,58.389,0.784,0.414,14.74,74.2,60.2,25.16,16.2,0.431,0.096,"AM_W",0.96
7030,"Napoli","Raúl Albiol i Tortajada","Right Center Back",1,3367.8,68.787,60.957,13.576,0.107,0.027,47.488,0.241,0.027,0.018,0.134,0.134,7.857,3.394,0.935,4.944,1.657,3.127,1.309,1.042,0.187,0.16,54.223,0.886,1,21.09,45.67,51.48,17.69,12.89,0.02,0.345,"CB",1
7031,"Napoli","Elseid Hysaj","Right Back",0.93,3399.5,66.849,56.947,5.374,0.635,0.053,46.145,0.318,0,0.008,1.694,0.847,12.443,5.904,0.688,2.436,1.774,3.574,2.092,0.715,1.059,1.112,49.217,0.852,0.5,15.5,60,65.26,26.19,17.48,0.232,0.233,"FB",1
7033,"Fiorentina","Nikola Kalinić","Center Forward",0.877,2705.1,18.831,14.805,1.065,0.499,0.1,18.398,2.462,0.399,0.503,0.798,0.466,15.038,1.53,0.067,0.366,0.932,3.793,0.299,1.763,1.763,2.761,52.201,0.786,0.583,13.1,82.27,37.38,20.93,17.24,0.555,0.022,"FW",0.95
7034,"Villarreal","Mateo Pablo Musacchio","Right Center Back",1,1045.3,39.693,32.461,10.074,0.172,0,29.447,0.172,0.086,0.02,0.517,0.258,7.749,3.961,1.378,4.563,1.808,3.616,1.98,1.205,0,0.344,27.639,0.818,0.5,23.27,39.73,53.85,17.57,12,0.013,0.492,"CB",1
7035,"Napoli","Allan Marques Loureiro","Right Center Midfield",0.977,2906.8,57.62,49.075,5.449,1.084,0.155,53.657,0.898,0.093,0.075,2.941,1.517,26.287,5.666,0.588,1.053,2.57,4.273,3.127,1.765,2.198,2.013,60.592,0.852,0.516,15.99,65.94,54.49,21.68,17.19,0.265,0.126,"DM_CM",1
7036,"AC Milan","Gianluigi Donnarumma","Goalkeeper",1,2750.5,29.711,20.68,16.132,0,0,13.612,0,0,0,0,0,0.131,4.843,0,0,0,0,0,0.033,0,0.065,11.714,0.696,0,39.09,9.92,40.53,7.56,8.58,0.001,0.991,"GK",1
7037,"Napoli","Lorenzo Insigne","Left Wing",0.864,2636.1,58.656,46.194,5.975,1.98,0.341,53.807,4.609,0.41,0.314,3.448,1.775,13.623,3.926,0.512,0.102,1.297,1.332,0.854,0.546,1.673,1.98,78.765,0.788,0.515,15.49,78.55,20.93,20.96,16.97,0.504,0.051,"AM_W",1
7041,"Chievo","Nicola Rigoni","Center Defensive Midfield",0.514,2066,43.084,34.502,5.62,0.305,0.044,29.536,1.307,0.131,0.052,0.741,0.349,19.865,5.968,0.958,2.527,1.917,4.182,2.352,1.568,0.697,0.697,34.807,0.801,0.471,19.18,55.94,42.14,22.19,20.4,0.128,0.224,"DM_CM",0.972
7042,"Chievo","Ivan Radovanović","Center Defensive Midfield",0.819,2161.3,56.8,45.181,12.159,0.333,0,36.228,0.75,0,0.016,0.583,0.416,16.49,6.288,0.916,3.248,2.04,3.373,1.457,1.707,0.708,0.167,43.516,0.795,0.714,21.95,53.51,41.47,21.46,19.16,0.098,0.263,"DM_CM",1
7043,"Chievo","Roberto Inglese","Left Center Forward",0.498,1450.3,19.051,12.846,1.117,0.683,0.062,20.417,2.172,0.186,0.16,1.427,0.869,18.369,3.537,0.186,0.745,1.365,8.688,1.055,3.041,2.731,4.034,57.216,0.674,0.609,14.5,78.09,39.51,22.42,19.52,0.506,0.063,"FW",1
7045,"Chievo","Valter Birsa","Center Attacking Midfield",0.818,2392.6,40.701,27.046,8.99,1.956,0.263,33.479,2.031,0.226,0.201,3.16,1.843,24.225,4.702,0.715,0.865,1.843,3.574,1.58,1.843,2.144,1.768,43.71,0.665,0.583,19.96,71.02,41.96,23.24,22.85,0.364,0.096,"AM_W",0.975
7046,"Chievo","Perparim Hetemaj","Left Center Midfield",0.893,2351.9,42.323,31.914,7.271,0.727,0,40.524,0.995,0.038,0.036,1.837,0.995,26.825,7.309,1.186,1.531,2.908,4.018,2.793,2.793,1.684,1.913,45.461,0.754,0.542,19.32,60.85,23.68,25.03,18.5,0.224,0.216,"DM_CM",0.982
7048,"AS Roma","Konstantinos Manolas","Right Center Back",0.973,3260.3,48.474,42.07,8.999,0.083,0.028,33.098,0.469,0.055,0.038,0.166,0.11,9.165,4.858,0.994,4.334,1.739,2.595,1.573,1.546,0.083,0.248,34.092,0.868,0.667,21.05,41.84,51.69,19.35,13.77,0.025,0.458,"CB",1
7049,"Chievo","Lucas Nahuel Castro","Right Center Midfield",0.76,2904,38.181,27.706,6.012,0.93,0.031,34.524,1.364,0.093,0.096,1.612,0.744,24.049,6.229,1.705,1.705,2.572,4.897,2.913,1.89,1.766,2.169,44.008,0.726,0.462,18.21,64.8,51.48,25.13,21.17,0.288,0.174,"DM_CM",0.818
7050,"Chievo","Fabrizio Cacciatore","Right Back",0.736,2418.8,57.487,45.208,12.13,0.819,0.112,34.753,0.372,0.037,0.055,0.819,0.26,13.953,4.391,0.633,1.972,2.419,2.753,1.637,0.893,0.372,0.558,40.929,0.786,0.318,21.39,54.48,55.26,27.42,26.48,0.198,0.329,"FB",0.968
7051,"AS Roma","Daniele De Rossi","Center Defensive Midfield",0.424,1974.1,66.653,58.993,17.507,0.638,0.091,43.174,0.501,0.046,0.028,0.319,0.182,10.577,3.556,1.185,2.963,2.006,2.507,1.277,1.185,0.137,0.228,56.212,0.885,0.571,23.68,51.08,38.23,21.51,16.42,0.085,0.318,"DM_CM",0.745
7052,"Chievo","Alessandro Gamberini","Right Center Back",0.796,1878.7,31.473,25.246,6.371,0.096,0.048,17.964,0.192,0,0.013,0.144,0.144,9.054,3.162,1.006,6.323,2.97,2.874,1.102,0.623,0.048,0.096,19.928,0.802,1,21.58,37.57,47.18,20.47,17.51,0.027,0.558,"CB",1
7054,"Empoli","Manuel Pucciarelli","Right Center Forward",0.81,3168.2,30.055,24.061,1.335,1.108,0.085,30.453,1.648,0.17,0.19,1.761,0.909,19.885,3.665,0.369,0.028,1.364,3.068,1.278,1.364,1.761,2.784,51.844,0.801,0.516,12.79,78.12,38.61,21.31,21.94,0.502,0.05,"FW",0.935
7055,"Palermo","Stefano Sorrentino","Goalkeeper",1,3229.5,29.763,16.804,23.437,0.028,0,8.5,0,0,0,0.028,0.028,0.195,5.239,0,0.111,0.028,0.028,0,0,0,0,5.657,0.565,1,48.09,8.56,40.6,7.66,8.24,0,0.987,"GK",1
7056,"Fiorentina","Nenad Tomović","Right Center Back",0.668,1758.7,71.233,61.561,9.006,0.461,0,50.508,0.358,0,0.023,0.512,0.256,10.542,3.48,0.972,3.838,2.2,3.633,1.842,1.689,0.307,0.461,55.267,0.864,0.5,19.02,50.53,62.72,23.14,13.76,0.106,0.333,"CB",0.751
7063,"Swansea City","Jefferson Antonio Montero Vite","Left Wing",0.877,1415.4,31.284,20.093,4.069,1.526,0.127,37.388,1.335,0,0.116,5.341,2.48,12.272,4.069,0.318,0.318,1.399,2.48,1.399,0.827,2.671,2.861,43.556,0.642,0.464,17.66,77.8,12.16,25.8,9.83,0.506,0.09,"AM_W",0.928
7068,"Barcelona","Marc Bartra Aregall","Right Center Back",0.56,528.2,66.789,58.951,14.312,0,0.17,52.136,0.852,0.341,0.154,0.682,0.511,7.156,4.941,2.045,4.259,1.704,3.237,1.533,0.511,0.341,0.17,53.499,0.883,0.75,23.53,39.03,42.55,20.58,19.54,0.031,0.556,"CB",0.997
7105,"Celta Vigo","Fabián Ariel Orellana Valenzuela","Right Wing",0.489,3017,49.251,36.692,7.875,1.342,0.209,53.756,2.297,0.209,0.263,6.235,3.252,11.157,6.265,1.163,1.283,1.163,3.162,0.984,0.955,3.341,2.834,61.094,0.745,0.522,19.05,74.02,44.04,23.33,22.3,0.434,0.082,"AM_W",0.876
7107,"Lazio","Danilo Cataldi","Right Center Midfield",0.356,1394.1,60.104,47.902,10.652,1.291,0.194,41.834,1.872,0.065,0.073,0.646,0.258,18.657,6.069,0.452,0.839,1.872,2.389,1.679,1.937,0.581,0.904,50.614,0.797,0.4,19.73,61.75,44.31,22.15,19.18,0.211,0.154,"DM_CM",1
7109,"Sassuolo","Matteo Politano","Right Wing",0.782,1102.5,36.326,25.959,4.98,1.306,0.163,38.285,3.51,0.408,0.229,4.163,1.551,18.122,5.633,0.735,0.408,0.98,3.673,0.816,1.143,2.939,3.102,51.754,0.715,0.373,17.28,74.5,57.46,24.64,21.7,0.446,0.095,"AM_W",1
7110,"Manchester City","Bacary Sagna","Right Back",0.956,2553.4,69.931,57.242,6.979,0.952,0.106,44.271,0.141,0,0.007,0.599,0.317,10.046,3.419,0.846,4.159,1.903,3.948,1.833,0.705,0.493,0.705,51.602,0.819,0.529,17.19,64.12,67.7,26.73,14.96,0.286,0.182,"FB",0.997
7113,"Sassuolo","Simone Missiroli","Right Center Midfield",0.505,1976.6,45.169,33.831,6.238,0.729,0,34.56,0.592,0.091,0.074,1.229,0.592,21.583,5.737,1.821,2.095,3.278,4.781,2.459,1.685,1.047,1.685,44.896,0.749,0.481,18.49,60.42,43.78,24.55,23.47,0.211,0.213,"DM_CM",0.983
7114,"Carpi","Gaetano Letizia","Right Back",0.316,3026.1,47.199,31.525,12.164,1.011,0,34.499,0.684,0.03,0.019,2.35,1.1,19.183,7.852,1.428,1.903,2.647,4.372,3.063,1.1,1.011,0.952,34.053,0.668,0.468,23.15,56.5,47.7,28.42,28.52,0.228,0.304,"FB",0.896
7118,"Sassuolo","Federico Peluso","Left Back",0.974,3172.2,46.898,34.755,5.674,0.567,0.028,27.151,0.539,0.028,0.044,0.993,0.255,12.256,3.206,1.731,3.518,3.121,2.922,2.043,1.617,0.567,0.596,32.825,0.741,0.257,18.22,57.23,11.08,29.49,9.84,0.23,0.308,"FB",0.98
7119,"Sassuolo","Francesco Acerbi","Left Center Back",0.972,3386.6,49.005,42.76,10.497,0.08,0,31.97,0.372,0.106,0.066,0.425,0.372,8.106,6.059,1.648,5.448,1.754,2.578,1.382,0.532,0.159,0.292,32.024,0.873,0.875,22.75,38.63,27.4,22.37,14.53,0.032,0.544,"CB",0.999
7125,"Fiorentina","Khouma El Hadji Babacar","Center Forward",0.577,845.6,18.626,13.411,0.958,0.532,0.106,19.584,3.193,0.532,0.445,1.171,0.532,14.688,3.193,0,0.639,0.958,3.725,1.064,2.554,1.703,2.874,45.129,0.72,0.455,13.45,82.02,35.1,21.56,17.75,0.566,0.034,"FW",0.94
7127,"Sassuolo","Francesco Magnanelli","Center Defensive Midfield",0.911,3197.5,67.018,55.168,14.946,0.816,0.028,48.103,0.507,0.028,0.014,0.45,0.338,23.193,8.585,1.492,2.787,2.167,4.138,2.421,2.224,0.957,0.563,50.833,0.823,0.75,22.19,53.97,42.29,21.07,19.23,0.116,0.262,"DM_CM",1
7130,"Bordeaux","Cheick Tidiane Diabaté","Center Forward",0.805,1410.8,23.795,15.055,1.659,0.447,0.064,17.798,2.297,0.574,0.32,1.276,0.574,9.378,2.424,0.191,1.595,0.957,7.017,0.383,1.212,1.595,2.552,61.241,0.633,0.45,14.95,77.8,40.17,21.55,18.44,0.429,0.038,"FW",0.986
7131,"Sassuolo","Domenico Berardi","Right Wing",0.85,2283.5,42.41,27.669,8.868,1.222,0.236,40.833,3.468,0.276,0.359,2.798,1.419,19.116,4.375,1.222,0.631,2.207,3.705,1.616,1.774,2.089,2.759,57.15,0.652,0.507,20.62,76.58,58.74,23.31,17.41,0.48,0.073,"AM_W",0.994
7132,"Sassuolo","Andrea Consigli","Goalkeeper",1,3480.8,34.027,23.995,19.806,0,0,16.264,0,0,0,0.026,0.026,0.052,4.99,0,0,0.026,0,0,0.052,0,0.026,14.35,0.705,1,39.85,9.72,39.82,7.05,7.73,0,0.993,"GK",1
7137,"AS Roma","Ervin Zukanović","Left Center Back",0.702,548.6,50.035,41.504,7.71,0.328,0.164,35.106,0.164,0,0.01,0.164,0.164,7.382,3.117,1.805,4.757,1.476,1.64,0.164,1.476,0.164,0.164,37.239,0.83,1,20.47,46.46,20.73,24.21,11.73,0.089,0.428,"CB",0.702
7137,"Sampdoria","Ervin Zukanović","Left Center Back",0.817,1389.8,44.941,36.911,10.296,0.194,0,30.824,0.648,0.194,0.056,0.13,0.13,6.799,4.857,0.777,6.929,2.525,2.202,0.518,0.907,0.194,0.194,33.414,0.821,1,23.06,42.02,23.47,23.32,13.37,0.056,0.494,"CB",0.825
7139,"Fiorentina","Josip Iličić","Center Attacking Midfield",0.493,1960,49.5,38.112,9,1.883,0.23,44.816,3.398,0.597,0.431,2.893,1.699,18.597,3.352,0.597,0.138,1.378,2.02,0.827,1.056,2.112,2.663,61.484,0.77,0.587,18.88,73.38,52.45,21.32,17.66,0.4,0.065,"AM_W",0.987
7141,"Levante UD","Giuseppe Rossi","Left Center Forward",0.683,1179.7,25.252,19.988,2.518,1.526,0.153,29.753,2.518,0.458,0.35,3.738,2.289,16.86,4.196,0.534,0.61,1.526,3.891,0.687,0.992,3.128,3.128,41.578,0.792,0.612,15.68,76.49,39.14,21,18.72,0.433,0.043,"FW",1
7142,"Bologna","Luca Rossettini","Right Back",0.379,2649.7,44.496,33.389,11.752,0.204,0.034,26.799,0.476,0.102,0.042,0.068,0,11.956,2.48,1.698,5.706,1.868,4.008,2.106,1.528,0.306,0.136,31.792,0.75,0,24,46.01,50.34,24.04,21.22,0.094,0.438,"FB",0.621
7145,"Genoa","Darko Lazović","Right Wing",0.387,688.8,44.686,27.178,8.362,1.437,0.261,37.761,2.221,0,0.191,4.051,1.699,16.333,4.051,0.653,0.784,1.829,2.091,1.307,0.523,1.437,2.744,53.702,0.608,0.419,18.8,76.04,52.1,28.2,25.52,0.496,0.119,"AM_W",0.835
7146,"Genoa","Goran Pandev","Left Center Forward",0.571,875.7,28.059,20.659,3.083,1.542,0,32.684,1.747,0,0.276,2.158,1.336,16.959,3.392,0.206,0.411,1.542,3.494,0.206,1.336,2.467,2.672,60.64,0.736,0.619,16.51,78.8,33.34,22.55,19.69,0.504,0.047,"FW",0.987
7147,"AC Milan","Andrea Bertolacci","Left Defensive Midfield",0.595,1885.4,47.116,38.523,4.917,0.955,0.048,43.297,0.859,0.048,0.082,1.766,0.859,23.82,6.826,0.812,0.812,2.387,4.296,2.912,2.148,1.909,1.623,47.641,0.818,0.486,17.87,64.15,31.99,23.87,19.96,0.258,0.17,"DM_CM",0.991
7148,"Genoa","Mattia Perin","Goalkeeper",1,2348,29.744,17.21,21.848,0.038,0,11.652,0,0,0,0,0,0.038,5.481,0,0.077,0.038,0,0,0,0,0,7.934,0.579,0,47.44,9.08,40.01,6.75,9.63,0.001,0.991,"GK",1
7149,"Torino","Marco Benassi","Right Center Midfield",0.643,1992.4,29.859,21.457,4.201,0.903,0.09,26.29,2.123,0.136,0.122,1.22,0.678,19.334,4.969,0.813,0.949,2.078,3.388,1.581,1.807,1.174,1.626,35.008,0.719,0.556,18.42,66.61,45.75,26.75,22.54,0.339,0.186,"DM_CM",0.992
7150,"Empoli","Riccardo Saponara","Center Attacking Midfield",0.96,2738.1,39.509,28.761,4.536,2.038,0.329,44.933,2.399,0.164,0.226,3.944,2.071,14.397,4.47,0.131,0.69,1.15,1.906,1.249,1.216,2.63,3.353,59.165,0.728,0.525,16.5,73.19,39.67,22.66,17.62,0.418,0.08,"AM_W",0.961
7151,"Empoli","Mário Rui Silva Duarte","Left Back",0.996,3391.2,62.846,50.372,8.891,0.849,0.053,41.349,0.77,0,0.022,1.115,0.557,10.828,4.963,1.433,2.76,2.15,2.84,1.99,1.088,0.557,0.77,46.63,0.802,0.5,18.68,53.77,12.06,25.97,9.71,0.163,0.311,"FB",1
7153,"Aston Villa","Jordan Veretout","Right Center Midfield",0.549,1904.9,51.499,40.349,9.638,1.654,0.236,40.538,0.945,0,0.06,0.661,0.52,20.033,5.575,0.661,1.228,1.606,3.166,1.559,1.228,1.134,1.37,46.821,0.783,0.786,20.28,66.39,41.4,23.25,24.47,0.288,0.13,"DM_CM",0.711
7154,"Sevilla","Sebastián Carlos Cristóforo Pepe","Left Defensive Midfield",0.521,1487.6,49.127,42.23,6.474,0.182,0.061,41.867,0.182,0,0.007,1.15,0.847,26.741,5.748,1.876,1.029,2.602,5.869,3.993,3.207,1.513,1.029,41.564,0.86,0.737,18.65,50.34,39.87,21.95,20.64,0.093,0.343,"DM_CM",0.992
7155,"Empoli","Vincent Laurini","Right Back",0.922,2029.1,50.209,42.181,6.21,0.222,0,30.604,0.133,0.044,0.014,0.71,0.399,12.064,4.613,1.331,3.193,2.839,3.149,1.419,1.02,0.843,0.976,33.443,0.84,0.563,17.58,53.32,66.75,25.94,12.38,0.154,0.312,"FB",0.922
7157,"Atalanta","Marco Sportiello","Goalkeeper",1,3393.2,28.752,16.339,22.147,0.053,0,10.185,0,0,0,0.027,0.027,0.186,4.88,0,0,0,0,0,0.027,0.027,0.053,7.4,0.568,1,49.38,9.34,40.85,6.7,7.6,0,0.992,"GK",1
7158,"Granada","Cristiano Biraghi","Left Back",0.962,2931.7,42.119,28.826,9.578,0.46,0.031,22.717,0.338,0,0.004,0.737,0.368,9.824,3.039,1.381,2.947,2.088,3.5,2.364,1.443,0.583,0.767,24.498,0.684,0.5,22.02,54.58,10.86,27.95,9.93,0.186,0.318,"FB",0.999
7160,"Empoli","Lorenzo Tonelli","Right Center Back",0.996,2447.4,49.756,42.033,7.796,0.184,0,31.883,0.257,0.074,0.03,0.368,0.184,9.525,4.413,1.361,5.884,1.986,3.346,1.765,1.066,0.625,0.331,35.119,0.845,0.5,19.75,42.49,50.83,19.81,12.76,0.028,0.432,"CB",1
7161,"Real Betis","Germán Alejandro Pezzella","Right Center Back",0.945,2244.6,32.438,23.938,9.623,0,0.04,19.888,0.682,0.12,0.066,0.08,0.08,8.901,3.087,2.406,6.015,2.245,4.411,1.885,1.002,0.08,0.281,21.773,0.738,1,24.88,37.84,54.21,21.02,15.07,0.042,0.592,"CB",1
7164,"Bologna","Ibrahima Mbaye","Right Back",0.889,1037.3,55.701,43.208,6.594,0.174,0,38.783,0.434,0,0.022,1.388,0.521,18.654,5.64,1.041,4.078,3.47,4.251,2.69,1.735,0.868,0.694,42.253,0.776,0.375,18.62,57.96,65.97,27.73,14.86,0.223,0.267,"FB",0.982
7165,"Inter Milan","Rodrigo Sebastián Palacio","Right Center Forward",0.286,1478,35.379,26.184,4.323,1.522,0.244,35.136,1.035,0.122,0.2,2.497,1.461,21.435,3.897,0.365,0.609,2.07,4.872,1.583,1.583,2.07,3.106,60.65,0.74,0.585,16.99,77.75,43.21,23.98,24.6,0.482,0.079,"FW",0.512
7166,"AC Milan","Riccardo Montolivo","Center Defensive Midfield",0.496,2782.1,64.181,51.985,16.175,0.582,0.032,47.812,0.97,0,0.03,1.003,0.647,17.824,9.575,2.232,1.779,2.426,2.879,1.973,0.744,0.938,0.712,49.171,0.81,0.645,23.3,56.15,41.02,21.33,18.97,0.148,0.236,"DM_CM",1
7168,"AC Milan","Andrea Poli","Right Center Midfield",0.371,636.8,39.152,33.498,4.24,0.989,0.141,35.336,0.707,0,0.024,0.989,0.989,24.311,5.795,1.696,1.131,3.534,3.11,1.696,1.696,1.555,1.696,38.869,0.856,1,16.36,63.45,46.28,25.16,23.7,0.267,0.182,"DM_CM",0.947
7169,"Bologna","Adam Masina","Left Back",0.963,2758.2,51.229,37.883,6.722,0.718,0.098,33.315,0.424,0.065,0.051,1.729,0.881,16.25,5.319,1.273,3.459,3.426,3.687,2.088,1.175,0.62,0.979,38.503,0.739,0.509,18.71,57.54,12.42,27.99,10.25,0.227,0.279,"FB",0.991
7171,"Sunderland","Fabio Borini","Right Midfield",0.388,1962.9,27.51,18.249,4.493,0.688,0.092,25.63,2.247,0.229,0.221,1.834,0.779,17.423,4.723,1.192,1.376,1.972,4.723,1.467,1.467,2.843,2.568,42.045,0.663,0.425,19.16,72.45,42.31,26.57,24.36,0.439,0.136,"AM_W",0.869
7172,"Carpi","Simone Romagnoli","Right Center Back",0.584,2762.7,25.443,17.82,6.157,0.065,0,12.151,0.358,0,0.021,0.033,0.033,11.597,2.411,0.619,6.809,2.378,3.258,1.661,0.88,0.065,0.195,13.715,0.7,1,23.03,38.66,45.52,22.41,16.93,0.043,0.561,"CB",1
7173,"Juventus","Leonardo Bonucci","Center Back",0.669,3281.9,64.061,55.45,18.127,0.357,0.027,47.607,0.713,0.082,0.059,0.548,0.411,6.938,3.784,1.261,4.58,1.536,2.413,1.152,0.96,0.055,0.192,52.242,0.866,0.75,25.53,42.13,44.14,18.67,14.33,0.036,0.465,"CB",1
7174,"Bologna","Antonio Mirante","Goalkeeper",1,3103.2,32.222,19.374,24.101,0,0,13.834,0,0,0,0.087,0.087,0.029,5.481,0,0.029,0.029,0.029,0,0.029,0,0,11.572,0.601,1,46.54,9.95,40.62,7.88,8.5,0,0.989,"GK",1
7175,"Bologna","Erick Antonio Pulgar Farfán","Left Center Midfield",0.552,734.7,43.976,37.361,6.86,0.245,0,37.239,0.735,0,0.022,1.96,1.102,25.357,5.512,0.857,1.96,2.327,3.307,2.327,1.715,0.98,1.225,43.609,0.85,0.563,19.28,58.64,29.08,23.52,19.42,0.189,0.229,"DM_CM",0.943
7176,"Genoa","Sebastian De Maio","Right Center Back",0.502,2405.9,41.074,32.844,7.744,0.037,0.037,26.186,0.524,0.037,0.056,0.374,0.262,14.963,3.591,1.197,5.574,2.02,3.554,1.908,1.721,0.449,0.449,28.206,0.8,0.7,21.53,47.06,43.12,24.05,24.9,0.097,0.404,"CB",0.998
7193,"Bordeaux","Paul Bernardoni","Goalkeeper",1,656.2,33.737,15.909,27.703,0.137,0,14.949,0,0,0,0,0,0.274,5.211,0,0,0,0,0,0,0,0,13.989,0.472,0,53.37,9.99,39.25,6.37,9.37,0,0.995,"GK",1
7193,"Troyes","Paul Bernardoni","Goalkeeper",1,1306.4,29.485,14.674,21.632,0,0,10.885,0,0,0,0,0,0.069,5.511,0,0.069,0,0,0,0,0,0,7.165,0.498,0,50.78,8.26,38.87,6.72,7.78,0.001,0.996,"GK",1
7197,"Rennes","Steven Moreira","Right Back",0.538,1286,54.238,40.731,6.579,0.63,0,35.552,0.14,0,0.002,1.05,0.35,17.706,5.529,1.82,1.61,2.1,3.219,1.89,1.05,0.98,0.91,39.261,0.751,0.333,17.86,56.74,68.63,28.37,13.28,0.239,0.3,"FB",0.987
7199,"Lorient","Vincent Le Goff","Left Back",0.995,1870.3,59.718,48.602,8.325,0.433,0,38.496,0.337,0,0.017,0.818,0.626,13.185,5.005,1.395,2.31,2.983,3.368,1.636,1.011,0.818,0.722,42.635,0.814,0.765,19.12,54.82,10.86,25.76,9.48,0.175,0.297,"FB",0.995
7200,"Saint-Étienne","Fabien Lemoine","Right Defensive Midfield",0.638,2440.7,58.52,48.896,9.846,0.516,0.037,45.946,0.701,0,0.016,1.401,0.59,21.129,5.826,0.922,1.217,2.212,4.425,2.913,2.176,0.811,1.106,54.058,0.836,0.421,20,58.88,47.05,21.37,19.65,0.167,0.18,"DM_CM",0.989
7207,"Angers","Férébory Doré","Right Midfield",0.378,643.1,26.868,20.431,1.399,0.7,0,32.746,1.539,0,0.133,5.458,3.219,18.332,5.458,1.259,0.98,1.539,2.939,0.84,3.219,2.939,3.638,41.422,0.76,0.59,15.01,71.27,51.2,25.02,22.32,0.377,0.114,"AM_W",0.557
7211,"Lorient","Zargo Touré","Left Center Back",0.862,2654.3,36.755,31.906,6.612,0.068,0,25.227,0.373,0.136,0.024,0.305,0.237,10.918,3.831,1.153,6.002,2.001,2.814,1.017,0.712,0.034,0.102,26.108,0.868,0.778,20.73,38.95,29.83,19.46,16.28,0.036,0.553,"CB",0.98
7230,"Angers","Grégory Bourillon","Center Defensive Midfield",0.778,529.2,38.603,27.889,7.653,0.34,0,23.468,0.51,0.17,0.017,0.34,0.17,22.618,3.741,1.02,2.891,3.061,7.142,4.251,1.701,0.17,0.51,26.699,0.722,0.5,21.69,47.87,41.16,20.75,19.54,0.058,0.378,"DM_CM",0.835
7237,"Stade Malherbe Caen","Chaker Alhadhur","Left Back",0.994,720.9,42.197,34.707,3.121,0.499,0,25.968,0.125,0,0.005,0.749,0.499,18.602,4.744,3.121,1.498,2.747,6.492,3.995,1.998,0.624,0.375,26.342,0.822,0.667,17.08,53.18,11.44,26.33,10.92,0.176,0.348,"FB",0.994
7282,"Bastia","Jean-Louis Leca","Goalkeeper",1,3058.7,33.455,16.478,27.129,0,0,14.153,0,0,0,0,0,0.147,5.267,0,0.029,0.029,0,0,0.029,0,0,10.916,0.493,0,52.54,9.5,41.16,5.99,7.99,0,0.993,"GK",1
7283,"Troyes","Thiago Xavier Rodrigues Corrêa","Center Defensive Midfield",0.717,1085.7,37.468,29.179,7.046,0.166,0,24.039,1.078,0.166,0.152,0.332,0.166,21.801,4.725,1.326,5.554,3.316,6.051,3.15,2.736,0.249,0.58,26.775,0.779,0.5,21.52,48.7,43.04,22.36,17.52,0.076,0.337,"DM_CM",0.952
7301,"Troyes","Lossémy Karaboué","Right Back",0.587,2373.4,54.908,43.608,7.736,1.024,0.076,46.262,0.91,0,0.041,2.351,1.289,12.552,6.75,1.176,1.782,1.517,2.958,1.479,1.062,2.161,1.441,51.875,0.794,0.548,18.25,60.95,54.47,27.03,23.78,0.265,0.234,"FB",0.699
7308,"Guingamp","Laurent Dos Santos","Left Back",0.979,638.2,37.514,24.116,8.321,0.282,0,17.911,0.141,0,0.001,0.987,0.705,19.18,2.962,1.41,4.09,1.974,4.372,2.962,1.128,0.423,0.564,19.18,0.643,0.714,22.71,49.2,11.87,26.52,10.79,0.138,0.39,"FB",0.979
7323,"OGC Nice","Olivier Boscagli","Left Center Back",0.629,856.1,55.4,45.939,12.194,0.21,0,40.368,0.21,0.105,0.036,0.526,0.315,11.669,2.838,1.156,5.572,1.682,3.154,2.208,1.051,0.631,0.315,44.257,0.829,0.6,22.61,45.45,19.43,21.63,13,0.079,0.433,"CB",0.629
7336,"Lorient","Jimmy Cabot","Right Midfield",0.6,771,44.125,31.401,4.669,1.167,0.233,43.307,1.284,0.117,0.084,5.253,2.218,21.712,7.121,0.817,0,2.218,3.969,1.984,0.817,2.335,1.518,52.763,0.712,0.422,16.42,70.65,46.95,26.32,29.25,0.391,0.158,"AM_W",0.995
7336,"Troyes","Jimmy Cabot","Left Midfield",0.356,769.6,43.969,30.872,8.653,1.637,0.117,47.594,2.339,0.351,0.181,6.549,3.274,24.44,8.303,0.936,0.117,2.339,4.327,3.04,1.754,2.69,3.859,60.925,0.702,0.5,19.02,71.26,36.39,28.57,27.54,0.431,0.162,"AM_W",0.683
7337,"Angers","Mohamed Lamine Yattara","Center Forward",0.769,972.7,24.889,16.654,1.48,0.37,0.093,25.814,1.758,0.185,0.127,3.238,1.388,24.334,3.886,0.37,0.37,1.48,6.384,1.48,2.591,2.776,4.996,60.048,0.669,0.429,13.89,74.92,41.18,21.05,22.48,0.434,0.056,"FW",0.798
7338,"Lorient","Romain Philippoteaux","Left Midfield",0.551,1483.1,36.834,25.608,4.551,0.668,0.182,36.713,0.85,0,0.028,4.248,2.245,21.846,5.219,1.032,0.546,1.517,2.185,1.456,1.76,2.003,2.609,46.058,0.695,0.529,17.66,66.37,35.56,25.02,29.47,0.31,0.157,"AM_W",0.985
7344,"Caen","Jordan Adéoti","Right Defensive Midfield",0.465,557.1,32.797,25.85,7.432,0.162,0,25.042,0.485,0,0.02,0.969,0.646,24.557,6.139,1.777,1.777,3.07,4.201,3.231,0.969,1.454,0.646,24.88,0.788,0.667,22.29,50.59,41.18,22.15,19.94,0.086,0.285,"DM_CM",0.716
7344,"Stade Malherbe Caen","Jordan Adéoti","Center Defensive Midfield",0.308,1254.6,29.268,21.736,6.313,0.143,0,22.597,0.359,0,0.039,1.148,0.502,21.09,6.456,1.22,2.941,2.439,4.017,2.798,1.65,0.717,0.646,21.664,0.743,0.438,22.34,45.79,39.05,23.4,19.77,0.076,0.431,"DM_CM",0.507
7346,"Lorient","Lindsay Rose","Right Center Back",1,938.4,38.365,29.829,9.495,0.096,0,21.293,0.48,0,0.031,0.48,0.288,9.975,3.453,1.247,6.522,2.302,3.837,1.631,1.151,0.192,0.288,25.225,0.778,0.6,23.94,37.09,51.5,19.71,13.11,0.031,0.617,"CB",1
7347,"Saint-Étienne","Pierre-Yves Polomat","Left Back",0.734,977.1,51.212,38.777,9.487,0.553,0,31.593,0.461,0,0.018,1.013,0.368,17.685,5.434,1.934,3.224,2.671,4.513,3.04,1.197,0.645,0.737,36.935,0.757,0.364,20.43,54.22,13.34,28.71,14.04,0.207,0.338,"FB",0.849
7349,"Bastia","Gaël Danic","Left Wing",0.342,2756.7,40.255,24.551,12.21,1.502,0.098,30.624,1.339,0.163,0.121,2.122,1.241,21.123,4.962,0.718,0.326,1.959,3.428,1.665,1.273,1.208,2.351,45.087,0.61,0.585,23.43,69.88,35.2,24.75,26.88,0.348,0.12,"AM_W",0.888
7350,"Nantes","Birama Touré","Left Defensive Midfield",0.467,1887.6,46.679,36.714,11.634,0.477,0.095,36.094,0.668,0,0.016,0.62,0.429,19.644,7.676,1.716,1.716,2.813,3.91,2.098,1.383,1.001,1.049,38.812,0.787,0.692,22.47,53.69,39.79,21.04,19.34,0.121,0.256,"DM_CM",0.994
7363,"Stade de Reims","Diego Rigonato Rodrigues","Left Wing",0.366,1503.1,43.59,26.765,11.376,1.497,0.18,31.734,2.156,0.18,0.173,2.036,0.778,14.011,4.491,0.958,1.018,1.736,4.251,2.215,2.395,1.317,1.677,45.326,0.614,0.382,21.58,69.49,22.17,26.47,22.96,0.364,0.139,"AM_W",0.725
7367,"Stade de Reims","Grejohn Kyei","Center Forward",0.647,759.6,19.076,12.915,2.014,0.711,0.237,26.066,2.37,0.355,0.433,3.081,2.37,17.654,2.962,0.237,0.474,0.829,5.687,0.948,2.37,4.147,5.332,53.199,0.677,0.769,14.28,80.78,40.98,20.47,22.51,0.488,0.023,"FW",0.907
7375,"Stade de Reims","Theoson Jordan Siebatcheu","Center Forward",0.351,922.4,22.344,15.319,0.976,0.585,0.098,21.076,2.83,0.293,0.31,2.634,1.268,20.295,4.879,0.293,0.293,1.756,7.708,2.147,2.927,2.537,3.513,54.836,0.686,0.481,14.07,78.28,45.9,23.74,22.54,0.468,0.064,"FW",0.717
7376,"Troyes","Yoann Court","Left Wing",0.4,998.5,34.972,24.787,6.309,1.082,0,34.251,2.073,0,0.162,3.155,2.073,26.5,4.777,1.082,0.541,3.335,4.056,2.524,1.893,1.352,2.794,44.437,0.709,0.657,18.59,70.24,37.64,26.33,26.54,0.387,0.143,"AM_W",0.863
7389,"Gazélec Ajaccio","Amos Youga","Right Center Midfield",0.442,1224.7,41.154,28.734,9.554,0.661,0.073,34.026,0.955,0,0.034,1.102,0.808,23.149,6.981,0.955,1.47,2.058,3.674,1.984,3.013,1.617,1.543,39.684,0.698,0.733,23.31,59.46,47.08,23.52,21.54,0.197,0.213,"DM_CM",1
7392,"Lorient","Pape Abdou Paye","Right Back",0.792,716.1,46.504,35.946,8.672,0.377,0,30.919,0.251,0,0.006,0.628,0.126,13.7,2.388,1.131,3.645,2.765,3.394,2.639,1.131,0.503,0.628,33.056,0.773,0.2,20.03,53.56,57.29,27.13,23.87,0.171,0.322,"FB",0.962
7415,"Troyes","Jessy Pi","Left Defensive Midfield",0.617,3205.9,46.601,36.972,14.542,0.73,0,39.864,1.516,0.084,0.05,1.656,1.095,24.115,6.653,1.656,1.6,2.358,3.762,2.611,1.011,0.87,0.702,40.088,0.793,0.661,24.85,53.8,35.81,22.17,19.66,0.13,0.278,"DM_CM",0.995
7428,"Gazélec Ajaccio","Alexandre Coeff","Right Back",0.849,1987.3,51.944,38.131,12.816,0.77,0.045,32.652,0.362,0,0.008,0.543,0.362,17.526,4.619,2.174,2.853,2.083,4.166,2.989,1.177,0.543,0.996,35.142,0.734,0.667,23.07,53.04,66.57,26.82,15.45,0.189,0.362,"FB",0.869
7430,"Gazélec Ajaccio","Kévin Mayi","Left Midfield",0.295,1017,24.513,16.194,1.239,0.442,0.088,26.017,2.655,0.265,0.237,2.743,0.796,15.044,4.779,0.619,0.531,1.504,3.451,1.681,1.239,2.655,3.009,43.097,0.661,0.29,15.36,74.89,33.52,24.69,25.67,0.47,0.097,"AM_W",0.818
7435,"Stade de Reims","Anthony Weber","Left Center Back",1,1654.6,42.537,35.901,11.912,0.163,0,26.49,0.272,0.054,0.025,0.435,0.381,10.281,2.883,1.469,5.276,2.393,3.644,1.577,0.653,0.218,0,30.08,0.844,0.875,24.73,39.41,24.99,17.12,13.57,0.024,0.523,"CB",1
7441,"Lille","Marvin Martin","Left Center Midfield",0.574,454.5,46.335,35.84,9.703,1.386,0.198,36.83,0.99,0,0.047,2.178,1.782,15.643,7.524,0.99,0.594,1.782,5.94,2.574,1.188,1.386,1.188,42.375,0.774,0.818,20.47,67.41,35.39,21.51,20.08,0.272,0.107,"DM_CM",0.673
7442,"Saint-Étienne","Jérémy Clément","Left Defensive Midfield",0.605,2294.1,51.392,44.095,5.375,0.353,0.039,32.718,0.039,0,0.001,0.353,0.157,25.265,4.315,1.334,2.001,2.158,4.551,3.335,1.962,0.432,0.235,39.623,0.858,0.444,18.16,50.84,36.07,18.65,18.53,0.061,0.263,"DM_CM",1
7444,"Caen","Alaeddine Yahia","Right Center Back",1,500.7,24.987,16.358,8.988,0.18,0,12.403,0.719,0,0.054,0.18,0,9.527,2.517,1.079,7.909,2.337,3.595,1.798,1.438,0.18,0.36,12.943,0.655,0,28.2,40.27,53.4,22.4,15.99,0.055,0.525,"CB",1
7444,"Stade Malherbe Caen","Alaeddine Yahia","Right Center Back",1,1852.3,28.569,21.233,7.92,0.146,0,17.686,0.583,0.049,0.067,0.097,0.049,8.843,3.838,0.486,6.511,1.701,3.838,1.263,1.263,0.534,0.194,18.075,0.743,0.5,24.91,43.58,53.34,23.89,14.68,0.067,0.475,"CB",1
7456,"AS Roma","Diego Perotti","Center Attacking Midfield",0.408,1257.3,56.979,44.023,8.089,1.861,0.501,55.047,1.79,0.215,0.144,3.364,2.147,26.915,4.581,0.358,0.215,2.004,2.72,1.432,1.145,2.076,2.72,66.285,0.773,0.638,17.63,74.13,32.48,24.04,23.98,0.415,0.081,"AM_W",0.518
7456,"Genoa","Diego Perotti","Left Wing",0.669,1181.5,50.655,36.867,6.855,2.438,0.152,49.512,1.143,0.076,0.136,3.199,2.285,20.109,4.723,0.762,0.457,2.285,4.266,2.285,1.066,2.514,2.209,59.871,0.728,0.714,17.66,72.94,21.72,25.57,19.43,0.398,0.099,"AM_W",0.897
7457,"Sassuolo","Gregoire Defrel","Center Forward",0.812,2150.3,24.401,19.88,1.214,0.921,0.167,26.242,2.176,0.293,0.256,1.925,0.879,23.396,4.06,0.293,0.544,1.256,5.818,0.67,1.967,1.925,3.223,52.819,0.815,0.457,13.31,77.22,41.4,22.39,19.52,0.483,0.056,"FW",0.829
7458,"AC Milan","Alessio Romagnoli","Left Center Back",0.983,3137.7,45.406,39.383,8.835,0.172,0,29.802,0.172,0,0.009,0.459,0.316,10.039,3.643,1.119,4.819,1.836,3.413,1.291,1.463,0.258,0.143,33.044,0.867,0.688,22.21,40.37,27.05,20.66,13.86,0.034,0.52,"CB",0.983
7460,"Carpi","Isaac Cofie","Right Defensive Midfield",0.408,2247.6,37.68,27.309,8.529,0.44,0.04,25.387,0.961,0,0.045,0.681,0.521,27.309,6.847,1.482,2.242,2.363,5.326,2.843,1.802,0.601,0.881,27.549,0.725,0.765,21.78,54.36,43.64,22.14,18.71,0.129,0.267,"DM_CM",0.99
7461,"Genoa","Luca Rigoni","Right Defensive Midfield",0.419,1236.1,39.392,30.581,5.461,1.092,0,31.309,1.748,0.218,0.23,0.874,0.51,22.936,5.607,0.947,1.529,2.112,4.66,1.82,1.966,1.383,0.801,42.523,0.776,0.583,17.83,63.87,46.5,25.68,21.07,0.266,0.182,"DM_CM",0.905
7461,"Palermo","Luca Rigoni","Right Center Midfield",0.823,712.7,28.289,22.985,5.304,0.758,0,21.343,1.389,0.126,0.152,0.379,0.253,19.322,3.662,0.253,0.631,1.768,4.546,1.642,1.894,0.253,0.758,35.614,0.813,0.667,19.57,65.25,53.2,26.41,18.46,0.287,0.201,"DM_CM",0.943
7462,"Frosinone","Aleandro Rosi","Right Back",0.963,2258,37.865,27.343,6.656,0.478,0,21.962,0.598,0,0.029,1.594,0.518,15.027,5.54,1.076,3.866,2.312,2.91,1.714,2.631,0.957,1.196,23.237,0.722,0.325,20.02,59.56,67.14,31.34,11.6,0.288,0.297,"FB",0.989
7463,"AC Milan","Ignazio Abate","Right Back",1,2346.4,62.598,48.099,12.427,0.69,0.038,44.762,0.153,0.038,0.009,1.458,0.805,15.419,4.373,1.266,2.915,1.956,3.912,3.222,1.611,0.422,0.46,46.488,0.768,0.553,21.17,56.41,68.46,25.56,10.77,0.186,0.275,"FB",1
7464,"Genoa","Cristian Daniel Ansaldi","Right Wing Back",0.523,2093.6,46.686,33.187,9.5,0.817,0.172,37.142,0.559,0,0.018,2.235,1.333,19.431,5.932,1.204,3.439,2.364,4.557,3.224,1.72,1.032,1.075,38.346,0.711,0.596,21.95,58.49,45.47,28.34,27.94,0.243,0.28,"FB",0.631
7465,"Torino","Daniele Baselli","Left Center Midfield",0.871,2345.5,34.65,25.441,8.058,1.919,0.077,31.695,1.266,0.153,0.112,2.916,1.612,24.213,5.909,1.305,0.614,1.688,3.262,2.187,2.149,2.187,1.727,33.767,0.734,0.553,21.39,64.45,26.16,27.88,19.45,0.297,0.211,"DM_CM",1
7467,"Genoa","Nicolás Andrés Burdisso","Center Back",0.855,2553.3,38.069,31.019,13.077,0.07,0,22.524,0.352,0,0.026,0.07,0.07,7.966,4.582,1.339,6.415,1.657,2.749,1.057,1.339,0.141,0.035,22.63,0.815,1,26.57,39.23,38.46,20.13,16.23,0.031,0.53,"CB",1
7468,"AS Roma","Iago Falqué Silva","Left Wing",0.408,1214.3,44.692,36.094,7.708,1.26,0.148,37.577,1.186,0.148,0.102,1.112,0.667,18.529,3.558,0.519,0.445,1.26,3.335,1.408,0.519,1.927,0.815,51.288,0.808,0.6,19.27,70.88,29.74,25.69,23.97,0.382,0.135,"AM_W",0.791
7470,"Torino","Joel Chukwuma Obi","Left Center Midfield",0.973,509.1,32.526,24.394,3.889,1.061,0,27.223,0.53,0.177,0.046,1.237,0.354,28.99,3.182,0.53,0.354,3.182,4.95,3.712,3.005,1.414,1.591,38.183,0.75,0.286,17.59,61.47,19.16,25.87,13.49,0.223,0.221,"DM_CM",1
7471,"Torino","Andrea Belotti","Right Center Forward",0.579,2695.5,17.896,13.556,1.603,0.735,0.1,19.532,2.437,0.401,0.441,1.269,0.634,18.798,3.84,0.367,0.334,1.569,5.108,1.536,2.304,1.603,2.771,42.804,0.757,0.5,14.99,73.13,40.26,24.01,18.34,0.386,0.079,"FW",0.951
7472,"Marseille","Nicolas Alexis Julio N'Koulou Ndoubena","Right Center Back",0.995,935.5,37.521,32.519,9.621,0,0,28.959,0.192,0,0.022,0.77,0.481,7.985,5.58,2.405,6.254,1.539,4.714,1.828,1.155,0.096,0.673,27.323,0.867,0.625,23.73,37.37,53.22,19.88,13.59,0.027,0.609,"CB",1
7472,"Olympique de Marseille","Nicolas Alexis Julio N'Koulou Ndoubena","Right Center Back",0.963,2156.1,52.427,46.416,11.646,0.042,0,41.95,0.417,0,0.029,0.376,0.209,8.14,5.593,1.419,4.884,1.67,3.298,1.795,0.918,0.167,0.334,41.24,0.885,0.556,23.51,39.27,53,17.99,13.59,0.026,0.551,"CB",1
7473,"Sampdoria","Lorenzo De Silvestri","Right Wing Back",0.606,1450.8,46.898,30.955,7.568,0.682,0.124,29.342,0.744,0.062,0.127,0.558,0.434,11.725,3.35,0.868,2.854,3.164,2.481,0.806,2.047,0.62,1.675,39.082,0.66,0.778,18.92,63.95,69.54,29.74,9.25,0.301,0.206,"FB",1
7474,"Torino","Afriyie Acquah","Right Center Midfield",0.96,1971.3,32.049,22.964,6.392,1.004,0.137,33.145,1.096,0.091,0.042,2.42,1.278,15.614,6.939,0.73,0.822,2.054,2.785,1.324,2.191,1.552,1.826,36.478,0.717,0.528,20.58,63.86,60.46,24.01,14.01,0.264,0.172,"DM_CM",1
7475,"Genoa","Tomás Eduardo Rincón Hernández","Right Defensive Midfield",0.521,3048.8,50.538,42.893,6.878,0.945,0.177,45.372,0.797,0.089,0.04,2.125,1.476,18.509,7.203,1.033,1.565,1.771,3.601,2.037,2.273,1.446,0.974,46.937,0.849,0.694,19.26,62.45,50.3,23.05,20.37,0.227,0.164,"DM_CM",0.851
7476,"Torino","Emiliano Moretti","Left Center Back",0.995,3307.7,55.752,48.405,12.816,0.354,0.027,42.066,0.354,0.027,0.027,0.082,0.054,9.904,3.401,0.653,2.803,1.497,2.694,1.605,0.952,0.082,0.327,47.018,0.868,0.667,23.77,41.69,17.66,21.03,9.4,0.035,0.472,"CB",0.995
7479,"Torino","Cristian Molinaro","Left Wing Back",0.972,2073.7,47.436,35.979,12.152,0.955,0,35.848,0.564,0.043,0.027,2.127,1.128,15.928,3.949,1.345,1.91,1.823,3.212,2.43,1.432,0.781,1.085,39.581,0.758,0.531,22.73,58.65,11.14,29.28,12.67,0.249,0.287,"FB",0.991
7483,"Guingamp","Mana Dembélé","Left Center Forward",0.395,467.2,20.034,11.558,1.156,0.578,0,14.833,2.697,0,0.249,0.771,0.193,19.264,1.734,0,0.385,1.734,7.32,1.348,2.89,1.734,2.504,52.975,0.577,0.25,14.84,79.78,41.94,22.11,21.58,0.501,0.044,"FW",0.991
7488,"Troyes","Thomas Ayasse","Right Defensive Midfield",0.85,1051.7,47.326,36.029,9.585,0.342,0,34.574,0.941,0.086,0.048,0.428,0.257,20.197,4.621,1.455,4.022,2.482,6.504,3.509,2.482,0.856,0.685,42.533,0.761,0.6,20.53,56.14,48.38,25.96,19.51,0.188,0.275,"DM_CM",1
7498,"Stade de Reims","Mickaël Tacalfred","Right Center Back",0.883,1209.9,44.407,36.523,12.868,0.149,0,30.572,0.298,0,0.015,0.372,0.223,10.786,4.017,1.636,3.868,1.711,4.24,2.232,1.413,0.223,0.223,32.283,0.822,0.6,24.5,42.69,58.34,20.76,13.21,0.055,0.474,"CB",0.883
7509,"Montpellier","Geoffrey Jourdren","Goalkeeper",1,650.8,31.669,16.733,25.169,0,0,15.074,0,0,0,0,0,0.277,5.947,0,0,0.277,0,0,0.138,0,0.138,9.957,0.528,0,51.57,9.92,40.36,6.83,10.17,0,0.991,"GK",1
7552,"Bordeaux","Clément Chantôme","Left Defensive Midfield",0.298,2240.6,61.417,54.106,9.48,0.482,0,45.751,0.562,0.04,0.039,0.643,0.402,21.128,5.945,1.245,2.129,1.687,4.378,2.691,1.567,0.964,1.004,49.647,0.881,0.625,19.65,55.7,39.15,20.45,19.11,0.125,0.205,"DM_CM",0.947
7560,"Saint-Étienne","Jonathan Brison","Left Back",0.869,465.8,51.011,40.19,7.729,0.386,0,31.689,0.193,0,0.001,0.773,0.386,14.492,4.251,1.159,3.092,1.546,5.41,2.898,1.739,0.58,0.58,35.167,0.788,0.5,19.46,59.5,16.53,26.52,21.26,0.231,0.251,"FB",0.984
7567,"Lorient","Maxime Barthelmé","Left Midfield",0.936,1294.7,45.812,32.464,7.577,1.668,0.278,45.325,1.39,0,0.097,4.101,1.738,18.491,6.257,0.904,0.695,1.738,3.962,2.086,1.599,3.684,4.241,54.571,0.709,0.424,17.98,68.35,16.41,25.45,17.81,0.343,0.146,"AM_W",1
7577,"Celta Vigo","Carles Planas Antolínez","Left Back",0.971,1752.9,59.403,45.952,9.55,0.308,0.103,37.377,0.154,0,0.008,0.411,0.257,17.867,2.618,2.31,3.543,2.208,5.545,3.235,1.027,0.616,0.565,41.947,0.774,0.625,20.49,54.83,11.55,26.36,10.73,0.175,0.301,"FB",0.971
7590,"Montpellier","Joris Marveaux","Left Defensive Midfield",0.45,462.5,53.122,42.615,9.146,0,0,39.112,0.778,0.195,0.102,0.778,0.584,17.707,4.865,0.389,1.946,2.14,4.865,2.919,1.362,0.195,0.584,46.117,0.802,0.75,20.65,56.26,36.46,19.75,19.24,0.08,0.191,"DM_CM",0.974
7603,"Gazélec Ajaccio","Jérémie Bréchet","Left Center Back",0.955,1918.6,39.637,33.023,10.836,0.047,0,25.377,0.047,0,0.001,0.094,0.094,8.303,3.518,1.313,4.269,1.454,2.345,1.454,0.469,0.235,0.141,26.268,0.833,1,24.68,38.69,25.77,17.55,13.45,0.018,0.551,"CB",1
7615,"Lorient","Abdul Majeed Waris","Left Center Forward",0.49,1761,19.369,14.872,0.409,0.715,0.153,24.889,2.811,0.562,0.52,2.402,1.175,12.112,3.015,0.153,0.102,0.46,3.169,0.664,0.971,3.577,4.242,53.764,0.768,0.489,12.25,82.75,34.51,19.06,20.74,0.579,0.022,"FW",1
7635,"Stade de Reims","Gaëtan Charbonnier","Center Attacking Midfield",0.524,1298.3,39.859,28.213,4.506,1.248,0.069,37.364,1.525,0.277,0.123,3.258,1.456,22.668,6.031,0.832,0.485,1.941,6.308,1.525,1.594,2.634,3.119,61.903,0.708,0.447,16.98,72.45,41.64,21.24,22.88,0.367,0.066,"AM_W",0.524
7641,"Stade de Reims","Johann Carrasso","Goalkeeper",1,936.9,26.033,12.584,20.461,0,0,11.047,0,0,0,0,0,0.192,3.362,0,0,0,0,0,0.192,0,0,10.951,0.483,0,50.37,10.74,40.73,7.08,9.47,0,0.997,"GK",1
7692,"Las Palmas","Mauricio Lemos Merladet","Right Center Back",0.944,764.2,41.575,34.626,12.131,0,0,32.27,0.707,0,0.022,0.824,0.707,6.949,3.651,2.356,3.769,2.238,3.298,1.296,1.413,0.236,0,33.566,0.833,0.857,25.96,38.34,52.96,18.1,12.61,0.023,0.546,"CB",0.944
7695,"Hellas Verona","Samuel Souprayen","Left Back",0.891,1696.4,50.986,39.155,7.958,0.743,0,34.167,0.371,0,0.023,0.955,0.69,13.529,5.306,0.69,2.759,1.751,2.547,1.804,1.698,1.008,0.743,36.237,0.768,0.722,19.11,60.64,11.4,28.41,10.18,0.27,0.256,"FB",1
7696,"Carpi","Ryder Matos Santos","Center Attacking Midfield",0.352,1238.9,27.678,20.922,1.671,1.308,0.073,33.271,2.252,0.145,0.321,2.179,1.308,15.909,3.632,0.436,0.291,1.453,3.196,0.799,1.38,3.269,3.778,52.958,0.756,0.6,14.18,77.03,43.2,23.77,26.14,0.482,0.076,"AM_W",0.798
7698,"Sassuolo","Joseph Alfred Duncan","Left Center Midfield",0.861,2594.2,44.546,31.849,8.361,1.561,0.173,39.828,1.353,0.035,0.061,2.429,1.318,22.759,6.349,0.763,0.763,3.018,4.545,2.359,1.631,1.908,1.769,46.004,0.715,0.543,20.39,67.57,25.28,25.04,17.17,0.323,0.147,"DM_CM",0.996
7702,"AC Milan","Alessio Cerci","Right Wing",0.619,784.3,30.868,19.737,6.311,1.721,0.115,33.622,2.065,0,0.075,3.901,1.951,15.721,4.131,0.229,0.229,1.721,2.869,1.262,1.836,2.869,2.754,48.08,0.639,0.5,18.24,77.44,66.86,23.65,13.73,0.478,0.071,"AM_W",0.984
7702,"Genoa","Alessio Cerci","Right Center Forward",0.614,568.4,30.718,20.109,6.175,0.792,0.158,36.735,3.325,0.633,0.601,4.433,1.425,17.892,4.909,0,0,0.792,3.325,0.475,0.95,3.008,2.375,57.16,0.655,0.321,18.28,77.59,56.26,24.35,19.64,0.495,0.093,"FW",0.751
7704,"Bologna","Alex Ferrari","Right Back",0.883,1327.8,45.683,35.923,5.626,0.271,0,31.721,0.542,0,0.047,2.101,1.22,21.147,5.355,2.508,3.321,3.728,5.219,3.592,1.966,1.423,1.491,31.721,0.786,0.581,18.46,56.59,63.33,29.32,17.47,0.24,0.333,"FB",0.907
7705,"Hellas Verona","Mohamed Salim Fares","Left Back",0.818,574.8,43.998,31.315,10.177,0.939,0.157,28.497,0.626,0,0.017,1.409,1.253,14.875,6.263,2.035,3.601,2.818,2.818,2.192,1.566,0.939,1.566,29.123,0.712,0.889,20.84,56.06,12.46,29.9,11.23,0.246,0.31,"FB",0.818
7707,"Saint-Étienne","François Clerc","Right Back",0.897,904.4,54.134,40.203,8.956,0.597,0.1,27.764,0.498,0,0.012,0.597,0.498,13.534,3.98,0.796,3.483,1.791,4.279,2.786,0.498,0.498,0.299,32.242,0.743,0.833,20.23,56.15,69.48,27.49,10.25,0.225,0.313,"FB",0.978
7721,"Gazélec Ajaccio","John Tshibumbu","Right Center Forward",0.285,1114.5,24.873,16.393,1.938,0.485,0,21.562,2.584,0.242,0.306,0.727,0.323,18.655,3.957,0.485,0.162,1.534,6.46,1.131,2.019,1.777,2.342,49.1,0.659,0.444,15.41,76.69,44.97,23.2,24.46,0.464,0.068,"FW",0.533
7726,"Stade Malherbe Caen","Jeff Louis","Right Midfield",0.444,450.7,23.961,18.969,3.195,0.998,0,27.355,2.596,0.2,0.279,2.596,1.198,22.563,4.593,0.2,0,2.396,2.596,0.998,2.795,1.198,3.594,45.725,0.792,0.462,17.25,73.59,47.71,22.12,19.77,0.426,0.08,"AM_W",0.904
7766,"Lorient","Walid Mesloub","Left Defensive Midfield",0.532,2200.4,67.774,53.99,16.074,2.454,0.164,52.845,0.9,0.041,0.039,1.841,1.063,24.664,5.808,0.491,0.777,1.309,2.7,1.472,1.432,1.513,1.268,64.584,0.797,0.578,22.08,61.57,34.92,21.68,19.88,0.198,0.158,"DM_CM",0.864
7770,"Hellas Verona","Federico Viviani","Right Defensive Midfield",0.544,1666.5,65.402,50.496,22.251,2.052,0.324,45.419,1.728,0.162,0.076,0.756,0.648,20.684,7.453,1.728,1.026,2.376,3.942,2.97,1.944,0.864,0.378,47.094,0.772,0.857,25.77,56.8,42.8,22.55,18.72,0.15,0.235,"DM_CM",1
7771,"Chievo","Dario Dainelli","Right Center Back",0.862,1439,36.274,28.394,10.82,0.188,0,22.89,0.125,0.063,0.022,0.125,0.063,7.943,5.441,1.751,4.691,1.313,2.439,1.251,1.251,0.313,0.125,21.827,0.783,0.5,24.87,39.83,49.59,20.15,15.5,0.032,0.51,"CB",1
7775,"Bologna","Emanuele Giaccherini","Left Wing",0.717,2254,45.439,33.54,8.265,1.717,0,40.528,1.837,0.28,0.141,2.955,1.398,14.454,4.472,0.679,0.679,1.078,1.717,0.639,0.719,2.595,2.276,57.937,0.738,0.473,18.85,73.92,24.98,24.37,20.93,0.431,0.095,"AM_W",0.939
7776,"Lazio","Antonio Candreva","Right Wing",0.727,2258.2,50.457,34.555,9.167,1.315,0.12,47.747,3.587,0.399,0.456,3.069,1.355,10.92,5.341,0.598,0.399,1.355,0.877,0.518,0.518,2.112,2.272,63.211,0.685,0.442,18.9,77.28,57.12,24.79,23.38,0.476,0.079,"AM_W",0.985
7777,"Fiorentina","Federico Bernardeschi","Right Wing Back",0.321,2361.1,41.738,32.247,7.623,1.334,0.152,43.53,2.058,0.076,0.112,3.85,2.058,19.059,6.594,0.762,0.534,2.135,2.516,1.067,1.487,2.706,2.706,50.429,0.773,0.535,19.41,68.99,52.5,25.91,23.29,0.368,0.142,"FB",0.539
7778,"Lazio","Ştefan Daniel Radu","Left Back",0.936,1138.4,60.164,49.57,7.432,1.107,0.079,41.19,0.553,0,0.018,1.265,0.87,11.147,5.613,1.265,2.451,1.423,2.372,1.107,1.423,0.474,0.791,41.981,0.824,0.688,19.03,57.46,13.75,23,11.53,0.169,0.221,"FB",0.936
7780,"Liverpool","Lucas Pezzini Leiva","Center Defensive Midfield",0.308,2050.2,64.882,54.39,12.028,0.878,0.044,44.908,0.439,0,0.024,0.878,0.702,23.178,5.795,1.405,2.853,2.985,6.453,4.302,2.634,0.571,0.702,48.727,0.838,0.8,21.49,53.11,40.77,20.64,18.38,0.099,0.26,"DM_CM",0.848
7781,"Espanyol","Felipe Salvador Caicedo Corozo","Center Forward",0.749,2205.9,21.216,15.627,1.428,0.571,0,20.196,1.714,0.326,0.303,2.734,1.55,12.852,1.836,0.245,0.571,1.224,6.936,0.775,2.244,1.55,2.652,42.269,0.737,0.567,13.85,77.88,43.16,20.79,19.32,0.446,0.029,"FW",0.994
7782,"RC Deportivo La Coruña","Luis Alberto Romero Alconchel","Center Attacking Midfield",0.411,2163.7,33.027,21.422,4.492,1.123,0.25,36.271,3.286,0.25,0.274,2.995,1.539,15.765,4.617,0.582,0.499,1.456,3.993,1.581,0.582,2.371,2.87,46.587,0.649,0.514,16.94,78.85,28.87,23.03,21.23,0.527,0.065,"AM_W",0.836
7785,"Lazio","Senad Lulić","Left Back",0.688,2457.5,56.618,42.884,11.426,1.209,0.11,45.375,0.696,0.11,0.052,2.71,1.355,19.043,8.093,1.209,1.062,1.758,4.724,3.076,1.831,1.904,2.49,49.147,0.757,0.5,21.14,62.25,17.7,26.3,14.77,0.274,0.213,"FB",0.688
7788,"Torino","Ciro Immobile","Left Center Forward",0.726,1030.8,23.837,15.629,3.231,1.659,0.175,28.465,3.231,0.437,0.499,2.969,1.397,15.717,4.366,0.175,0.262,0.96,2.358,0.786,1.834,1.834,4.191,50.032,0.656,0.471,17.49,80.34,35.4,24.28,20.6,0.541,0.055,"FW",0.928
7791,"Bastia","Seko Fofana","Left Defensive Midfield",0.478,2351.8,43.281,37.12,6.352,0.497,0.077,42.095,1.263,0.038,0.07,2.794,1.607,18.943,7.08,0.918,0.804,1.646,2.755,1.454,1.837,2.181,1.492,44.965,0.858,0.575,18.86,58.19,32.63,20.53,18.15,0.152,0.199,"DM_CM",0.924
7792,"Palermo","Giuseppe Pezzella","Left Back",0.486,619.7,41.823,27.882,8.423,0.581,0,30.061,0.29,0,0.006,2.033,1.452,14.377,4.937,1.307,3.05,3.05,3.485,2.469,0.726,1.307,1.017,31.513,0.667,0.714,19.88,59.42,10.9,28.98,9.13,0.267,0.256,"FB",0.96
7793,"Carpi","Kevin Lasagna","Center Attacking Midfield",0.325,1631.9,20.736,12.795,2.151,1.103,0.055,17.703,2.316,0.276,0.224,1.434,0.551,19.633,2.702,0.165,1.103,1.71,7.445,0.827,2.371,1.544,4.246,56.749,0.617,0.385,16.18,80.99,40.53,22.34,19.76,0.545,0.047,"AM_W",0.648
7796,"Udinese","Silvan Widmer","Right Wing Back",0.86,1997.7,40.771,26.535,7.208,0.676,0.09,26.67,1.036,0,0.099,1.667,0.811,19.372,4.37,0.811,2.162,2.658,3.874,1.712,1.577,0.631,1.442,35.5,0.651,0.486,19.9,65.77,68.39,30.21,10.74,0.369,0.224,"FB",0.971
7797,"Valencia","Rodrigo Javier De Paul","Left Wing",0.421,538.1,46.669,32.451,13.382,3.011,0,46.167,1.673,0,0.087,4.851,2.342,23.752,5.687,1.338,0.502,1.84,2.844,1.84,1.505,2.007,1.171,50.014,0.695,0.483,22.6,68.72,23.59,22.89,18.76,0.319,0.094,"AM_W",0.576
7799,"Udinese","Danilo Larangeira","Center Back",0.782,3193.5,34.467,25.984,11.752,0.056,0,19.897,0.395,0,0.025,0.085,0.085,10.85,3.466,1.099,5.439,2.339,2.621,0.986,1.353,0.197,0.113,20.15,0.754,1,26.81,38.15,41.76,19.99,17.31,0.026,0.551,"CB",1
7803,"Chievo","Albano Benjamín Bizzarri","Goalkeeper",1,3285.2,30.108,16.3,23.862,0,0,11.04,0,0,0,0.055,0.055,0.137,4.931,0,0,0,0,0,0,0,0,9.068,0.541,1,48.96,9.24,40.76,7.34,8.21,0,0.993,"GK",1
7805,"Udinese","Stipe Perica","Right Center Forward",0.48,489.1,16.744,11.224,0.184,0.552,0,20.425,2.944,0.368,0.221,3.68,1.84,18.585,3.312,0.368,0.552,2.208,6.992,0.184,2.576,2.76,4.416,56.122,0.67,0.5,12.19,82.92,42.93,21.89,21.61,0.56,0.028,"FW",1
7808,"Gazélec Ajaccio","Roderic Filippi","Right Center Back",0.987,2041.9,34.601,27.416,10.975,0.176,0,21.818,0.661,0.088,0.049,0.132,0.132,11.504,4.099,2.292,6.347,1.763,4.849,2.512,1.366,0.088,0.264,21.995,0.792,1,26.88,40.19,52.67,21.69,14.78,0.046,0.537,"CB",1
7815,"Stade de Reims","Antoine Devaux","Right Defensive Midfield",0.325,2952.6,42.613,34.444,6.127,0.61,0.03,33.713,0.701,0.03,0.059,0.701,0.579,21.063,6.188,1.006,1.158,2.012,4.267,2.469,1.646,1.097,1.402,40.967,0.808,0.826,18.79,60.53,44.79,21.6,21.15,0.178,0.169,"DM_CM",0.843
7817,"Stade de Reims","Frédéric Bulot","Right Wing",0.338,1064.1,44.402,33.154,6.343,1.015,0,37.298,1.692,0.085,0.086,1.607,1.015,8.373,4.736,0.338,0.338,1.099,2.453,0.93,0.677,1.438,2.368,53.029,0.747,0.632,16.85,71.28,46.67,25,27.74,0.36,0.121,"AM_W",0.948
7852,"Genoa","Tim Matavž","Left Center Forward",0.656,482.4,19.592,11.755,1.866,0.746,0,15.114,1.866,0,0.144,0.56,0.56,20.898,2.612,0,0.373,0.933,8.77,0.373,2.799,1.866,3.172,59.521,0.6,1,14.84,79.07,35.85,20.96,20.52,0.48,0.031,"FW",0.973
7857,"Olympique de Marseille","Brice Dja Djédjé","Right Back",0.98,1290.2,67.035,53.921,9.347,0.488,0,51.061,0.628,0,0.029,1.883,1.046,9.347,5.929,1.395,2.302,1.535,2.651,1.395,1.325,1.535,1.186,50.643,0.804,0.556,17.66,60.7,69.19,27.74,10.1,0.262,0.236,"FB",1
7900,"Rayo Vallecano","Tiago Manuel Dias Correia","Left Wing",0.54,2301,32.933,20.534,6.258,0.939,0.235,34.693,3.129,0.117,0.096,4.342,2.347,12.516,5.398,0.978,1.486,2.073,3.559,1.33,1.447,2.464,3.207,43.259,0.624,0.541,19.88,71.79,23.63,27.29,24.73,0.427,0.14,"AM_W",0.869
7905,"Las Palmas","Raúl Lizoáin Cruz","Goalkeeper",1,731.3,36.304,21.29,23.751,0,0,15.752,0,0,0,0,0,0.123,5.661,0,0,0,0,0,0,0,0,14.275,0.586,0,43.27,8.79,39.43,5.91,7.47,0,0.995,"GK",1
7906,"Las Palmas","David Simón Rodríguez Santana","Right Back",0.769,2349.5,54.049,42.404,5.516,0.728,0.077,36.237,0.46,0.038,0.043,1.762,0.766,14.594,4.558,1.264,1.762,1.954,3.447,1.877,1.877,1.379,1.532,41.638,0.785,0.435,17.55,63.03,69.11,27.66,9.93,0.3,0.213,"FB",0.995
7907,"Las Palmas","Pedro Bigas Rigo","Left Center Back",0.982,2436.6,47.426,39.669,10.305,0.185,0,34.314,0.554,0.111,0.04,0.776,0.591,8.975,2.844,2.696,6.058,1.884,3.398,1.884,0.923,0.148,0.443,36.493,0.836,0.762,22.43,39.02,23.88,20.16,12.71,0.041,0.562,"CB",0.995
7948,"Sevilla","Marco Andreolli","Right Center Back",0.838,572.9,32.364,27.18,8.013,0.314,0,19.01,0.471,0,0.053,0,0,6.441,2.671,1.1,2.828,2.2,1.885,1.1,0.786,0.157,0,19.01,0.84,0,24.9,36.31,50.49,19.14,16.63,0.03,0.59,"CB",1
7949,"Hellas Verona","Artur Ioniţă","Right Defensive Midfield",0.344,2478.2,31.341,24.877,3.269,0.69,0.073,24.223,1.453,0.145,0.106,1.198,0.654,30.978,4.83,1.126,1.162,2.433,5.738,3.196,2.47,1.562,1.235,35.336,0.794,0.545,16.57,64.81,47.44,24.84,19.94,0.269,0.165,"DM_CM",0.683
7952,"Juventus","Simone Padoin","Right Back",0.466,615.3,42.711,37.153,4.827,0.731,0,31.887,0.585,0.146,0.046,0.293,0.146,12.14,3.072,0.585,2.34,2.048,2.633,1.463,1.024,0.293,0.878,38.762,0.87,0.5,18.09,61.84,56.88,24.8,21.45,0.243,0.182,"FB",0.563
7962,"Sampdoria","Andrea Ranocchia","Center Back",0.795,1260.4,38.202,31.204,10.854,0.071,0,24.921,0.643,0,0.07,0.286,0.214,9.354,2.856,1.071,4.57,2.214,3.07,1.642,1.5,0.143,0.143,27.777,0.817,0.75,24.69,39.75,44.1,20.48,15.54,0.04,0.549,"CB",1
7966,"Hellas Verona","Filip Helander","Left Center Back",0.999,1955.3,33.14,26.834,7.549,0,0,19.884,0.276,0.092,0.028,0,0,11.231,2.209,0.598,4.879,2.439,3.176,1.611,0.921,0.184,0.23,23.566,0.81,0,23.09,39.77,26.23,20.32,12.82,0.033,0.505,"CB",0.999
8061,"Newcastle United","Siem Stefan de Jong","Center Attacking Midfield",0.598,510.5,35.26,26.974,2.997,0.176,0.176,22.39,1.41,0,0.133,1.41,0.705,19.04,4.76,0.353,0.705,2.116,6.347,2.644,1.587,2.116,1.41,42.135,0.765,0.5,13.83,70.07,43.71,24.94,20.95,0.371,0.113,"AM_W",0.61
8093,"Sassuolo","Diego Falcinelli","Center Forward",0.926,1188.1,16.969,13.03,1.136,1.136,0.076,20.529,1.894,0.152,0.207,1.288,0.758,24.62,2.576,0.152,0.303,1.364,6.969,0.909,2.5,2.651,3.333,52.649,0.768,0.588,13.44,80.75,40.84,21.38,18.7,0.513,0.023,"FW",0.976
8102,"Palermo","Edoardo Goldaniga","Right Center Back",0.951,1268.2,25.76,17.528,8.232,0.142,0,16.251,0.426,0.142,0.075,0.142,0.071,10.006,3.548,2.413,6.316,1.987,3.548,1.632,1.632,0.355,0.213,16.606,0.68,0.5,26.19,38.03,53.63,23.83,14.78,0.067,0.595,"CB",0.987
8103,"Bologna","Mattia Destro","Center Forward",0.905,2224.7,16.708,10.518,1.861,0.364,0.081,18.407,2.711,0.324,0.373,2.427,0.728,15.859,2.387,0.081,1.173,1.254,6.109,0.566,1.942,2.306,4.126,56.921,0.63,0.3,15.8,77.76,37.78,23.17,19.75,0.467,0.054,"FW",1
8104,"AS Roma","Vassilis Torosidis","Right Back",0.73,615.6,54.089,44.295,6.871,0.585,0,33.915,0.292,0,0.017,0.585,0.292,10.087,2.485,0.585,3.947,2.778,1.608,0.877,2.193,0.292,1.023,39.909,0.819,0.5,18.45,56.17,52.7,24.83,27.08,0.186,0.257,"FB",1
8167,"Las Palmas","Sergio Ezequiel Araújo","Center Forward",0.611,1898.9,24.835,18.01,1.991,0.758,0.142,25.546,2.891,0.237,0.328,2.465,1.232,13.271,3.744,0.332,0.853,1.659,6.446,1.09,2.038,2.559,3.081,48.201,0.725,0.5,14.11,78.31,33.98,21.64,19.67,0.495,0.048,"FW",0.952
8172,"Lazio","Felipe Anderson Pereira Gomes","Right Wing",0.462,2176.2,44.211,29.86,7.858,0.951,0.165,45.907,2.068,0.29,0.207,5.542,2.606,22.209,6.7,1.117,0.662,1.737,4.094,2.812,1.448,2.936,3.515,55.957,0.675,0.47,18.82,71.62,45.68,24.83,26.78,0.394,0.12,"AM_W",0.992
8173,"Lazio","Marco Parolo","Left Center Midfield",0.526,2679,40.918,32.116,7.324,1.041,0,30.168,1.881,0.101,0.172,0.504,0.336,24.39,4.199,1.075,2.15,3.225,5.409,2.385,1.982,0.638,1.377,43.102,0.785,0.667,20.01,65.45,33.34,24.32,19.95,0.266,0.147,"DM_CM",0.997
8180,"Genoa","Leonardo Pavoletti","Center Forward",0.668,2098.1,19.303,13.598,1.759,0.772,0.129,14.885,2.874,0.601,0.46,0.558,0.3,13.77,2.273,0.043,0.558,0.987,7.292,0.729,3.003,1.673,3.003,53.749,0.704,0.538,14.61,78.12,35.87,22.85,16.93,0.456,0.053,"FW",1
8184,"Atalanta","Marco D''Alessandro","Right Wing",0.735,1231,27.27,18.936,3.802,1.024,0.146,31.657,1.024,0.219,0.152,4.021,2.12,16.304,4.825,0.439,1.097,1.828,3.729,2.193,1.316,2.047,2.486,44.012,0.694,0.527,16.81,74.22,56.75,26.19,23.28,0.451,0.108,"AM_W",0.938
8187,"Empoli","Marcel Büchel","Left Center Midfield",0.949,1641.5,48.577,39.092,6.305,1.042,0.055,40.408,1.974,0.11,0.064,1.59,0.987,20.889,5.592,1.809,1.261,3.235,3.399,1.919,2.741,1.48,1.48,48.906,0.805,0.621,17.18,61.95,25.13,23.45,17.58,0.235,0.189,"DM_CM",0.999
8190,"Lazio","Patricio Gabarrón Gil","Right Back",0.95,652.9,62.587,51.283,8.547,0.414,0,40.392,0.414,0,0.006,0.551,0.276,16.956,5.514,1.241,2.481,3.584,3.446,1.241,1.516,0.551,0.689,46.596,0.819,0.5,18.75,55.3,65.23,26.7,14.68,0.18,0.29,"FB",0.985
8191,"Udinese","Ali Adnan Kadhim Al Tameemi","Left Wing Back",0.736,1983.7,45.461,29.354,8.303,0.862,0.045,30.353,1.044,0.045,0.021,2.178,1.497,15.743,5.036,1.406,2.677,2.858,4.31,2.994,1.769,1.588,1.044,35.026,0.646,0.688,20.2,63.24,10.4,30.21,9.29,0.336,0.263,"FB",0.996
8193,"Torino","Maximiliano Gastón López","Right Center Forward",0.498,1190.2,15.88,10.057,2.042,0.756,0.151,17.468,1.966,0.302,0.406,1.286,0.983,15.426,2.949,0.151,0.151,0.605,5.369,0.907,4.31,1.966,2.798,44.313,0.633,0.765,15.46,80.62,38.21,22.41,16.15,0.521,0.034,"FW",0.999
8194,"Napoli","Mirko Valdifiori","Center Defensive Midfield",1,469.1,89.028,73.678,18.42,2.302,0,57.177,0.192,0,0.004,0.767,0.384,16.501,4.989,0,0.767,1.535,2.686,2.111,2.111,0.576,0.384,73.678,0.828,0.5,20.95,60.07,38.41,19.85,20.69,0.11,0.161,"DM_CM",1
8234,"Málaga","Ignacio Camacho Barnola","Right Defensive Midfield",0.493,2081.2,50.465,37.362,8.216,0.432,0.043,34.811,1.038,0.086,0.083,0.778,0.649,19.114,6.184,2.768,2.724,1.73,5.968,2.941,2.465,0.778,0.778,37.103,0.74,0.833,18.99,57.38,41.69,22.39,21.64,0.15,0.205,"DM_CM",0.989
8251,"Stoke City","Marco van Ginkel","Right Defensive Midfield",0.407,797.4,43.678,34.762,7.223,0.564,0,31.15,1.129,0,0.059,1.016,0.564,24.604,4.289,1.467,2.709,2.032,4.966,3.16,2.144,0.79,1.58,42.21,0.796,0.556,19.39,59.95,39.94,22.87,21.58,0.189,0.192,"DM_CM",0.829
8272,"Udinese","Cyril Théréau","Left Center Forward",0.564,3054.5,35.77,26.489,2.387,1.355,0.088,30.437,2.239,0.324,0.318,2.151,1.09,16.618,3.3,0.265,0.707,1.326,4.744,0.471,0.943,1.768,2.681,61.257,0.741,0.507,14.43,75.17,36.7,22.12,23.01,0.426,0.063,"FW",0.825
8274,"Hellas Verona","Pierluigi Gollini","Goalkeeper",1,2425,31.287,17.332,23.864,0,0,12.693,0,0,0,0,0,0.186,5.085,0,0,0.037,0,0,0,0,0,10.355,0.554,0,52.27,10.29,40.3,7.29,8.65,0,0.988,"GK",1
8275,"Fiorentina","Davide Astori","Left Center Back",0.934,3029.5,69.457,62.09,12.002,0.149,0,51.722,0.416,0,0.038,0.683,0.594,8.348,4.575,1.485,4.1,1.723,2.495,1.604,1.337,0.059,0.238,55.762,0.894,0.87,21.65,42.7,23.43,19.54,13.24,0.032,0.443,"CB",1
8277,"AS Monaco","Wallace Fortuna dos Santos","Right Center Back",0.644,2369.5,37.793,28.943,10.673,0.114,0,23.967,0.494,0.038,0.037,0.19,0.19,8.204,3.988,1.291,4.786,1.937,2.317,1.064,1.405,0.342,0.304,25.335,0.766,1,25.44,37.5,42.28,19.04,18.69,0.023,0.574,"CB",0.997
8278,"Chievo","Nicolás Federico Spolli","Right Center Back",0.722,817.8,27.952,23.551,5.282,0.11,0,16.067,0.22,0,0.02,0.11,0.11,11.005,1.871,1.431,6.493,1.761,3.742,1.871,2.311,0.22,0.22,18.818,0.843,1,20.67,36.72,44.52,20.87,17.35,0.033,0.604,"CB",1
8280,"Bologna","Godfred Donsah","Right Center Midfield",0.767,1371.9,32.538,22.304,3.805,0.394,0.066,29.652,1.05,0.131,0.054,2.23,1.246,17.712,5.642,1.181,2.69,2.034,4.133,1.771,1.378,1.509,2.821,36.736,0.685,0.559,17.32,64.48,51.4,24.59,19.32,0.275,0.159,"DM_CM",0.999
8284,"Bologna","Amadou Diawara","Center Defensive Midfield",0.813,2937.6,50.919,42.493,10.141,0.643,0.031,39.859,0.613,0,0.015,0.919,0.705,20.925,6.832,1.838,1.593,1.317,2.574,2.083,1.685,0.797,0.398,39.797,0.835,0.767,21.07,55.15,38.88,19.91,17.66,0.113,0.231,"DM_CM",0.967
8291,"Frosinone","Arlind Afrim Ajeti","Right Center Back",0.745,1348.4,21.96,15.686,7.609,0.2,0,12.081,0.601,0.067,0.031,0.067,0.067,9.144,2.336,1.335,7.342,2.737,2.87,1.268,1.402,0.067,0.4,12.882,0.714,1,26.51,38.54,45.08,23.18,16.13,0.066,0.591,"CB",1
8294,"Juventus","Claudio Marchisio","Center Defensive Midfield",0.882,2004.4,67.756,59.18,17.332,0.898,0.09,50.738,1.167,0,0.032,1.033,0.718,15.715,7.229,1.616,1.212,1.841,3.278,2.2,1.572,0.853,0.629,55.408,0.873,0.696,22.9,58.59,39.52,20.52,18.45,0.152,0.178,"DM_CM",1
8296,"Lazio","Alessandro Matri","Center Forward",0.805,874.4,19.041,11.219,2.058,0.618,0.103,20.173,1.235,0.412,0.22,1.338,0.412,9.572,2.161,0.206,0.72,0.926,4.014,0.206,1.75,2.161,2.985,51.977,0.589,0.308,15.61,81.5,39.82,21.79,19.5,0.539,0.03,"FW",0.98
8385,"Bordeaux","Ludovic Lamine Sané","Right Center Back",0.576,1001.7,47.258,39.442,8.625,0.18,0,33.871,0.27,0,0.012,0.18,0.18,10.063,4.852,0.988,4.223,1.438,3.145,1.887,0.809,0.539,0.27,34.141,0.835,1,21.41,44.58,45.15,20.41,18.7,0.048,0.446,"CB",0.821
8419,"Málaga","Duje Čop","Right Center Forward",0.486,2085.8,29.773,20.151,2.157,0.647,0.129,24.38,2.114,0.302,0.363,2.071,0.69,17.001,3.193,0.647,0.259,1.251,4.833,0.949,1.51,1.597,2.632,47.206,0.677,0.333,13.93,76.17,31.08,22.92,20.98,0.449,0.073,"FW",0.884
8420,"Atalanta","Luca Cigarini","Left Center Midfield",0.296,1893.4,61.175,47.438,12.929,1.426,0.095,41.211,2.044,0.095,0.165,0.951,0.618,19.584,6.037,1.046,1.283,1.854,3.422,2.567,2.329,0.998,1.569,56.469,0.775,0.65,20.58,61.79,41.6,23.2,21.31,0.232,0.172,"DM_CM",0.987
8421,"Hellas Verona","Matteo Bianchetti","Right Center Back",0.719,1674,40.484,31.237,9.57,0.215,0,24.839,0.376,0.054,0.067,0.215,0.108,17.204,4.032,1.29,6.022,2.419,4.355,2.742,1.667,0.054,0.43,25.592,0.772,0.5,22.81,40.11,51.2,21.88,18.17,0.047,0.544,"CB",0.858
8423,"Sampdoria","Pedro Miguel Almeida Lopes Pereira","Right Back",0.838,664.9,40.065,31.132,6.226,0.135,0.135,30.32,0.271,0,0.006,2.166,0.812,16.649,4.331,0.812,3.384,3.384,4.467,2.842,1.083,1.624,0.947,31.538,0.777,0.375,20.27,56.16,60.48,29.57,22.2,0.213,0.307,"FB",0.977
8440,"Las Palmas","Aythami Artiles Oliva","Right Center Back",0.622,2812.1,51.719,43.014,12.514,0.128,0.032,34.533,0.288,0,0.042,0.192,0.096,7.457,2.944,1.568,6.433,1.664,3.873,1.536,1.024,0.096,0.128,38.725,0.832,0.5,23.67,39.52,46.5,18.77,17.91,0.026,0.533,"CB",0.99
8443,"Lazio","Dušan Basta","Right Back",1,1897.3,61.95,49.095,9.677,0.474,0,44.02,0.522,0,0.027,1.186,0.522,13.234,6.119,1.138,1.708,1.992,3.083,1.66,1.186,0.996,0.759,46.771,0.792,0.44,19.25,55.95,66.64,25.04,10.96,0.174,0.259,"FB",1
8463,"Hellas Verona","Urby Emanuelson","Left Back",0.405,656.1,50.207,40.193,9.877,1.372,0.137,40.605,1.92,0,0.089,2.058,0.412,16.873,6.859,1.372,0.412,1.646,3.841,3.292,0.96,1.097,1.646,46.778,0.801,0.2,20.14,64.47,16.59,27,15.69,0.311,0.21,"FB",0.441
8469,"Saint-Étienne","Jean-Christophe Bahebeck","Left Wing",0.599,782.3,30.832,19.672,5.062,0.92,0,32.442,3.106,0.115,0.343,2.876,1.496,21.513,5.062,0.575,0.805,2.531,4.717,2.186,1.496,3.451,3.566,47.053,0.638,0.52,16.94,76.23,33.85,24.79,26.88,0.481,0.098,"AM_W",0.997
8510,"Paris Saint-Germain","Jean-Kévin Augustin","Right Wing",0.642,454.7,21.375,18.406,1.385,0.594,0,25.729,1.781,0.198,0.291,2.969,1.188,19.792,3.365,0.792,0.99,1.979,2.573,0.792,1.385,2.573,2.969,43.146,0.861,0.4,14.19,74.84,44.51,24.31,22.91,0.43,0.089,"AM_W",0.798
8515,"Paris Saint-Germain","Benjamin Stambouli","Center Defensive Midfield",0.548,1497.2,79.227,72.495,7.754,0.301,0,62.035,0.18,0,0.02,0.661,0.18,21.881,5.41,1.803,1.262,2.765,4.629,3.066,1.202,1.022,0.781,73.156,0.915,0.273,17.25,53.41,41.47,18.67,17.57,0.081,0.232,"DM_CM",0.997
8522,"Real Sociedad","Armindo Tué Na Bangna","Left Wing",0.577,1526.1,40.044,30.254,3.126,1.297,0.059,47.769,2.831,0.118,0.207,5.838,3.715,16.631,5.721,1.297,0.118,1.003,2.182,0.944,1.121,2.241,3.244,54.374,0.756,0.636,14.96,79.01,29.53,24.42,25.96,0.557,0.092,"AM_W",0.97
8523,"Sevilla","Yevhen Konoplyanka","Left Wing",0.747,1695.3,38.488,25.641,7.273,1.858,0.212,35.303,2.707,0.212,0.194,3.982,2.23,10.405,3.982,1.221,0.212,1.168,2.177,1.168,1.168,1.858,1.38,43.903,0.666,0.56,18.71,75.79,18.87,27.85,17.21,0.471,0.125,"AM_W",0.962
8552,"Palermo","Robin Quaison","Left Wing",0.23,1586.7,31.935,22.689,5.389,1.191,0.113,30.403,1.134,0.057,0.065,2.496,1.645,27.284,3.574,0.511,0.624,2.099,4.878,1.758,2.326,3.176,2.496,48.158,0.71,0.659,18.45,74.41,32.73,24.03,24.72,0.45,0.096,"AM_W",0.413
8572,"Marseille","Karim Rekik","Left Center Back",1,708.1,55.671,49.698,9.914,0.127,0,42.198,0,0,0,0.381,0.254,10.931,4.957,1.271,4.322,2.161,3.432,1.652,1.144,0.127,0.127,43.597,0.893,0.667,21.84,36.61,23.88,17.69,12.69,0.013,0.615,"CB",1
8572,"Olympique de Marseille","Karim Rekik","Left Center Back",1,1409.5,57.786,52.805,8.62,0.319,0.064,45.399,0.319,0.064,0.031,0.064,0.064,9.322,4.342,1.022,3.895,1.788,3.193,1.469,0.766,0.064,0.511,48.591,0.914,1,20.97,40.65,25.06,19.46,11.89,0.031,0.51,"CB",1
8584,"Real Sociedad","Jonathas Cristian de Jesus","Center Forward",0.898,1679.3,19.722,13.934,1.769,0.697,0.107,20.741,3.108,0.375,0.393,2.894,1.501,16.507,2.197,0.429,0.804,1.661,5.734,0.857,2.305,2.197,3.591,47.698,0.707,0.519,14.35,81.84,36.49,22.12,19.98,0.551,0.031,"FW",0.976
8644,"Chievo","Sergio Pellissier","Right Center Forward",0.423,999.2,17.475,12.701,1.351,1.171,0,14.772,1.982,0.45,0.351,0.18,0,14.682,1.892,0,0.721,0.811,4.864,0.27,0.991,1.171,2.972,45.398,0.727,0,14.33,79.52,39.53,22.55,18.59,0.529,0.056,"FW",0.983
8645,"Chievo","Massimo Gobbi","Left Back",0.962,2913.6,52.172,38.674,8.217,0.494,0.031,31.538,0.432,0,0.014,1.143,0.772,14.549,5.406,0.958,2.626,2.008,3.213,1.822,1.575,0.494,0.525,34.442,0.741,0.676,19.29,55.45,11.47,27.69,9.86,0.203,0.304,"FB",0.975
8657,"Atalanta","Andrea Conti","Right Back",0.669,848,45.744,34.494,5.625,0.318,0.106,30.991,0.531,0.212,0.195,1.38,0.637,15.283,6.368,2.653,3.078,2.017,4.67,2.972,1.38,1.486,1.91,35.13,0.754,0.462,17.7,57.16,66.79,28.77,10.79,0.251,0.302,"FB",0.946
8661,"Frosinone","Daniel Pavlovic","Left Back",0.931,2006.8,44.534,28.523,14.127,1.839,0.224,18.432,0.538,0,0.02,0.359,0.179,15.607,3.184,1.166,3.812,2.646,3.364,1.973,1.749,0.224,0.314,23.052,0.64,0.5,24.46,54.99,14.52,30.88,15.17,0.232,0.346,"FB",0.957
8662,"Carpi","Vid Belec","Goalkeeper",1,2832.3,27.105,11.439,22.656,0,0,8.611,0,0,0,0.032,0.032,0.032,5.18,0,0.064,0.032,0,0,0.032,0,0.032,5.497,0.422,1,52.9,9.36,40.66,7.42,8.63,0,0.992,"GK",1
8664,"Empoli","Andrea Costa","Left Center Back",0.865,2186.2,56.975,48.494,8.439,0.041,0,35.98,0.288,0.041,0.033,0.124,0.082,4.693,3.952,1.359,5.187,2.264,2.882,0.618,0.865,0.082,0.206,42.443,0.851,0.667,20.07,41.81,30.34,18.08,14.39,0.018,0.44,"CB",1
8672,"Rennes","Gélson da Conceição Tavares Fernandes","Right Defensive Midfield",0.483,3021.3,46.589,41.018,3.783,0.238,0.03,35.239,0.268,0.03,0.028,0.477,0.357,28.06,5.332,1.043,1.162,2.472,4.915,3.843,2.085,0.804,0.417,38.218,0.88,0.75,17.12,52.72,42.72,18.92,19.16,0.074,0.239,"DM_CM",1
8677,"Toulouse","Marcel Tisserand","Left Center Back",0.613,2978,40.497,30.464,9.852,0.423,0,27.472,0.302,0.03,0.039,0.756,0.332,11.061,5.047,1.209,5.531,1.904,3.959,2.327,1.36,0.544,0.665,27.018,0.752,0.44,23.26,49.68,42.29,26.17,25.18,0.142,0.4,"CB",0.62
8697,"Granada","Andrés Eduardo Fernández Moreno","Goalkeeper",1,3465.1,29.506,16.727,22.415,0.052,0,12.701,0,0,0,0.052,0.026,0.156,5.506,0,0.052,0.052,0.026,0.026,0.026,0,0,8.883,0.567,0.5,49.98,9.42,40.85,6.97,8.37,0,0.99,"GK",1
8724,"Real Sociedad","Carlos Martínez Díez","Right Back",0.979,567,56.028,43.49,8.412,0.794,0.159,36.03,0.476,0,0.031,1.905,1.27,10.317,4.127,2.381,2.381,1.905,4.285,3.016,0.794,0.952,0.794,38.728,0.776,0.667,18.6,61.67,68.87,28.68,10.93,0.294,0.222,"FB",0.979
8793,"Frosinone","Oliver Kragl","Left Wing",0.344,956.4,27.571,16.467,6.116,1.035,0,21.643,2.917,0.094,0.096,1.882,0.753,23.243,4.423,1.317,1.506,2.447,3.952,2.258,2.07,1.317,1.882,34.252,0.597,0.4,20.95,66.07,23.94,27.75,19.83,0.361,0.203,"AM_W",0.722
8801,"Levante UD","Iván López Mendoza","Right Back",0.681,990.9,40.238,28.248,11.899,0.363,0,26.25,0.545,0,0.012,2.18,1.544,11.808,4.178,1.544,2.634,2.362,4.36,3.088,1.726,0.545,0.817,25.341,0.702,0.708,23.94,55.25,67.64,28.48,11.12,0.227,0.328,"FB",1
8818,"Sporting Gijón","Jorge Meré Pérez","Left Center Back",0.91,2246.2,31.614,24.882,8.334,0.04,0,20.234,0.321,0,0.031,0.361,0.321,8.775,3.125,1.883,4.888,1.402,4.488,2.284,0.882,0.28,0.16,20.395,0.787,0.889,24.23,40.55,28.06,19.28,14.77,0.024,0.478,"CB",1
8847,"Lazio","Santiago Juan Gentiletti Selak","Left Center Back",1,1788.6,56.808,48.355,13.334,0,0,40.405,0.503,0,0.039,0.553,0.352,12.63,5.384,1.61,3.17,2.264,4.176,2.365,1.862,0.201,0.403,43.575,0.851,0.636,22.62,39.65,25.54,19.03,14.26,0.024,0.523,"CB",1
8848,"Sassuolo","Paolo Cannavaro","Right Center Back",0.953,2759.9,35.382,28.208,9.457,0.13,0.033,21.751,0.163,0,0.004,0.293,0.228,7.37,3.424,1.174,4.729,1.989,2.315,1.141,0.848,0.196,0.228,23.447,0.797,0.778,24.71,40.48,50.41,20.45,14.11,0.037,0.505,"CB",1
8849,"Bologna","Domenico Maietta","Left Center Back",0.998,1623.9,44.947,38.463,12.082,0.055,0,30.593,0.055,0,0.003,0.61,0.222,13.578,4.378,1.386,5.542,1.829,4.101,2.439,0.887,0.333,0.222,30.205,0.856,0.364,24.16,41.46,26.03,19.06,13.45,0.023,0.466,"CB",1
8851,"Bologna","Saphir Sliti Taïder","Left Center Midfield",0.471,2192.2,44.586,37.155,6.446,0.739,0.041,39.824,1.355,0,0.06,0.821,0.37,23.32,5.83,0.698,1.314,1.437,3.12,2.176,1.642,1.889,1.601,45.531,0.833,0.45,18.2,63.22,40.04,23.66,22.94,0.245,0.17,"DM_CM",0.974
8852,"Udinese","Thomas Heurtaux","Right Center Back",0.962,1118.5,31.299,24.46,6.276,0.08,0,22.288,0.161,0,0.003,0.402,0.161,15.851,2.736,1.448,5.23,2.414,3.058,1.851,1.609,0.402,0.402,23.012,0.781,0.4,22.05,42.18,59.81,21.28,13.39,0.046,0.471,"CB",0.973
8871,"Atalanta","Marco Borriello","Center Forward",0.851,903.6,21.714,17.132,2.191,0.896,0,23.008,2.59,0.398,0.34,1.693,0.896,11.056,3.586,0.1,1.096,1.195,6.972,0.598,2.291,1.892,2.888,61.754,0.789,0.529,16.12,79.85,39.52,22.83,20.05,0.503,0.037,"FW",0.974
8871,"Carpi","Marco Borriello","Center Forward",0.77,793.8,23.468,18.48,3.515,0.68,0.34,28.343,3.288,0.453,0.314,3.628,1.814,13.151,5.329,0.113,1.02,1.134,6.462,1.134,2.267,3.061,3.968,55.893,0.787,0.5,16.8,78.57,40.1,23.51,20.67,0.513,0.064,"FW",0.993
8873,"Bologna","Marios Oikonomou","Right Center Back",0.829,1724.6,39.609,31.207,11.637,0.052,0.052,25.258,0.261,0,0.023,0.209,0.157,10.437,3.705,1.2,5.271,2.975,3.444,2.192,1.096,0,0.104,26.823,0.788,0.75,25.15,40.74,54.61,21.31,14.35,0.035,0.511,"CB",0.901
8874,"AC Milan","Luca Antonelli","Left Back",1,2450.1,57.12,45.328,6.171,0.478,0.037,38.055,0.698,0.11,0.058,1.396,0.771,14.363,4.298,0.992,2.608,2.755,4.445,3.343,0.588,0.551,1.029,42.059,0.794,0.553,17.86,58.16,12.09,27.37,10.51,0.222,0.27,"FB",1
8875,"Sampdoria","Ricardo Gabriel Álvarez","Right Attacking Midfield",0.326,830.8,44.958,35.641,9.208,1.517,0.108,47.774,1.625,0.108,0.097,4.767,3.033,29.791,6.175,1.192,1.083,2.492,4.117,1.842,2.925,3.142,3.142,56.549,0.793,0.636,19.98,69.58,53.83,24.57,20.52,0.349,0.12,"AM_W",0.763
8876,"Napoli","Faouzi Ghoulam","Left Back",1,3027.5,73.01,60.227,7.164,0.832,0.089,51.696,0.654,0,0.012,1.249,0.565,7.372,4.043,1.1,1.962,2.021,2.438,1.486,0.713,0.654,0.832,58.057,0.825,0.452,16.68,62.33,9.91,25.44,8.37,0.249,0.198,"FB",1
8877,"Chievo","Boštjan Cesar","Left Center Back",1,2878.5,35.487,28.515,8.692,0.063,0,20.98,0.469,0.031,0.059,0.156,0.156,10.537,3.471,1.126,5.972,1.938,2.876,1.126,1.532,0.219,0.219,23.512,0.804,1,23.74,40.5,26.82,20.28,13.05,0.035,0.497,"CB",1
9014,"Norwich City","Declan Rudd","Goalkeeper",1,1036.9,28.992,12.933,24.478,0,0,12.76,0,0,0,0,0,0.347,4.687,0,0,0.174,0,0,0.174,0,0,10.85,0.446,0,55.81,8.73,40.81,6.23,8.78,0,0.993,"GK",1
90746,"Gazélec Ajaccio","Alassane Touré","Right Back",0.788,985.4,46.033,34.342,9.134,0.639,0,31.054,0.639,0.091,0.026,2.101,1.461,21.007,5.754,1.553,1.644,1.918,4.475,3.562,2.375,0.913,1.644,29.41,0.746,0.696,21.01,59.97,69.01,28.05,9.82,0.256,0.263,"FB",1
9246,"Rayo Vallecano","Patrick Ebert","Center Attacking Midfield",0.304,585.9,41.779,29.031,5.99,1.229,0,29.491,1.536,0,0.179,1.229,0.768,16.589,3.994,0.461,0.922,0.768,2.15,0.461,1.843,1.229,1.69,45.159,0.695,0.625,17.87,72.97,41.59,25.34,26.52,0.407,0.083,"AM_W",0.992
9452,"Norwich City","Gary O''Neil","Right Defensive Midfield",0.393,1924.5,45.689,34.326,11.925,0.374,0,32.081,0.514,0,0.032,1.543,1.029,18.005,6.36,1.45,2.479,2.291,4.209,2.666,2.011,0.982,0.701,34.7,0.751,0.667,22.57,58.47,43.72,22.95,20.02,0.177,0.225,"DM_CM",0.98
9461,"Norwich City","Timm Klose","Left Center Back",0.567,889.5,28.634,19.022,9.41,0,0,15.076,0.405,0.101,0.048,0.101,0.101,7.993,2.024,2.631,8.701,2.529,4.553,1.821,0.708,0.101,0.101,16.796,0.664,1,25.97,40.51,37.58,23.13,20.27,0.051,0.514,"CB",1
9462,"Eibar","José Ignacio Peleteiro Ramallo","Right Wing",0.396,721.9,32.416,22.566,6.982,1.745,0,34.66,1.745,0,0.115,6.234,4.114,19.076,6.608,0.748,0,2.743,3.865,1.496,2.868,3.616,2.244,39.647,0.696,0.66,20.45,76.43,46.73,23.47,26,0.432,0.076,"AM_W",0.994
9463,"Norwich City","Alexander Banor Tettey","Right Defensive Midfield",0.426,2035.9,48.495,40.67,7.206,0.265,0,33.907,0.884,0.088,0.038,1.061,0.84,15.693,6.012,0.707,2.962,1.459,3.404,2.255,2.078,0.796,0.442,34.614,0.839,0.792,19.06,55.68,43.87,20.24,18.65,0.119,0.227,"DM_CM",1
9467,"Newcastle United","Timothy Michael Krul","Goalkeeper",1,755.5,33.476,19.657,24.899,0,0,13.819,0,0,0,0,0,0.596,4.289,0,0.119,0.119,0,0,0,0,0,12.985,0.587,0,49.43,9.25,39.96,7.48,8.7,0,0.99,"GK",1
9485,"West Bromwich Albion","Craig Gardner","Left Midfield",0.239,2137.1,31.375,17.688,9.223,0.969,0.126,20.593,2.106,0.126,0.164,0.926,0.379,21.52,4.043,0.842,1.348,2.653,5.138,2.4,2.021,0.842,1.642,32.175,0.564,0.409,22.36,68.87,39.89,27.56,24.57,0.388,0.17,"AM_W",0.724
9528,"Everton","Steven Naismith","Left Wing",0.722,478.2,33.689,25.408,2.258,1.317,0,31.995,1.882,0.565,0.233,2.635,1.317,19.197,4.517,0.376,1.317,3.199,6.211,2.823,3.388,1.882,2.447,44.417,0.754,0.5,15.45,71.94,25.62,25.32,17.72,0.427,0.107,"AM_W",0.792
9528,"Norwich City","Steven Naismith","Center Attacking Midfield",0.682,888.4,33.126,23.908,1.216,1.114,0.101,25.63,1.621,0.101,0.2,1.722,0.405,19.653,2.837,1.216,0.203,1.621,5.774,1.013,1.317,1.823,1.925,59.972,0.722,0.235,13.23,77.37,35.9,22.86,22.18,0.479,0.063,"AM_W",0.955
9533,"Aston Villa","Leandro Bacuna","Right Back",0.272,2527.4,49.461,36.82,12.143,0.605,0,37.212,1.139,0.036,0.053,1.852,1.033,14.813,4.594,1.033,2.35,1.959,3.24,2.101,1.424,0.89,0.783,40.274,0.744,0.558,22.37,58.82,50.16,26.23,25.13,0.231,0.247,"FB",0.453
9536,"Swansea City","Modou Barrow","Right Wing",0.569,862.4,24.524,17.949,2.609,1.252,0.313,32.976,1.252,0.104,0.067,5.322,3.131,20.767,4.279,0.835,0.522,3.131,4.8,1.983,0.313,3.339,2.191,42.368,0.732,0.588,16.12,76.9,62.2,25.95,18.75,0.491,0.101,"AM_W",0.892
9539,"Sunderland","Vito Mannone","Goalkeeper",1,1796.7,31.708,13.875,26.949,0,0,12.823,0,0,0,0,0,0.1,5.56,0,0,0,0,0,0,0,0,9.217,0.438,0,57.35,10.01,40.63,8.37,8.76,0.001,0.986,"GK",1
9554,"Olympique de Marseille","Steven Fletcher","Center Forward",0.45,503.8,31.266,22.511,2.501,1.429,0,24.655,3.037,0.357,0.474,1.787,1.072,19.295,2.501,0.536,0.893,1.787,5.717,0.893,1.787,0.893,1.965,57.171,0.72,0.6,14.65,78,43.05,22.82,17.94,0.455,0.041,"FW",0.602
9554,"Sunderland","Steven Fletcher","Center Forward",0.665,1041.7,25.402,16.07,2.333,0.864,0,19.786,1.987,0.346,0.195,2.246,1.21,12.355,2.333,0.086,0.346,0.864,10.195,0.864,1.555,2.16,3.802,53.914,0.633,0.538,14.91,78.12,42.78,20.77,20.6,0.479,0.028,"FW",0.938
95699,"Stade de Reims","Alexi Peuget","Left Defensive Midfield",0.395,690.9,52.232,40.119,10.681,0.521,0,34.257,0.782,0,0.028,0.521,0.391,25.009,5.34,1.563,2.345,3.387,5.992,3.777,2.345,0.782,1.172,39.337,0.768,0.75,21.12,52.91,38.18,21,19.16,0.103,0.262,"DM_CM",1
9578,"Norwich City","Jonathan Howson","Left Center Midfield",0.309,3088.6,38.989,29.11,6.061,0.787,0.117,30.159,1.02,0.087,0.069,1.544,0.962,18.97,4.925,1.107,2.098,2.069,4.721,2.389,0.991,1.253,0.962,36.366,0.747,0.623,18.86,65.04,39.59,25.73,22.47,0.308,0.178,"DM_CM",0.561
9593,"AFC Bournemouth","Lewis Grabban","Center Attacking Midfield",0.314,624.6,36.025,30.117,3.026,0.432,0,36.601,2.161,0,0.21,3.17,1.441,24.929,4.179,0.576,0.288,1.297,3.17,1.153,1.009,3.458,3.17,54.758,0.836,0.455,15.26,75.55,41.69,23,24.17,0.434,0.066,"AM_W",0.561
9625,"Stoke City","Glenn Whelan","Right Defensive Midfield",0.496,3286.3,55.786,48.063,10.407,0.575,0.027,42.585,0.301,0,0.006,0.63,0.493,15.555,6.764,1.643,2.876,2.383,3.067,2.191,0.822,0.602,0.411,43.243,0.862,0.783,21.01,52.76,41.26,20.54,17.73,0.093,0.265,"DM_CM",1
9626,"AFC Bournemouth","Tommy Elphick","Right Center Back",1,1068.8,38.905,31.747,7.832,0.084,0,24.505,0.421,0.084,0.036,0,0,5.305,2.358,1.347,4.463,0.505,2.863,1.179,0.842,0.168,0.168,28.884,0.816,0,21.63,40.73,56.28,19.89,13.35,0.03,0.488,"CB",1
9627,"Swansea City","Neil Taylor","Left Back",1,3091.1,47.721,37.618,7.163,0.437,0.029,31.183,0.262,0,0.005,0.844,0.349,10.103,3.232,0.961,2.679,2.358,2.679,1.339,1.136,0.699,0.611,35.259,0.788,0.414,18.82,60.77,10.58,26.87,9.26,0.249,0.224,"FB",1
9628,"West Bromwich Albion","James Grant Chester","Left Back",0.654,1010.7,35.976,26.626,6.946,0.356,0,19.413,0,0,0,0.623,0.356,14.159,2.939,1.336,5.788,2.671,5.432,3.295,1.069,0.534,0.623,20.837,0.74,0.571,20.98,53.66,31.7,28.32,28.01,0.208,0.35,"FB",0.973
9638,"Aston Villa","Jack Grealish","Center Attacking Midfield",0.548,882.2,34.889,27.442,4.183,1.122,0,38.562,1.632,0.102,0.072,3.367,1.938,12.548,6.631,0.306,0.306,1.122,2.244,0.408,0.612,3.367,2.142,45.907,0.787,0.576,16.29,71.71,28.42,24.33,21.41,0.413,0.107,"AM_W",0.938
9642,"Aston Villa","Alan Hutton","Right Back",0.838,2465,44.982,31.984,8.106,0.84,0.037,29.392,0.402,0,0.02,0.876,0.402,12.049,3.651,0.913,2.519,2.811,3.03,2.191,1.095,0.621,0.876,33.225,0.711,0.458,20.3,62.7,68.8,29.28,9.7,0.319,0.236,"FB",1
9649,"Newcastle United","Jack Colback","Left Defensive Midfield",0.455,2469.1,42.83,35.175,9.04,0.62,0.036,29.525,0.583,0.036,0.037,0.729,0.51,21.542,5.358,1.567,2.151,1.786,4.52,3.353,2.333,0.948,0.328,31.603,0.821,0.7,20.59,54.16,35.98,25.06,21.72,0.155,0.295,"DM_CM",0.859
9884,"Sampdoria","Niklas Moisander","Left Center Back",0.619,1869,41.556,35.489,9.245,0.241,0,28.17,0.096,0,0.005,0.241,0.241,9.39,3.371,0.915,5.441,2.022,2.697,1.396,0.963,0.048,0.193,30.192,0.854,1,22.16,40.98,33.63,19.94,19.48,0.029,0.481,"CB",0.999
9887,"Hellas Verona","Rafael de Andrade Bittencourt Pinheiro","Goalkeeper",1,1125.8,25.022,15.109,19.266,0.08,0,6.875,0,0,0,0,0,0,4.317,0,0,0,0,0,0.08,0,0.08,5.516,0.604,0,48.02,8.12,40.29,5.84,7.53,0,0.993,"GK",1
9898,"Frosinone","Aleksandar Tonev","Right Wing",0.429,1137.9,21.355,13.525,3.796,0.791,0.079,23.095,2.531,0,0.077,1.661,1.028,15.977,4.271,0.554,0.712,1.028,3.401,1.582,1.107,1.582,1.977,31.479,0.633,0.619,18.44,72.44,52.16,26.4,22.88,0.454,0.133,"AM_W",0.879
9903,"Frosinone","Yussif Raman Chibsah","Right Defensive Midfield",0.369,1253.9,31.294,23.829,4.809,0.933,0.144,30.146,0.79,0,0.025,2.081,1.148,22.107,7.823,0.933,1.723,1.938,3.661,2.01,1.579,2.369,1.938,31.294,0.761,0.552,19.46,58.26,44.49,23.17,18.33,0.187,0.233,"DM_CM",1
9930,"Norwich City","Ryan Bennett","Right Center Back",0.971,1923.1,28.361,20.92,9.407,0.187,0,14.087,0.421,0,0.039,0.047,0.047,5.616,1.31,1.03,7.207,1.498,3.042,1.076,0.749,0,0.094,18.065,0.738,1,26.74,39.9,52.07,21.64,13.65,0.045,0.535,"CB",0.998
9931,"AS Monaco","Hélder Wander Sousa Azevedo Costa","Left Wing",0.677,1341.7,24.551,16.569,2.951,0.738,0.134,28.911,1.61,0.201,0.238,3.22,1.14,25.691,5.098,0.939,0.738,2.683,6.104,2.012,2.214,2.683,3.488,44.272,0.675,0.354,15.85,72.86,23.43,26.64,22.13,0.435,0.132,"AM_W",0.988
9939,"Lazio","Maurício dos Santos Nascimento","Right Center Back",0.922,2038,45.22,36.918,9.804,0.044,0,27.953,0.442,0,0.035,0.221,0.177,12.497,3.135,1.369,5.653,1.766,4.239,2.296,2.252,0,0.088,30.868,0.816,0.8,22.04,40.83,51.77,20.07,16.04,0.026,0.488,"CB",0.985
9940,"Genoa","Armando Izzo","Right Center Back",0.419,2865.6,45.51,36.339,8.323,0.283,0.031,31.722,0.471,0,0.029,0.785,0.471,13.097,4.491,2.324,4.617,2.324,3.832,2.324,1.539,0.597,0.314,32.35,0.798,0.6,21.24,48.33,43.32,25.2,24.99,0.11,0.399,"CB",0.831
